1753302149360023 23.440724172648686 -1.97003173828125 0.030973615124821663 -0.07600367963314056 0.9731523394584657 55 0.983 0.514 0.503 0.515 39.7270418 32.4175871 0.17329561710357666 24.743288040161133
1753302149362032 23.440724172648686 -1.97003173828125 0.030973615124821663 -0.07600367963314056 0.9731523394584657 55 1 0.514 0.503 0.515 39.7270418 32.4175871 0.17329561710357666 24.743288040161133
1753302149623984 23.714324490150585 -1.9200439453125 0.030881300382316113 -0.07382518351078032 0.9761031270027161 55 1 0.516 0.503 0.516 39.7271058 32.4177061 0.22633200883865356 24.719011306762695
1753302149853294 23.318187090649822 -1.8699951171875 0.030286666210740807 -0.07497989013791084 0.9780394434928894 56 1 0.516 0.503 0.516 39.7271058 32.4177061 0.21972694993019104 24.68402671813965
1753302150131915 24.147890833705716 -1.83001708984375 0.029205891860648994 -0.07660849466919899 0.9814797639846802 56 1 0.516 0.504 0.516 39.7271685 32.4178236 0.16677314043045044 24.625822067260742
1753302150362964 23.52269420035685 -1.7900390625 0.02815036143939943 -0.07321761995553969 0.9821605086326599 56 1 0.516 0.504 0.516 39.7271685 32.4178236 0.19136707484722137 24.57040023803711
1753302150631971 23.199220716346 -1.73004150390625 0.026904355543088173 -0.06907398998737334 0.984171450138092 56 1 0.516 0.503 0.516 39.7272305 32.4179406 0.25894227623939514 24.509971618652344
1753302150866046 23.921191048931544 -1.67999267578125 0.02555823411321454 -0.07110290825366973 0.9852540493011475 56 1 0.516 0.503 0.516 39.7272305 32.4179406 0.22400102019309998 24.445892333984375
1753302151130061 23.66552712404292 -1.6300048828125 0.024207311611108298 -0.07271769717335701 0.9865694642066956 56 1 0.516 0.505 0.516 39.7272924 32.4180581 0.18450862169265747 24.38864517211914
1753302151365929 23.607456073445857 -1.59002685546875 0.02290848282268552 -0.07138093113899231 0.9879179000854493 56 0.962 0.516 0.505 0.516 39.7272924 32.4180581 0.19156141579151154 24.3594970703125
1753302151618914 23.007008745578727 -1.530029296875 0.021538380922742857 -0.07058446034789086 0.9879769086837769 56 1 0.516 0.505 0.516 39.7272924 32.4180581 0.2166168987751007 24.343828201293945
1753302151875183 23.624940320709538 -1.48004150390625 0.02022724493983523 -0.06851042881608009 0.9900816679000854 56 0.971 0.515 0.504 0.516 39.7273546 32.4181764 0.2634176015853882 24.319034576416016
1753302151876195 23.624940320709538 -1.48004150390625 0.019047222555218363 -0.06851042881608009 0.9900816679000854 56 1 0.515 0.504 0.516 39.7273546 32.4181764 0.2634176015853882 24.319034576416016
1753302152136368 23.49602334570257 -1.4200439453125 0.01791698293734034 -0.07006518840789795 0.9906001091003418 56 1 0.516 0.506 0.516 39.7274157 32.4182931 0.22921089828014374 24.27208137512207
1753302152358065 22.880187937663734 -1.3699951171875 0.016829463230208515 -0.07144717201590538 0.9903364181518555 56 0.978 0.516 0.506 0.516 39.7274157 32.4182931 0.19676639139652252 24.23308753967285
1753302152360082 22.880187937663734 -1.3699951171875 0.015850695493789875 -0.07144717201590538 0.9903364181518555 56 0.966 0.516 0.506 0.516 39.7274157 32.4182931 0.19676639139652252 24.23308753967285
1753302152629829 23.491307222933678 -1.32000732421875 0.014927596246873467 -0.0692512147128582 0.9909595847129822 56 0.961 0.516 0.504 0.516 39.7274766 32.4184093 0.21004851162433624 24.189271926879883
1753302152851872 23.550421441946376 -1.27001953125 0.0140811059901939 -0.06815100386738777 0.9904319643974304 56 0.953 0.516 0.504 0.516 39.7274766 32.4184093 0.22921429574489594 24.148839950561523
1753302152852243 23.550421441946376 -1.27001953125 0.01331926475918229 -0.06815100386738777 0.9904319643974304 56 0.979 0.516 0.504 0.516 39.7274766 32.4184093 0.22921429574489594 24.148839950561523
1753302152853255 23.550421441946376 -1.27001953125 0.012633607651271842 -0.06815100386738777 0.9904319643974304 56 1 0.516 0.504 0.516 39.7274766 32.4184093 0.22921429574489594 24.148839950561523
1753302153121328 23.467765279882055 -1.22003173828125 0.011821806645821114 -0.06984305381774901 0.9910606741905212 56 1 0.516 0.505 0.516 39.7275376 32.418526 0.1932327002286911 24.115489959716797
1753302153389863 23.162662096857122 -1.17999267578125 0.010990969657686873 -0.0687313325703144 0.9922176599502563 56 0.955 0.516 0.505 0.516 39.7275376 32.418526 0.20622031390666962 24.10764503479004
1753302153392372 23.162662096857122 -1.17999267578125 0.010243216368366054 -0.0687313325703144 0.9922176599502563 56 0.983 0.516 0.505 0.516 39.7275376 32.418526 0.20622031390666962 24.10764503479004
1753302153640174 23.025438723667367 -1.1300048828125 0.009709009429715965 -0.0723066970705986 0.9931018948554993 56 0.973 0.515 0.507 0.516 39.7275992 32.4186437 0.17596252262592316 24.11607551574707
1753302153875736 23.07778884775643 -1.09002685546875 0.00930051235004028 -0.07073779329657555 0.9950767755508423 57 1 0.515 0.507 0.516 39.7275992 32.4186437 0.1895153522491455 24.12183952331543
1753302154135705 22.99559168141813 -1.030029296875 0.008814830505643132 -0.06891185864806175 0.9953193664550781 57 0.989 0.515 0.499 0.516 39.7276598 32.4187603 0.2261592000722885 24.107410430908203
1753302154372375 23.521248007601706 -0.96002197265625 0.008200339942092159 -0.06460786536335945 0.994641661643982 56 1 0.515 0.499 0.516 39.7276598 32.4187603 0.29170432686805725 24.061635971069336
1753302154634410 23.133094692621842 -0.8900146484375 0.007589814248641842 -0.07225274369120598 0.9955644011497498 57 1 0.516 0.508 0.516 39.72772 32.4188757 0.1795860230922699 24.010778427124023
1753302154873164 23.398772734449896 -0.86004638671875 0.0071047766559218 -0.07328356876969337 0.9964596629142761 57 0.977 0.516 0.508 0.516 39.72772 32.4188757 0.11455872654914856 23.97068977355957
1753302155130635 22.663256099493804 -0.84002685546875 0.006636328144071516 -0.0750018000602722 0.9944396615028381 56 0.978 0.515 0.510 0.516 39.7277803 32.4189916 0.08752702921628952 23.93354606628418
1753302155357802 23.135312900854775 -0.82000732421875 0.006077636873787359 -0.07424266636371611 0.9950467348098755 57 1 0.515 0.510 0.516 39.7277803 32.4189916 0.09153030067682266 23.928695678710938
1753302155360369 23.135312900854775 -0.82000732421875 0.005574814730531618 -0.07424266636371611 0.9950467348098755 57 0.999 0.515 0.510 0.516 39.7277803 32.4189916 0.09153030067682266 23.928695678710938
1753302155619777 23.570525344873566 -0.79998779296875 0.005063792173518594 -0.07218140214681625 0.9958588480949402 57 1 0.515 0.510 0.516 39.7277803 32.4189916 0.1310107260942459 23.943687438964844
1753302155884177 22.695297134063647 -0.760009765625 0.004701544612437208 -0.07024455666542054 0.9952542185783386 57 0.995 0.516 0.507 0.516 39.7278412 32.4191084 0.18785534799098969 23.953737258911133
1753302156123859 22.65475670273108 -0.71002197265625 0.004454211731439579 -0.07119737491011618 0.9962347745895386 57 1 0.515 0.505 0.516 39.7279014 32.419224 0.180434450507164 23.941654205322266
1753302156362730 22.474259377483456 -0.6700439453125 0.004239132195802702 -0.06949029937386512 0.9967946410179138 57 0.966 0.515 0.505 0.516 39.7279014 32.419224 0.18358932435512543 23.909584045410156
1753302156640650 23.196417624537286 -0.6199951171875 0.004104610935308493 -0.07045448720455169 0.9962818026542664 57 1 0.516 0.507 0.516 39.7279612 32.4193387 0.1713651716709137 23.871858596801758
1753302156875932 22.652045449428474 -0.59002685546875 0.003909019091389736 -0.07444300577044487 0.9963889122009277 57 1 0.516 0.507 0.516 39.7279612 32.4193387 0.09632294625043869 23.848588943481445
1753302157137104 22.71899730238782 -0.57000732421875 0.003699410832781041 -0.07534040510654448 0.9963999390602112 57 0.989 0.516 0.507 0.516 39.7280211 32.4194536 0.05357664078474045 23.837154388427734
1753302157356891 23.322183632966894 -0.55999755859375 0.0034917345939056077 -0.06843971833586693 0.9958393573760986 57 0.971 0.516 0.507 0.516 39.7280211 32.4194536 0.14399626851081848 23.820144653320312
1753302157620391 22.78018074627314 -0.510009765625 0.0031968617808126806 -0.07061391174793244 0.9963797926902771 57 1 0.516 0.511 0.516 39.7280817 32.4195697 0.16537147760391235 23.82999038696289
1753302157879706 23.514294476310347 -0.489990234375 0.0031024104958820406 -0.07602810338139535 0.9972771406173706 57 0.984 0.516 0.511 0.516 39.7280817 32.4195697 0.06508573889732361 23.85224723815918
1753302158134236 23.343893108456758 -0.47003173828125 0.0031431687662197413 -0.07071082964539527 0.996174156665802 57 1 0.516 0.502 0.516 39.7281421 32.4196857 0.14082559943199158 23.86794662475586
1753302158374342 22.45648134794082 -0.4200439453125 0.0031420687332400616 -0.06863095164299012 0.9969223737716675 57 0.981 0.516 0.502 0.516 39.7281421 32.4196857 0.20287767052650452 23.856359481811523
1753302158640795 23.058597377467347 -0.3800048828125 0.003099806328757012 -0.07610046714544295 0.997666597366333 57 0.998 0.516 0.509 0.516 39.7282018 32.4198004 0.08781535923480988 23.842235565185547
1753302158869869 23.304525764539697 -0.36004638671875 0.002884414309018914 -0.07524794116616249 0.9971641898155212 57 0.970 0.516 0.509 0.516 39.7282018 32.4198004 0.0650373175740242 23.82602882385254
1753302158871904 23.304525764539697 -0.36004638671875 0.0026905614912546257 -0.07524794116616249 0.9971641898155212 57 1 0.516 0.509 0.516 39.7282018 32.4198004 0.0650373175740242 23.82602882385254
1753302159119846 23.21929386030073 -0.33001708984375 0.0024914898854992464 -0.07085769027471543 0.9970061182975769 57 0.952 0.516 0.509 0.516 39.7282018 32.4198004 0.11515134572982788 23.800308227539062
1753302159381686 23.371984077981203 -0.280029296875 0.0023578473410756895 -0.06991673186421393 0.9971944093704224 57 1 0.517 0.502 0.516 39.7282616 32.4199151 0.15725775063037872 23.766258239746094
1753302159615785 22.997946711820063 -0.25 0.0023375754936115303 -0.07875024825334549 0.9974953532218933 57 0.963 0.517 0.502 0.516 39.7282616 32.4199151 0.03138270601630211 23.766939163208008
1753302159870196 22.76778215539957 -0.25 0.002485561176969977 -0.08028523102402688 0.9982558488845825 57 0.958 0.516 0.512 0.516 39.7283219 32.4200309 -0.006970287766307592 23.784957885742188
1753302159871210 22.76778215539957 -0.25 0.00261874829199258 -0.08028523102402688 0.9982558488845825 57 1 0.516 0.512 0.516 39.7283219 32.4200309 -0.006970287766307592 23.784957885742188
1753302160124127 23.375062229807458 -0.239990234375 0.00271080791566232 -0.07488835975527763 0.9984068274497986 57 1 0.515 0.503 0.516 39.7283821 32.4201466 0.08019602298736572 23.8060245513916
1753302160359923 22.49187004427846 -0.21002197265625 0.002783555120499067 -0.07149485647678375 0.9975998997688293 57 0.983 0.515 0.503 0.516 39.7283821 32.4201466 0.15283960103988647 23.79705238342285
1753302160362439 22.49187004427846 -0.21002197265625 0.002849027604852139 -0.07149485647678375 0.9975998997688293 57 0.980 0.515 0.503 0.516 39.7283821 32.4201466 0.15283960103988647 23.79705238342285
1753302160629887 22.605367289220617 -0.17999267578125 0.002689745277030634 -0.07604186162352562 0.998175323009491 57 1 0.517 0.510 0.516 39.7284416 32.4202609 0.08996971696615219 23.77655601501465
1753302160869763 22.990316629683992 -0.1700439453125 0.0023582516818948396 -0.08043997213244437 0.997793436050415 57 1 0.517 0.510 0.516 39.7284416 32.4202609 -0.009640781208872795 23.761581420898438
1753302161131703 23.05415680266012 -0.17999267578125 0.0024559431393928353 -0.07662591934204101 0.9978108406066895 57 1 0.517 0.504 0.516 39.7285012 32.4203752 0.010038509964942932 23.756942749023438
1753302161363634 23.278846786202827 -0.1700439453125 0.002497953553235861 -0.0724662885069847 0.9980835914611816 57 1 0.517 0.504 0.516 39.7285012 32.4203752 0.09266240894794464 23.73859405517578
1753302161649885 22.67250542691167 -0.1500244140625 0.002710072448539435 -0.07619221135973929 0.9994407892227173 57 1 0.516 0.510 0.516 39.7285612 32.4204906 0.05863996967673302 23.735387802124023
1753302161871713 23.210511264638953 -0.1500244140625 0.0030055295868405994 -0.07816802114248275 0.9999415874481201 57 1 0.516 0.510 0.516 39.7285612 32.4204906 0.017344556748867035 23.757661819458008
1753302162129963 22.560973758066705 -0.1400146484375 0.003127984738530751 -0.07716980278491974 0.9998708963394165 57 1 0.516 0.507 0.516 39.7286212 32.4206065 0.04596027359366417 23.784523010253906
1753302162384918 23.337986733293132 -0.1199951171875 0.003092365069067809 -0.0757176823914051 0.9989642500877381 57 0.972 0.516 0.507 0.516 39.7286212 32.4206065 0.06796795129776001 23.7896671295166
1753302162638955 23.414403052768755 -0.10003662109375 0.0030250092630845302 -0.07441949471831323 0.9990053176879883 57 1 0.516 0.507 0.516 39.7286808 32.4207212 0.0850956067442894 23.77891731262207
1753302162862713 22.491183580762776 -0.07000732421875 0.0029874195506657954 -0.07708559483289719 0.999689519405365 57 1 0.516 0.507 0.516 39.7286808 32.4207212 0.05742327496409416 23.764942169189453
1753302163117879 23.35619629664456 -0.05999755859375 0.003056588289930147 -0.07638861835002898 0.9994884133338928 57 1 0.515 0.507 0.516 39.7287403 32.4208357 0.04301857575774193 23.747051239013672
1753302163370962 22.458480982532862 -0.04998779296875 0.0032796058962885045 -0.07675741538405417 1.000773310661316 57 1 0.515 0.507 0.516 39.7287403 32.4208357 0.04298776760697365 23.734647750854492
1753302163626053 22.980098607091247 -0.0400390625 0.0035658872829505955 -0.07924530506134034 1.0000618696212769 57 1 0.515 0.507 0.516 39.7287403 32.4208357 -0.010030622594058514 23.7420654296875
1753302163890087 22.94850221877293 -0.0400390625 0.0035333028843965372 -0.07552992776036262 0.9999151229858398 57 1 0.516 0.507 0.516 39.7288002 32.4209514 0.053038474172353745 23.76683807373047
1753302164145407 22.562678626616492 -0.010009765625 0.0033400230113908268 -0.07564541772007942 1.0019527673721313 57 0.973 0.516 0.510 0.516 39.7288605 32.4210678 0.09783612191677094 23.787614822387695
1753302164368057 22.882134247614136 -0.010009765625 0.003481163885823901 -0.08093522712588311 1.002510666847229 57 1 0.516 0.510 0.516 39.7288605 32.4210678 0.014608017168939114 23.80730438232422
1753302164370160 22.882134247614136 -0.010009765625 0.003608190672813668 -0.08093522712588311 1.002510666847229 57 0.965 0.516 0.510 0.516 39.7288605 32.4210678 0.014608017168939114 23.80730438232422
1753302164621881 23.235349372618476 0.0 0.0037013420471270213 -0.07699731886386871 1.0021082162857056 57 0.983 0.516 0.510 0.516 39.7288605 32.4210678 0.04504308104515076 23.80000114440918
1753302164878167 23.147902103946734 0.010009765625 0.0037485922545539736 -0.07300313636660576 1.002005696296692 57 1 0.517 0.503 0.516 39.72892 32.4211828 0.11041292548179626 23.781536102294922
1753302164879740 23.147902103946734 0.010009765625 0.0037911174412382305 -0.07300313636660576 1.002005696296692 57 0.964 0.517 0.503 0.516 39.72892 32.4211828 0.11041292548179626 23.781536102294922
1753302165132141 22.46821415389523 0.03997802734375 0.003784894147625207 -0.07663427963852883 1.0032105445861816 57 0.967 0.517 0.503 0.516 39.72892 32.4211828 0.06358592957258224 23.757118225097656
1753302165388157 23.098489411888767 0.03997802734375 0.003876612783545828 -0.08075061738491059 1.0024620294570923 57 1 0.516 0.509 0.516 39.7289791 32.4212974 -0.023914260789752007 23.742334365844727
1753302165389742 23.098489411888767 0.03997802734375 0.003959159555874386 -0.08075061738491059 1.0024620294570923 57 0.955 0.516 0.509 0.516 39.7289791 32.4212974 -0.023914260789752007 23.742334365844727
1753302165643796 22.99640436377791 0.03997802734375 0.0038904624364603626 -0.07821703031659125 1.0030217170715332 57 1 0.517 0.507 0.516 39.7290388 32.4214129 0.00808429904282093 23.733003616333008
1753302165865054 22.646285401594493 0.03997802734375 0.00417881678739152 -0.07832433208823203 1.0038444995880127 57 1 0.517 0.507 0.516 39.7290388 32.4214129 0.024074038490653038 23.74961280822754
1753302166151150 22.48632058158689 0.04998779296875 0.004662958554467216 -0.0792730562388897 1.003010630607605 57 0.967 0.522 0.515 0.519 39.7290987 32.4215293 0.02420114353299141 23.773759841918945
1753302166372918 22.498343826469345 0.05999755859375 0.0054492435987657205 -0.07957988381385803 1.0037513971328735 57 1 0.522 0.515 0.519 39.7290987 32.4215293 0.03213350474834442 23.797765731811523
1753302166627349 22.838184769114694 0.0799560546875 -0.0040181779441953395 -0.06873434707522391 0.983195960521698 56 0.958 0.522 0.515 0.519 39.7290987 32.4215293 0.18685026466846466 23.78983497619629
1753302166883729 22.35005631038122 0.17999267578125 -0.04482409688035137 -0.04867042303085327 0.9553077816963196 54 0.968 0.531 0.543 0.523 39.7291584 32.4216439 0.5966464877128601 23.76456069946289
1753302166885965 22.35005631038122 0.17999267578125 -0.0815494239228918 -0.04867042303085327 0.9553077816963196 54 0.983 0.531 0.543 0.523 39.7291584 32.4216439 0.5966464877128601 23.76456069946289
1753302167137398 21.61674661009221 0.3699951171875 -0.12824438034575766 0.01598198190331459 0.9401364326477051 53 1 0.545 0.505 0.530 39.7292269 32.4217493 0.9347473978996277 23.809900283813477
1753302167389963 21.69339255707718 0.67999267578125 -0.16015465574635493 0.06499770134687423 0.8962702751159668 51 0.993 0.545 0.505 0.530 39.7292269 32.4217493 1.7339547872543335 23.821840286254883
1753302167393123 21.69339255707718 0.67999267578125 -0.1888739036068925 0.06499770134687423 0.8962702751159668 51 0.972 0.545 0.505 0.530 39.7292269 32.4217493 1.7339547872543335 23.821840286254883
1753302167643360 22.307848143299964 1.2099609375 -0.20220866202225762 0.06191372722387314 0.8494935631752014 48 0.963 0.508 0.518 0.512 39.7293023 32.4218471 2.1256279945373535 23.75834846496582
1753302167867137 22.43468774110934 1.7099609375 -0.210251093497072 0.03830238282680511 0.8205292820930481 47 0.953 0.508 0.518 0.512 39.7293023 32.4218471 1.8949790000915527 23.711347579956055
1753302167871773 22.43468774110934 1.7099609375 -0.2174892818244049 0.03830238282680511 0.8205292820930481 47 0.966 0.508 0.518 0.512 39.7293023 32.4218471 1.8949790000915527 23.711347579956055
1753302168152689 21.676000458577438 2.17999267578125 -0.2246263708452954 0.03918879590928554 0.7931408882141113 45 1 0.529 0.518 0.522 39.7293811 32.4219412 1.7978171110153198 23.66916275024414
1753302168375156 21.952791956147664 2.65997314453125 -0.23096453122322927 0.07320486307144164 0.7672420740127563 43 1.000 0.529 0.518 0.522 39.7293811 32.4219412 2.272456645965576 23.58159637451172
1753302168628363 22.008703807628894 3.3399658203125 -0.2336313513400421 0.09380935877561568 0.7422777414321899 42 1 0.529 0.518 0.522 39.7293811 32.4219412 2.702314615249634 23.463594436645508
1753302168886067 22.184991100925483 4.0 -0.23205825127502672 0.09172768145799637 0.7199282050132751 41 0.954 0.521 0.513 0.518 39.7294625 32.4220283 2.7252726554870605 23.378551483154297
1753302169139747 21.479201311169714 4.719970703125 -0.2275876456857359 0.09737585186958311 0.6977313756942749 39 1 0.309 0.513 0.413 39.7295446 32.4221104 2.78151535987854 23.281768798828125
1753302169362824 21.70913331979857 5.41998291015625 -0.22243022361641845 0.11065678000450134 0.6784598231315613 38 1 0.309 0.513 0.413 39.7295446 32.4221104 2.999147415161133 23.173616409301758
1753302169634189 21.15894815118308 6.22998046875 -0.24143318628590454 0.10387143194675445 0.6263499855995178 35 1 0.535 0.588 0.525 39.7296295 32.4221872 3.1370654106140137 23.094018936157227
1753302169883198 21.89919863664995 6.969970703125 -0.2938333776174886 0.10855563879013061 0.5876486897468568 33 0.979 0.535 0.588 0.525 39.7296295 32.4221872 2.8861730098724365 23.187301635742188
1753302170152112 21.743037270596922 7.7099609375 -0.35467179655244085 0.1879792273044586 0.4944103360176087 28 1 0.542 0.550 0.529 39.7297266 32.4222426 2.990675926208496 23.54868507385254
1753302170387534 22.168059152578955 8.5799560546875 -0.4023119333911848 0.2749408304691315 0.35709789395332336 20 1 0.542 0.550 0.529 39.7297266 32.4222426 4.3032379150390625 23.824363708496094
1753302170389616 22.168059152578955 8.5799560546875 -0.4451880565460544 0.2749408304691315 0.35709789395332336 20 1 0.542 0.550 0.529 39.7297266 32.4222426 4.3032379150390625 23.824363708496094
1753302170641880 22.52993903107997 9.92999267578125 -0.47341133754039005 0.3129094898700714 0.23605214059352875 13 0.953 0.519 0.454 0.517 39.7298318 32.4222648 5.607882499694824 23.771127700805664
1753302170866407 22.18697646442444 11.28997802734375 -0.4909471774153489 0.2681093156337738 0.1915927678346634 10 0.962 0.519 0.454 0.517 39.7298318 32.4222648 5.324579238891602 23.717199325561523
1753302171124822 21.94312448801114 12.5 -0.5021244082497875 0.17253996580839157 0.1719934344291687 9 1 0.509 0.558 0.513 39.7299368 32.4222773 3.911435127258301 23.769590377807617
1753302171380602 22.628882055664675 13.3399658203125 -0.5131552094501841 0.14058040380477904 0.12976686656475067 7 0.953 0.509 0.558 0.513 39.7299368 32.4222773 3.1624503135681152 23.71854591369629
1753302171635826 22.20500417627797 14.2099609375 -0.5254743761672904 0.18094253838062285 0.05330502986907959 3 1 0.509 0.558 0.513 39.7299368 32.4222773 3.5682532787323 23.533897399902344
1753302171891538 21.868874725680364 15.15997314453125 -0.5345900178123412 0.2178878307342529 -0.014146029949188232 359 0.955 0.541 0.512 0.528 39.7300416 32.4222765 4.155083179473877 23.349842071533203
1753302172144616 22.13249301187216 16.28997802734375 -0.5357467520387975 0.21876264214515687 -0.06740377098321915 356 0.952 0.520 0.511 0.518 39.7301453 32.4222584 4.358548641204834 23.251220703125
1753302172364982 22.047154297383457 17.3299560546875 -0.5305805642740733 0.19790646135807033 -0.10610705614089966 353 0.951 0.520 0.511 0.518 39.7301453 32.4222584 4.191953659057617 23.23293113708496
1753302172659376 21.673159644625503 18.3800048828125 -0.5224690859916932 0.18176676034927366 -0.14803043007850647 351 0.970 0.525 0.521 0.520 39.7302479 32.422231 3.9702649116516113 23.218189239501953
1753302172865726 21.674824518609924 19.3399658203125 -0.5130735211434775 0.1901928335428238 -0.18397244811058044 349 1 0.525 0.521 0.520 39.7302479 32.422231 4.036128997802734 23.154373168945312
1753302172869740 21.674824518609924 19.3399658203125 -0.5046175127800834 0.1901928335428238 -0.18397244811058044 349 0.988 0.525 0.521 0.520 39.7302479 32.422231 4.036128997802734 23.154373168945312
1753302172869817 21.674824518609924 19.3399658203125 -0.4970071052530287 0.1901928335428238 -0.18397244811058044 349 1 0.525 0.521 0.520 39.7302479 32.422231 4.036128997802734 23.154373168945312
1753302173151386 21.399827725035557 20.42999267578125 -0.48708948210050573 0.20005427002906798 -0.22464436292648315 347 1 0.300 0.512 0.408 39.7303468 32.4221949 4.251392364501953 23.04351234436035
1753302173375710 21.453950441841723 21.469970703125 -0.47454825981113236 0.20042531490325927 -0.258281946182251 345 0.994 0.300 0.512 0.408 39.7303468 32.4221949 4.329956531524658 22.973886489868164
1753302173629633 21.52430847398967 22.6099853515625 -0.48562172004866233 0.1731398209929466 -0.3264210522174835 341 0.999 0.552 0.614 0.533 39.7304429 32.4221494 4.2689361572265625 22.95085334777832
1753302173881039 21.650754521363137 23.5799560546875 -0.5265566731925693 0.18656862676143646 -0.3847435712814331 337 0.975 0.552 0.614 0.533 39.7304429 32.4221494 3.834354877471924 23.12607765197754
1753302173881605 21.650754521363137 23.5799560546875 -0.5633981310220856 0.18656862676143646 -0.3847435712814331 337 1 0.552 0.614 0.533 39.7304429 32.4221494 3.834354877471924 23.12607765197754
1753302174135411 22.017399716788738 24.5999755859375 -0.5978154390235821 0.2801876962184906 -0.5219112038612366 330 1 0.552 0.614 0.533 39.7305306 32.422073 4.258742332458496 23.528039932250977
1753302174389773 21.980709269072836 25.78997802734375 -0.6287234529119803 0.36373929977416986 -0.6901902556419374 320 1 0.543 0.550 0.529 39.7305306 32.422073 5.742035865783691 23.754165649414062
1753302174645429 22.554737934961235 27.489990234375 -0.6478358421559997 0.39534111618995665 -0.8222504258155823 312 1 0.516 0.444 0.516 39.7305978 32.421965 6.910858154296875 23.65464973449707
1753302174870110 22.81485144712309 29.13995361328125 -0.6564346355649114 0.3357675105333328 -0.8569204211235046 310 1 0.516 0.444 0.516 39.7305978 32.421965 6.3802666664123535 23.693744659423828
1753302175124220 22.399151018655214 30.5999755859375 -0.659277481059934 0.21964321136474607 -0.8683614134788513 310 1 0.505 0.554 0.511 39.7306596 32.4218528 4.673709392547607 23.844829559326172
1753302175377808 22.63000652937053 31.5999755859375 -0.6638941427058328 0.18125786185264586 -0.9116145372390748 307 1 0.505 0.554 0.511 39.7306596 32.4218528 3.777068853378296 23.80339813232422
1753302175629007 21.77053632013869 32.5999755859375 -0.6717149907338335 0.2040471225976944 -0.9956133961677552 302 0.996 0.505 0.554 0.511 39.7306596 32.4218528 3.9093379974365234 23.647581100463867
1753302175889711 22.01128762805135 33.5999755859375 -0.6778668666470986 0.23756082355976102 -1.0769399404525757 298 1 0.540 0.530 0.528 39.7307116 32.421734 4.351405620574951 23.54107666015625
1753302176132092 22.424383560987046 34.80999755859375 -0.6773387227584966 0.25262051820755005 -1.1513376235961916 294 0.993 0.526 0.494 0.521 39.7307484 32.4216052 4.718017101287842 23.463552474975586
1753302176367446 22.404792444728248 35.969970703125 -0.6703147143837852 0.2436377316713333 -1.2036975622177124 291 1 0.526 0.494 0.521 39.7307484 32.4216052 4.75386381149292 23.396099090576172
1753302176655763 21.66816853553823 37.16998291015625 -0.6586998627230862 0.2098316341638565 -1.2461174726486208 288 0.959 0.518 0.507 0.517 39.7307758 32.4214728 4.383078575134277 23.360424041748047
1753302176877817 21.46287029281651 38.16998291015625 -0.6456309669296747 0.18206134736537932 -1.2836790084838867 286 0.952 0.518 0.507 0.517 39.7307758 32.4214728 3.961195468902588 23.335182189941406
1753302176879945 21.46287029281651 38.16998291015625 -0.6338689607156043 0.18206134736537932 -1.2836790084838867 286 1 0.518 0.507 0.517 39.7307758 32.4214728 3.961195468902588 23.335182189941406
1753302177133515 21.73339360609093 39.15997314453125 -0.6210831894075327 0.1627399876713753 -1.3228205442428589 284 1 0.518 0.507 0.517 39.7307758 32.4214728 3.6417031288146973 23.289600372314453
1753302177391491 22.205534258172378 40.010009765625 -0.607078456306051 0.14611499309539794 -1.3591244220733643 282 1 0.525 0.503 0.520 39.730796 32.4213403 3.395726442337036 23.26517677307129
1753302177648932 21.32295940780277 40.8699951171875 -0.5907746435018695 0.12530622035264968 -1.392356038093567 280 0.983 0.523 0.507 0.519 39.7308097 32.4212066 3.0920474529266357 23.272619247436523
1753302177871621 21.729860629855995 41.5799560546875 -0.5727116776238963 0.10287894010543823 -1.42220139503479 278 1 0.523 0.507 0.519 39.7308097 32.4212066 2.7982211112976074 23.305404663085938
1753302178125695 21.840267665547223 42.26995849609375 -0.5529725980220215 0.08625381514430044 -1.453152656555176 276 1 0.523 0.507 0.519 39.7308097 32.4212066 2.540163040161133 23.34993553161621
1753302178381873 21.62957964735417 42.8599853515625 -0.5319714633933881 0.07926637008786201 -1.4806194305419924 275 0.954 0.525 0.503 0.520 39.730818 32.4210706 2.467891216278076 23.39899253845215
1753302178628261 21.388152429196484 43.4599609375 -0.5095895637552899 0.06322769150137901 -1.5059581995010378 273 1 0.525 0.503 0.520 39.730818 32.4210706 2.272197723388672 23.488805770874023
1753302178883684 21.97860298127383 43.969970703125 -0.4858382680548097 0.04806737601757049 -1.5267741680145264 272 0.971 0.525 0.508 0.520 39.7308214 32.4209322 2.05959153175354 23.58142852783203
1753302179138171 22.14497633246647 44.469970703125 -0.46075452165599456 0.04036513082683087 -1.547839164733887 271 0.969 0.525 0.508 0.520 39.7308214 32.4209322 1.9511836767196655 23.6461238861084
1753302179395691 22.035760275210105 44.91998291015625 -0.43457992640253124 0.03343205377459526 -1.5642154216766357 270 0.961 0.523 0.504 0.519 39.730821 32.4207942 1.8705470561981201 23.680166244506836
1753302179649932 22.076445456059737 45.38995361328125 -0.4079254055063386 0.022527050971984864 -1.5813959836959839 269 1 0.524 0.505 0.520 39.7308182 32.4206565 1.7215325832366943 23.71660804748535
1753302179869998 22.174470370751855 45.77996826171875 -0.3809620470440799 0.013729657791554925 -1.5933130979537964 268 0.956 0.524 0.505 0.520 39.7308182 32.4206565 1.589134693145752 23.7468204498291
1753302180155324 22.44824988736376 46.15997314453125 -0.35365209704367045 0.007113938219845295 -1.604832649230957 268 1 0.524 0.505 0.520 39.7308133 32.4205176 1.4871302843093872 23.7808895111084
1753302180376437 22.298918934465593 46.5 -0.3265489605879282 0.0022257395554333924 -1.6140391826629639 267 0.986 0.524 0.505 0.520 39.7308133 32.4205176 1.4146229028701782 23.829343795776367
1753302180629537 22.244174371671235 46.8499755859375 -0.2994267066105153 -0.003735660668462515 -1.6216915845870972 267 1 0.523 0.505 0.519 39.7308074 32.420377 1.3393287658691406 23.889652252197266
1753302180881516 22.575383484131574 47.14996337890625 -0.2727359107688617 -0.008731422200798988 -1.6262917518615723 266 1 0.523 0.505 0.519 39.7308074 32.420377 1.2715951204299927 23.927661895751953
1753302181135581 22.476691358262226 47.4599609375 -0.24629375633721512 -0.013413880579173565 -1.629453182220459 266 1 0.523 0.505 0.519 39.7308074 32.420377 1.198065996170044 23.93924903869629
1753302181390754 22.77181124065335 47.719970703125 -0.22064206912405757 -0.018034083954989906 -1.630496859550476 266 1 0.520 0.506 0.518 39.7308011 32.4202374 1.109243392944336 23.93781280517578
1753302181392264 22.77181124065335 47.719970703125 -0.19755555063221575 -0.018034083954989906 -1.630496859550476 266 1 0.520 0.506 0.518 39.7308011 32.4202374 1.109243392944336 23.93781280517578
1753302181640652 22.6962754298705 47.989990234375 -0.1752169576934015 -0.02037992551922798 -1.6299172639846802 266 1 0.522 0.504 0.519 39.730795 32.4200988 1.0345040559768677 23.920459747314453
1753302181866719 22.816245779303653 48.22998046875 -0.1537774847582908 -0.02492372579872608 -1.6289252042770386 266 0.999 0.522 0.504 0.519 39.730795 32.4200988 0.9748016595840454 23.90253257751465
1753302181869830 22.816245779303653 48.22998046875 -0.1344819591166912 -0.02492372579872608 -1.6289252042770386 266 1 0.522 0.504 0.519 39.730795 32.4200988 0.9748016595840454 23.90253257751465
1753302182151950 22.18059753983953 48.4599609375 -0.11562235473594115 -0.0314920999109745 -1.6235759258270264 266 1 0.517 0.504 0.516 39.7307898 32.4199597 0.848874568939209 23.90001106262207
1753302182374683 22.45380919019144 48.64996337890625 -0.0976672752410267 -0.032467639073729515 -1.6207969188690186 267 1 0.517 0.504 0.516 39.7307898 32.4199597 0.8058806657791138 23.899089813232422
1753302182628291 22.394042191111264 48.8499755859375 -0.08067443523199207 -0.037438409030437464 -1.617205023765564 267 1 0.517 0.504 0.516 39.7307898 32.4199597 0.7542016506195068 23.927356719970703
1753302182882493 22.49652309494399 49.010009765625 -0.06475406187824172 -0.039673899114131925 -1.6126251220703125 267 1 0.518 0.505 0.517 39.7307857 32.4198187 0.7089201807975769 23.962472915649414
1753302183138661 23.059291208341712 49.17999267578125 -0.050057165754304196 -0.04276291653513909 -1.6074867248535156 267 0.965 0.518 0.508 0.517 39.7307829 32.4196777 0.6629359126091003 23.99597930908203
1753302183392872 23.125016463090766 49.3299560546875 -0.036201400696455714 -0.04864988997578621 -1.602529764175415 268 1 0.518 0.508 0.517 39.7307829 32.4196777 0.5766335129737854 24.001667022705078
1753302183394884 23.125016463090766 49.3299560546875 -0.02373121214439208 -0.04864988997578621 -1.602529764175415 268 0.999 0.518 0.508 0.517 39.7307829 32.4196777 0.5766335129737854 24.001667022705078
1753302183650003 22.54434511514882 49.4599609375 -0.01193993940230967 -0.04891222491860389 -1.5951592922210693 268 1 0.516 0.501 0.516 39.7307816 32.4195384 0.5208438634872437 23.986330032348633
1753302183875074 22.210646965907532 49.5899658203125 -0.001159043499321593 -0.04415811598300934 -1.5877975225448608 269 0.955 0.516 0.501 0.516 39.7307816 32.4195384 0.5844289660453796 23.960172653198242
1753302184131901 22.23227141853289 49.72998046875 0.008596292386808228 -0.05040547400712967 -1.5808556079864504 269 1 0.517 0.511 0.516 39.7307817 32.4193991 0.5305473804473877 23.9273738861084
1753302184385494 22.363227116260138 49.82000732421875 0.017339551076613276 -0.0623809702694416 -1.5733762979507446 269 1 0.517 0.511 0.516 39.7307817 32.4193991 0.31957513093948364 23.913904190063477
1753302184633967 22.83469720101028 49.8800048828125 0.025194038711776504 -0.06294490694999694 -1.5686639547348022 270 1 0.517 0.511 0.516 39.7307817 32.4193991 0.2503989040851593 23.93925666809082
1753302184883250 22.534919259674787 49.9599609375 0.032351933952680385 -0.052485524117946616 -1.5612916946411133 270 0.975 0.516 0.502 0.516 39.7307832 32.4192582 0.4297284781932831 23.95153045654297
1753302185137579 22.663625824094396 50.0799560546875 0.03873183104679986 -0.05539641454815865 -1.55440092086792 270 1 0.516 0.509 0.516 39.7307863 32.4191176 0.4588281810283661 23.957548141479492
1753302185376361 23.294078523328068 50.15997314453125 0.044292189389044084 -0.06722421050071715 -1.5479519367218018 271 0.994 0.516 0.509 0.516 39.7307863 32.4191176 0.25701379776000977 23.948888778686523
1753302185379375 23.294078523328068 50.15997314453125 0.0492965118970639 -0.06722421050071715 -1.5479519367218018 271 1 0.516 0.509 0.516 39.7307863 32.4191176 0.25701379776000977 23.948888778686523
1753302185629546 22.540868372423528 50.2099609375 0.0535076092379838 -0.06787281408905982 -1.539505124092102 271 0.990 0.516 0.504 0.516 39.7307909 32.4189789 0.1943465769290924 23.924028396606445
1753302185881346 22.540868372423528 50.2099609375 0.05729759684481173 -0.06787281408905982 -1.539505124092102 271 0.980 0.516 0.504 0.516 39.7307909 32.4189789 0.1943465769290924 23.924028396606445
1753302186139679 22.79437015358236 50.3299560546875 0.059894740145903375 -0.06551867872476577 -1.524337410926819 272 0.991 0.515 0.507 0.516 39.7307968 32.4188405 0.24079129099845886 23.864795684814453
1753302186392266 22.706695712129683 50.3800048828125 0.06200144996777315 -0.0705140419304371 -1.5201257467269897 272 0.974 0.515 0.507 0.516 39.7307968 32.4188405 0.15186680853366852 23.84067153930664
1753302186646632 22.911566450082127 50.40997314453125 0.06350992450596517 -0.07355727851390838 -1.5125713348388672 273 1 0.515 0.507 0.516 39.7307968 32.4188405 0.07929154485464096 23.835674285888672
1753302186901202 22.957606733043967 50.44000244140625 0.06444126364125276 -0.06959761157631873 -1.5072245597839355 273 1 0.516 0.504 0.516 39.7308041 32.4187009 0.16086745262145996 23.843564987182617
1753302187155474 22.749887897945616 50.47998046875 0.06479906362176059 -0.07592135965824127 -1.502624750137329 273 0.985 0.516 0.510 0.516 39.7308125 32.4185611 0.09601172059774399 23.868976593017578
1753302187378294 22.652606595017694 50.5 0.06481674526822673 -0.07782971337437629 -1.4982197284698489 274 0.990 0.516 0.510 0.516 39.7308125 32.4185611 0.05235521122813225 23.872228622436523
1753302187379882 22.652606595017694 50.5 0.06483265875004625 -0.07782971337437629 -1.4982197284698489 274 1 0.516 0.510 0.516 39.7308125 32.4185611 0.05235521122813225 23.872228622436523
1753302187630092 22.94340751730934 50.52996826171875 0.06458416798612085 -0.07217306271195412 -1.4915891885757446 274 1.000 0.516 0.510 0.516 39.7308125 32.4185611 0.1257081925868988 23.85846519470215
1753302187890838 23.233406089306346 50.54998779296875 0.063888259326523 -0.07224741354584695 -1.4874619245529175 274 1 0.515 0.504 0.516 39.7308217 32.4184228 0.13111929595470428 23.83818817138672
1753302187891847 23.233406089306346 50.54998779296875 0.06326194153288496 -0.07224741354584695 -1.4874619245529175 274 0.968 0.515 0.504 0.516 39.7308217 32.4184228 0.13111929595470428 23.83818817138672
1753302188146185 22.66043862498696 50.5799560546875 0.061905998030836816 -0.07960772365331649 -1.4825533628463745 275 0.998 0.514 0.510 0.516 39.7308319 32.4182848 0.027860848233103752 23.81685447692871
1753302188399933 22.66043862498696 50.5799560546875 0.060685648878993484 -0.07960772365331649 -1.4825533628463745 275 1 0.514 0.510 0.516 39.7308319 32.4182848 0.027860848233103752 23.81685447692871
1753302188653995 22.423155460643198 50.57000732421875 0.05889314728431275 -0.0759951576590538 -1.4756267070770264 275 0.974 0.516 0.504 0.516 39.7308427 32.4181457 0.03525891527533531 23.800678253173828
1753302188875614 22.399161137599755 50.5899658203125 0.05709400349067781 -0.07454090416431426 -1.471675157546997 275 1 0.516 0.504 0.516 39.7308427 32.4181457 0.09531661868095398 23.822269439697266
1753302189160625 22.497483118090308 50.6099853515625 0.05514353392905414 -0.08130765929818153 -1.4703285694122314 275 0.971 0.516 0.510 0.516 39.7308543 32.4180059 0.024391962215304375 23.846660614013672
1753302189383659 22.846216296980153 50.6099853515625 0.05289260152029771 -0.08366035521030427 -1.4661169052124023 276 1 0.516 0.510 0.516 39.7308543 32.4180059 -0.026938751339912415 23.874691009521484
1753302189639351 22.492201370786848 50.6099853515625 0.05058802309376995 -0.08086084499955178 -1.4655413627624514 276 1 0.516 0.506 0.516 39.7308662 32.4178677 0.006940527819097042 23.87665367126465
1753302189893118 23.464409425613248 50.6199951171875 0.04820791200765669 -0.08056071922183036 -1.4620226621627808 276 1 0.516 0.506 0.516 39.7308662 32.4178677 0.01924426108598709 23.862878799438477
1753302190147796 23.2610084406679 50.6199951171875 0.04572495467336804 -0.08208831176161767 -1.4598795175552368 276 1 0.515 0.509 0.516 39.7308784 32.4177301 -0.015932628884911537 23.8488826751709
1753302190370602 22.658554470876407 50.6099853515625 0.043184339636908445 -0.08207854330539703 -1.4568461179733276 276 1 0.515 0.509 0.516 39.7308784 32.4177301 -0.04627593606710434 23.83355140686035
1753302190647642 22.84028970778688 50.6099853515625 0.04053849116803391 -0.07921147793531418 -1.4569356441497805 276 1 0.515 0.508 0.516 39.730891 32.4175914 0.005020171869546175 23.81724739074707
1753302190889525 22.720919568756106 50.6099853515625 0.037712144855480044 -0.08375216200947762 -1.4552597999572756 276 0.955 0.515 0.508 0.516 39.730891 32.4175914 -0.0422210656106472 23.83205223083496
1753302191144233 23.23037297021503 50.6099853515625 0.03496502627028881 -0.08337753415107728 -1.453442096710205 276 1 0.515 0.509 0.516 39.7309039 32.4174519 -0.03737584128975868 23.85818862915039
1753302191398110 22.752280654895777 50.5999755859375 0.032367039448862 -0.08323366716504096 -1.4531519412994385 276 1 0.515 0.509 0.516 39.7309039 32.4174519 -0.015107255429029465 23.87889862060547
1753302191399681 22.752280654895777 50.5999755859375 0.030028851309577876 -0.08323366716504096 -1.4531519412994385 276 1 0.515 0.509 0.516 39.7309039 32.4174519 -0.015107255429029465 23.87889862060547
1753302191653205 22.983168306541913 50.6099853515625 0.02765460486523234 -0.08178765922784804 -1.4539613723754883 276 1 0.316 0.506 0.416 39.7309167 32.417314 -0.002521298360079527 23.866235733032227
1753302191875341 23.139903282774874 50.6099853515625 0.02510502588282755 -0.08294412344694137 -1.453149676322937 276 0.971 0.316 0.506 0.416 39.7309167 32.417314 -0.021250993013381958 23.846147537231445
1753302192131955 23.08426782233394 50.5999755859375 -0.000980533794783972 -0.09010688960552214 -1.487544298171997 274 0.963 0.427 0.552 0.471 39.7309277 32.4171765 0.002347838133573532 23.824804306030273
1753302192387421 23.676060432346507 50.5899658203125 -0.06250206616779276 -0.10215649157762527 -1.5085357427597046 273 0.998 0.427 0.552 0.471 39.7309277 32.4171765 -0.19706213474273682 23.82869529724121
1753302192389567 23.676060432346507 50.5899658203125 -0.11787144530350067 -0.10215649157762527 -1.5085357427597046 273 0.990 0.427 0.552 0.471 39.7309277 32.4171765 -0.19706213474273682 23.82869529724121
1753302192643117 22.496576642724875 50.47998046875 -0.19684142187685577 -0.06677741184830666 -1.5685038566589358 270 0.989 0.545 0.610 0.530 39.7309221 32.4170365 -0.620266854763031 24.023948669433594
1753302192897203 22.232478197610785 50.3699951171875 -0.2679144007928753 0.012806594744324684 -1.70559561252594 262 1 0.545 0.610 0.530 39.7309221 32.4170365 -0.13437452912330627 24.555641174316406
1753302192900310 22.232478197610785 50.3699951171875 -0.33188008181729295 0.012806594744324684 -1.70559561252594 262 0.972 0.545 0.610 0.530 39.7309221 32.4170365 -0.13437452912330627 24.555641174316406
1753302192901317 22.232478197610785 50.3699951171875 -0.3894491947392688 0.012806594744324684 -1.70559561252594 262 0.983 0.545 0.610 0.530 39.7309221 32.4170365 -0.13437452912330627 24.555641174316406
1753302193150528 23.027433505704128 50.55999755859375 -0.439465113583213 0.09468933343887329 -1.8869075775146484 251 1 0.523 0.457 0.519 39.7308814 32.4168991 1.509889006614685 25.11989974975586
1753302193372934 22.775038714887796 51.1300048828125 -0.4787478698220902 0.13373458832502363 -2.0054123401641846 245 1 0.523 0.457 0.519 39.7308814 32.4168991 2.6796457767486572 25.176733016967773
1753302193650252 22.992332332740098 51.82000732421875 -0.5092470037573923 0.0674474038183689 -2.044398069381714 242 1 0.498 0.513 0.508 39.7308227 32.4167736 2.02714467048645 25.066194534301758
1753302193900879 23.1587184341924 52.0999755859375 -0.5344610381991579 -0.03863744921982288 -2.0457026958465576 242 1 0.498 0.513 0.508 39.7308227 32.4167736 0.262778639793396 24.88751792907715
1753302194154423 23.72960434542836 52.0 -0.5586806388679963 -0.083222808688879 -2.09328031539917 240 0.979 0.519 0.544 0.517 39.7307616 32.4166547 -0.7940807342529297 24.62754249572754
1753302194377018 23.262994404571405 51.82000732421875 -0.5827138589606127 -0.059991849958896636 -2.180184841156006 235 0.979 0.519 0.544 0.517 39.7307616 32.4166547 -0.6065379977226257 24.461191177368164
1753302194632272 23.102990922077815 51.72998046875 -0.6032133132325507 -0.033500738069415094 -2.270932912826538 229 0.988 0.519 0.544 0.517 39.7307616 32.4166547 -0.2181885987520218 24.367834091186523
1753302194889716 22.83847350251524 51.7099609375 -0.6176604536271302 -0.02768208645284176 -2.3461174964904785 225 0.989 0.523 0.516 0.519 39.7306866 32.4165517 -0.008909150958061218 24.319936752319336
1753302195144739 22.760003776505318 51.7099609375 -0.6261624193575567 -0.036142550036311144 -2.4120984077453613 221 0.970 0.523 0.516 0.519 39.7306866 32.4165517 -0.005167309660464525 24.244457244873047
1753302195400552 23.260162269310726 51.69000244140625 -0.6306064930307793 -0.05750520676374435 -2.463702917098999 218 0.973 0.518 0.511 0.517 39.7306007 32.4164632 -0.2339014708995819 24.14952850341797
1753302195655481 23.52687548837517 51.5799560546875 -0.6319129711462195 -0.07619622200727462 -2.516629219055176 215 1 0.521 0.522 0.518 39.7305096 32.4163878 -0.5278449058532715 24.04012680053711
1753302195877764 22.71227203019216 51.449951171875 -0.630780367202145 -0.07944100797176361 -2.5698328018188477 212 0.961 0.521 0.522 0.518 39.7305096 32.4163878 -0.5997363328933716 23.92670249938965
1753302195879310 22.71227203019216 51.449951171875 -0.6297610236524781 -0.07944100797176361 -2.5698328018188477 212 0.971 0.521 0.522 0.518 39.7305096 32.4163878 -0.5997363328933716 23.92670249938965
1753302196163465 23.194965420125687 51.32000732421875 -0.6255960136639392 -0.07360642328858374 -2.6278035640716553 209 1 0.526 0.513 0.521 39.7304148 32.4163265 -0.4831995368003845 23.801620483398438
1753302196386721 23.072093681035856 51.2099609375 -0.6180611017335041 -0.07931858673691748 -2.6757030487060547 206 0.986 0.526 0.513 0.521 39.7304148 32.4163265 -0.4742242097854614 23.694664001464844
1753302196389237 23.072093681035856 51.2099609375 -0.6112796809961125 -0.07931858673691748 -2.6757030487060547 206 0.980 0.526 0.513 0.521 39.7304148 32.4163265 -0.4742242097854614 23.694664001464844
1753302196634673 22.484090935699914 51.0799560546875 -0.6007021141072861 -0.08794537484645842 -2.721543788909912 204 0.960 0.522 0.518 0.519 39.7303166 32.4162765 -0.553744375705719 23.600788116455078
1753302196874486 22.708712646555732 50.94000244140625 -0.5870636378545242 -0.09382577687501907 -2.7609846591949463 201 1 0.522 0.518 0.519 39.7303166 32.4162765 -0.5997875332832336 23.52994728088379
1753302197163483 23.27711312989597 50.77996826171875 -0.5709443159239301 -0.09386295229196548 -2.802589178085327 199 0.978 0.528 0.512 0.522 39.7302154 32.4162359 -0.5530655384063721 23.48392105102539
1753302197385018 23.2063107106303 50.65997314453125 -0.5526128054264315 -0.09249310493469239 -2.835681438446045 197 0.976 0.528 0.512 0.522 39.7302154 32.4162359 -0.47575753927230835 23.471721649169922
1753302197385816 23.2063107106303 50.65997314453125 -0.5361144459786827 -0.09249310493469239 -2.835681438446045 197 0.964 0.528 0.512 0.522 39.7302154 32.4162359 -0.47575753927230835 23.471721649169922
1753302197386849 23.2063107106303 50.65997314453125 -0.5212659224757089 -0.09249310493469239 -2.835681438446045 197 0.994 0.528 0.512 0.522 39.7302154 32.4162359 -0.47575753927230835 23.471721649169922
1753302197640030 23.099323627613238 50.53997802734375 -0.5030279533465386 -0.09396106451749801 -2.867818832397461 195 0.996 0.525 0.513 0.520 39.7301127 32.4162034 -0.42947468161582947 23.470748901367188
1753302197894008 22.499871075817495 50.44000244140625 -0.48231124666926395 -0.09710886478424072 -2.8941221237182617 194 0.951 0.525 0.513 0.520 39.7301127 32.4162034 -0.4335100054740906 23.457048416137695
1753302198149737 22.7105604348202 50.3299560546875 -0.45938311625358874 -0.0966996118426323 -2.9208743572235107 192 0.952 0.526 0.510 0.521 39.7300099 32.416177 -0.3834056556224823 23.43863296508789
1753302198400612 22.812738468990798 50.25 -0.4353086525991924 -0.0958171546459198 -2.941922903060913 191 0.955 0.526 0.510 0.521 39.7300099 32.416177 -0.34017306566238403 23.419578552246094
1753302198654536 22.429327272191077 50.16998291015625 -0.40959996802765436 -0.09574442058801651 -2.9595751762390137 190 1 0.523 0.514 0.519 39.7299066 32.4161548 -0.3007625639438629 23.408489227294922
1753302198879212 22.915261668432763 50.0999755859375 -0.382946251241788 -0.09898274987936019 -2.9741804599761963 189 0.968 0.523 0.514 0.519 39.7299066 32.4161548 -0.32036474347114563 23.414854049682617
1753302199163571 22.78136771565752 50.010009765625 -0.3557683557943327 -0.09277667701244353 -2.9864170551300053 188 0.963 0.524 0.506 0.520 39.7298015 32.416135 -0.24233485758304596 23.444425582885742
1753302199401613 23.032649681746605 49.9599609375 -0.32851814752899017 -0.08833718746900557 -2.996349811553955 188 0.974 0.524 0.506 0.520 39.7298015 32.416135 -0.11181342601776123 23.481239318847656
1753302199649938 22.663279453027908 49.91998291015625 -0.3009838304020382 -0.09208587557077408 -3.004166841506958 187 0.966 0.521 0.514 0.518 39.7296958 32.4161166 -0.13691522181034088 23.535079956054688
1753302199895517 22.758879139421964 49.8699951171875 -0.2734455206853822 -0.09271886944770813 -3.0077021121978764 187 1 0.521 0.514 0.518 39.7296958 32.4161166 -0.15910418331623077 23.57598876953125
1753302200151348 22.53650202583296 49.8399658203125 -0.24615931074327496 -0.08746997490525246 -3.0102617740631104 187 1 0.520 0.504 0.518 39.7295911 32.4160985 -0.0942680761218071 23.59751319885254
1753302200376320 22.47918242117371 49.8299560546875 -0.2198986599043572 -0.0785258501768112 -3.0116751194000244 187 0.967 0.520 0.504 0.518 39.7295911 32.4160985 0.05148206278681755 23.60359001159668
1753302200631563 22.657512493756624 49.8399658203125 -0.19468042344113268 -0.08093808516860009 -3.0108041763305664 187 1 0.520 0.504 0.518 39.7295911 32.4160985 0.04415234923362732 23.612468719482422
1753302200887292 22.812453870278322 49.79998779296875 -0.16899515731865236 -0.08669044375419616 -3.0055184364318848 187 0.972 0.519 0.511 0.517 39.7294865 32.41608 -0.08693962544202805 23.673236846923828
1753302201141312 22.812453870278322 49.79998779296875 -0.1458784178084201 -0.08669044375419616 -3.0055184364318848 187 0.967 0.519 0.511 0.517 39.7294865 32.41608 -0.08693962544202805 23.673236846923828
1753302201396507 22.446841269230124 49.78997802734375 -0.12413337843293544 -0.0802995629608631 -3.000931739807129 188 0.987 0.519 0.510 0.517 39.7293806 32.4160599 0.020966757088899612 23.72327995300293
1753302201652808 23.31612620601653 49.79998779296875 -0.10373604834086833 -0.0770500674843788 -2.9962518215179443 188 0.963 0.519 0.507 0.517 39.7292743 32.4160381 0.10666999220848083 23.779090881347656
1753302201875254 22.353604974031526 49.82000732421875 -0.08451959452039425 -0.07657592445611953 -2.9897921085357666 188 0.984 0.519 0.507 0.517 39.7292743 32.4160381 0.12524914741516113 23.80672836303711
1753302202160313 22.430219974700147 49.8499755859375 -0.0665157165617325 -0.07817723676562309 -2.984213352203369 189 0.958 0.517 0.509 0.516 39.7291694 32.4160148 0.09011202305555344 23.803070068359375
1753302202382393 22.508340298798963 49.8499755859375 -0.049976752086631486 -0.07927176281809807 -2.9772706031799316 189 1 0.517 0.509 0.516 39.7291694 32.4160148 0.04431330785155296 23.793636322021484
1753302202636106 23.128522670204845 49.8699951171875 -0.03465001587642911 -0.07687182575464249 -2.969513416290283 189 1 0.517 0.509 0.516 39.7291694 32.4160148 0.07016348838806152 23.79033088684082
1753302202891693 22.957012221316372 49.8800048828125 -0.020663551729086186 -0.07654693722724913 -2.961151599884033 190 1 0.517 0.507 0.516 39.729065 32.4159894 0.07956857234239578 23.78533172607422
1753302202892705 22.957012221316372 49.8800048828125 -0.008075733996477555 -0.07654693722724913 -2.961151599884033 190 0.989 0.517 0.507 0.516 39.729065 32.4159894 0.07956857234239578 23.78533172607422
1753302203161741 23.242528107698913 49.88995361328125 0.0032265722599206905 -0.07922196090221405 -2.952293157577515 190 1 0.517 0.509 0.516 39.7289601 32.4159616 0.03497567027807236 23.78879737854004
1753302203384364 22.596015679600647 49.89996337890625 0.013310371921650637 -0.07648976072669028 -2.9445075988769536 191 0.993 0.517 0.509 0.516 39.7289601 32.4159616 0.07248164713382721 23.812028884887695
1753302203638450 22.470236073781255 49.91998291015625 0.02258348159747607 -0.07408021688461304 -2.9363310337066655 191 0.990 0.517 0.509 0.516 39.7289601 32.4159616 0.1170000433921814 23.848432540893555
1753302203893328 22.834723087055163 49.949951171875 0.030615980411386075 -0.07434623390436172 -2.9303383827209473 192 0.999 0.516 0.504 0.516 39.7288545 32.4159313 0.15200218558311462 23.87311553955078
1753302204145779 22.65654001706351 49.969970703125 0.03741265757514439 -0.07766160517930984 -2.921811103820801 192 0.999 0.516 0.504 0.516 39.7288545 32.4159313 0.09244956821203232 23.882986068725586
1753302204400756 22.714012292459376 49.989990234375 0.04353448233276667 -0.0797717846930027 -2.913276195526123 193 1 0.516 0.510 0.516 39.7287502 32.4158992 0.05311712995171547 23.86899757385254
1753302204652207 22.853589039993803 50.0 0.04883227182570156 -0.07649117931723594 -2.9069597721099854 193 0.984 0.515 0.509 0.516 39.728647 32.4158654 0.0719887763261795 23.848827362060547
1753302204875306 22.70589938902015 50.01995849609375 0.05333166062661758 -0.07893498837947846 -2.898104190826416 193 1 0.515 0.509 0.516 39.728647 32.4158654 0.04792891815304756 23.83003044128418
1753302205161217 23.423641233177673 50.01995849609375 0.057141289769072096 -0.08105710595846177 -2.889863967895508 194 0.985 0.514 0.507 0.515 39.7285436 32.4158295 -0.006447569001466036 23.8194522857666
1753302205383531 22.712035037080206 50.01995849609375 0.06021430849295148 -0.07542113959789276 -2.884460687637329 194 1 0.514 0.507 0.515 39.7285436 32.4158295 0.07180610299110413 23.823434829711914
1753302205631708 23.214917867286346 50.04998779296875 0.06229555689628084 -0.07224383577704428 -2.8770391941070557 195 0.990 0.514 0.507 0.515 39.7285436 32.4158295 0.15927235782146454 23.83564567565918
1753302205889360 22.703022575413765 50.0799560546875 0.06360595822335922 -0.07772236466407775 -2.871504306793213 195 1 0.515 0.505 0.516 39.7284396 32.4157914 0.10954360663890839 23.850807189941406
1753302206142769 23.30681802808877 50.0899658203125 0.06429048687221091 -0.08511075973510743 -2.8647141456604004 195 0.991 0.515 0.505 0.516 39.7284396 32.4157914 -0.03085111454129219 23.860122680664062
1753302206396351 22.699421917530685 50.0799560546875 0.06461851799489392 -0.08020185753703117 -2.8589291572570805 196 0.996 0.514 0.509 0.515 39.7283369 32.4157522 -0.002093821531161666 23.850204467773438
1753302206650833 22.65768674102765 50.0999755859375 0.06423102099300623 -0.07226966768503189 -2.853621244430542 196 1 0.516 0.505 0.516 39.7282352 32.4157119 0.14404278993606567 23.828895568847656
1753302206884843 22.601769703288845 50.13995361328125 0.0631979296678412 -0.07914152368903159 -2.849564552307129 196 0.979 0.516 0.505 0.516 39.7282352 32.4157119 0.0574682280421257 23.814430236816406
1753302207141255 23.182148630205287 50.13995361328125 0.06192500353522074 -0.08321598172187805 -2.844287157058716 197 1 0.514 0.507 0.515 39.7281335 32.4156705 -0.03616073355078697 23.8040771484375
1753302207396765 22.45109851669789 50.1300048828125 0.06056362914145266 -0.0790643408894539 -2.840301513671875 197 0.997 0.514 0.507 0.515 39.7281335 32.4156705 0.006113527808338404 23.796478271484375
1753302207653774 22.720026637421334 50.13995361328125 0.05878394158572204 -0.07734616696834563 -2.838027000427246 197 1 0.516 0.510 0.516 39.7280307 32.4156277 0.06586435437202454 23.812545776367188
1753302207907827 22.56652883916244 50.14996337890625 0.056803155498715466 -0.08449231162667274 -2.833442449569702 197 1 0.516 0.510 0.516 39.7280307 32.4156277 -0.007972773164510727 23.841737747192383
1753302207909349 22.56652883916244 50.14996337890625 0.05502044802040954 -0.08449231162667274 -2.833442449569702 197 1 0.516 0.510 0.516 39.7280307 32.4156277 -0.007972773164510727 23.841737747192383
1753302208162896 23.002419245872346 50.1300048828125 0.042278484062532484 -0.08639282137155532 -2.8515975475311284 196 0.959 0.384 0.523 0.450 39.7279281 32.4155852 -0.048143621534109116 23.872617721557617
1753302208386783 22.74196946718771 50.14996337890625 -0.004342920580941528 -0.0883901759982109 -2.877826452255249 195 0.970 0.384 0.523 0.450 39.7279281 32.4155852 0.13395339250564575 23.856477737426758
1753302208389298 22.74196946718771 50.14996337890625 -0.046302184760068144 -0.0883901759982109 -2.877826452255249 195 1 0.384 0.523 0.450 39.7279281 32.4155852 0.13395339250564575 23.856477737426758
1753302208639520 22.98158743259601 50.13995361328125 -0.12213871952846135 -0.08423322066664696 -2.9067015647888184 193 1 0.384 0.523 0.450 39.7279281 32.4155852 -0.3031579554080963 23.90909194946289
1753302208897782 22.157913208419867 50.02996826171875 -0.20068196867932037 -0.02363853231072426 -2.988140821456909 188 0.974 0.558 0.599 0.537 39.7278232 32.4155581 -0.41582900285720825 24.22681999206543
1753302208899294 22.157913208419867 50.02996826171875 -0.2713708929150935 -0.02363853231072426 -2.988140821456909 188 1 0.558 0.599 0.537 39.7278232 32.4155581 -0.41582900285720825 24.22681999206543
1753302209153084 22.26904373020192 50.07000732421875 -0.3280710087951692 0.059116287529468535 -3.1365554332733154 180 0.955 0.522 0.471 0.519 39.7277133 32.4155655 0.8769412636756897 24.6932373046875
1753302209406854 22.750870023082356 50.4599609375 -0.371220121389926 0.09169727563858032 3.0376563072204594 174 0.974 0.522 0.471 0.519 39.7277133 32.4155655 1.9948837757110596 24.8081111907959
1753302209409368 22.750870023082356 50.4599609375 -0.4100543227252071 0.09169727563858032 3.0376563072204594 174 0.998 0.522 0.471 0.519 39.7277133 32.4155655 1.9948837757110596 24.8081111907959
1753302209660364 22.780700022596967 50.97998046875 -0.43968115149051296 0.0435054313391447 2.993990659713745 171 1 0.501 0.508 0.509 39.7276036 32.4155968 1.6139769554138184 24.768278121948242
1753302209882249 23.10969557977644 51.199951171875 -0.4638848116824956 -0.05258802771568298 2.983415126800537 170 0.967 0.501 0.508 0.509 39.7276036 32.4155968 0.13653890788555145 24.68463134765625
1753302210169924 24.2153915638844 51.04998779296875 -0.48694115973978624 -0.09676338583230973 2.9430317878723145 168 1 0.520 0.536 0.518 39.7274966 32.4156344 -0.8758369088172913 24.549867630004883
1753302210392756 23.328940017354462 50.8499755859375 -0.509485186017776 -0.07582979276776312 2.8713226318359375 164 0.991 0.520 0.536 0.518 39.7274966 32.4156344 -0.7232337594032288 24.453859329223633
1753302210648298 23.53608496203913 50.72998046875 -0.5285393126701337 -0.04832735359668731 2.791303873062134 159 1 0.527 0.501 0.521 39.7273968 32.4156902 -0.28976497054100037 24.37721824645996
1753302210903000 22.819218085049926 50.69000244140625 -0.5413537855054458 -0.04901939630508422 2.7345595359802246 156 1 0.527 0.501 0.521 39.7273968 32.4156902 -0.19175557792186737 24.295745849609375
1753302211157429 23.60361877975917 50.6199951171875 -0.5474789472018647 -0.07292058691382408 2.685429573059082 153 0.965 0.515 0.513 0.516 39.727303 32.4157593 -0.45169875025749207 24.186031341552734
1753302211381127 23.650750632526382 50.47998046875 -0.5497343002195627 -0.09490901678800583 2.6427743434906006 151 0.987 0.515 0.513 0.516 39.727303 32.4157593 -0.7392991185188293 24.06533432006836
1753302211659958 23.725684351426164 50.260009765625 -0.5495362393649343 -0.10694252401590348 2.5962483882904053 148 1 0.525 0.514 0.520 39.7272132 32.4158386 -0.9294281601905823 23.97650909423828
1753302211884343 23.192147153119684 50.02996826171875 -0.5472924929194383 -0.10987109988927839 2.5540337562561035 146 1 0.525 0.514 0.520 39.7272132 32.4158386 -0.9802214503288269 23.92824935913086
1753302211889452 23.192147153119684 50.02996826171875 -0.5452731211184918 -0.10987109988927839 2.5540337562561035 146 0.990 0.525 0.514 0.520 39.7272132 32.4158386 -0.9802214503288269 23.92824935913086
1753302212171355 23.70020152346102 49.77996826171875 -0.5400377475499624 -0.1101808324456215 2.5116639137268066 143 1 0.523 0.507 0.519 39.7271296 32.4159268 -0.9603537917137146 23.89503288269043
1753302212394945 23.718467705576348 49.54998779296875 -0.5310555127214951 -0.11357200443744657 2.4740993976593018 141 1 0.523 0.507 0.519 39.7271296 32.4159268 -0.9463948607444763 23.83940315246582
1753302212649459 23.638791210165692 49.30999755859375 -0.5187535459057894 -0.12200705856084823 2.436506748199463 139 1 0.523 0.507 0.519 39.7271296 32.4159268 -1.0115066766738892 23.759742736816406
1753302212904778 23.704886889316363 49.05999755859375 -0.5042123115888005 -0.1324711039662361 2.4063875675201416 137 0.978 0.524 0.511 0.520 39.727052 32.4160204 -1.132521390914917 23.69223976135254
1753302213159178 23.417823832209265 48.760009765625 -0.48745030017174173 -0.13763254135847092 2.3750569820404053 136 0.974 0.526 0.510 0.521 39.7269787 32.416119 -1.1985845565795898 23.64271354675293
1753302213385008 23.06902780698747 48.47998046875 -0.4690053300691565 -0.13441420793533326 2.347496271133423 134 0.974 0.526 0.510 0.521 39.7269787 32.416119 -1.1271436214447021 23.611352920532227
1753302213670739 23.307408763361597 48.199951171875 -0.4483605059951175 -0.1333594650030136 2.322805404663086 133 0.954 0.523 0.507 0.519 39.7269084 32.4162227 -1.0631576776504517 23.582820892333984
1753302213894018 23.611755393019063 47.94000244140625 -0.4259951069625881 -0.13935234248638154 2.3032412528991704 131 1 0.523 0.507 0.519 39.7269084 32.4162227 -1.0951457023620605 23.58177947998047
1753302214147809 23.489764351830217 47.63995361328125 -0.40231482577377553 -0.14647141396999358 2.2839889526367188 130 0.965 0.523 0.507 0.519 39.7269084 32.4162227 -1.178513526916504 23.599754333496094
1753302214405061 23.55353417477881 47.3599853515625 -0.37795852475214603 -0.1414483621716499 2.270923137664795 130 1 0.525 0.509 0.520 39.7268402 32.4163298 -1.1140540838241577 23.621667861938477
1753302214409075 23.55353417477881 47.3599853515625 -0.35603785383267944 -0.1414483621716499 2.270923137664795 130 0.952 0.525 0.509 0.520 39.7268402 32.4163298 -1.1140540838241577 23.621667861938477
1753302214648154 23.59731312524681 47.0899658203125 -0.3329648244461156 -0.13986459970474244 2.257264375686646 129 1 0.525 0.509 0.520 39.7268402 32.4163298 -1.0323930978775024 23.622652053833008
1753302214904621 23.168428869018708 46.8399658203125 -0.30922826466686165 -0.14400851130485537 2.2463128566741943 128 0.957 0.521 0.508 0.518 39.7267745 32.4164377 -1.0974987745285034 23.61026382446289
1753302215162130 23.71559495482948 46.55999755859375 -0.28541274074667666 -0.143818399310112 2.2380683422088623 128 0.953 0.522 0.509 0.519 39.72671 32.4165462 -1.0888339281082153 23.600069046020508
1753302215384711 23.591487910448635 46.29998779296875 -0.26176920901793815 -0.1444352149963379 2.2313714027404785 127 0.967 0.522 0.509 0.519 39.72671 32.4165462 -1.0949387550354004 23.59686279296875
1753302215640658 23.160651618244554 46.010009765625 -0.23810177292876164 -0.14408691972494125 2.227166175842285 127 1 0.521 0.509 0.518 39.7266454 32.4166563 -1.0867301225662231 23.61136817932129
1753302215895182 23.07687849757751 45.75 -0.2149080062433575 -0.14291260838508604 2.2250254154205322 127 0.958 0.521 0.509 0.518 39.7266454 32.4166563 -1.0636225938796997 23.653697967529297
1753302216149816 23.148405142937477 45.47998046875 -0.19222111036474956 -0.1405723303556442 2.223524808883667 127 1 0.522 0.508 0.519 39.72658 32.4167674 -1.0126705169677734 23.705902099609375
1753302216403972 23.878762265074027 45.25 -0.17036928207512606 -0.14158410876989366 2.2233994007110596 127 1 0.522 0.508 0.519 39.72658 32.4167674 -1.0016334056854248 23.75185775756836
1753302216659536 23.885649679005315 44.989990234375 -0.14919411998244445 -0.14026096016168593 2.2267143726348877 127 1 0.518 0.507 0.517 39.7265149 32.4168769 -0.9759361743927002 23.759416580200195
1753302216883800 23.818837910502374 44.75 -0.12884182545172262 -0.14134739190340043 2.230936050415039 127 1 0.518 0.507 0.517 39.7265149 32.4168769 -1.0122662782669067 23.75428009033203
1753302217169566 24.048596674078638 44.489990234375 -0.10965465288722892 -0.1416556641459465 2.233135461807251 127 1 0.518 0.508 0.517 39.7264492 32.4169853 -1.0258359909057617 23.742414474487305
1753302217379177 23.27488131673354 44.25 -0.09184206603197198 -0.14204687178134917 2.237679958343506 128 0.974 0.518 0.508 0.517 39.7264492 32.4169853 -1.0323891639709473 23.742122650146484
1753302217649633 23.517291760342992 43.97998046875 -0.07526276107038207 -0.1423825144767761 2.243842601776123 128 0.956 0.519 0.506 0.517 39.7263822 32.4170933 -1.0627042055130005 23.741016387939453
1753302217898989 24.01863991179132 43.72998046875 -0.059828428286956066 -0.13777835369110106 2.2482731342315674 128 1 0.519 0.506 0.517 39.7263822 32.4170933 -0.9830859899520874 23.752347946166992
1753302218155063 23.5447771245071 43.47998046875 -0.04538101138947575 -0.13824974298477172 2.2536020278930664 129 0.957 0.519 0.506 0.517 39.7263822 32.4170933 -0.9582832455635071 23.77306365966797
1753302218411762 23.50888481434453 43.239990234375 -0.032057933648927533 -0.14357456862926482 2.2598805427551274 129 1 0.518 0.508 0.517 39.7263134 32.4172013 -1.028196930885315 23.797054290771484
1753302218668293 23.85285816341658 42.97998046875 -0.019785943007919363 -0.14303181171417237 2.266284465789795 129 1 0.519 0.506 0.517 39.7262439 32.4173077 -1.025968074798584 23.820566177368164
1753302218890869 24.113610989092713 42.739990234375 -0.00860204536597714 -0.14117953926324844 2.271390914916992 130 1 0.519 0.506 0.517 39.7262439 32.4173077 -1.0053071975708008 23.81368064880371
1753302219146462 23.825181085624955 42.469970703125 0.001463762770168915 -0.1417010799050331 2.2797207832336426 130 0.953 0.517 0.505 0.516 39.726174 32.4174119 -1.0132993459701538 23.798229217529297
1753302219401095 23.509206115478023 42.22998046875 0.010565126106208208 -0.14222384095191956 2.2869136333465576 131 0.974 0.517 0.505 0.516 39.726174 32.4174119 -1.0192509889602661 23.779577255249023
1753302219404132 23.509206115478023 42.22998046875 0.018756353108643573 -0.14222384095191956 2.2869136333465576 131 1 0.517 0.505 0.516 39.726174 32.4174119 -1.0192509889602661 23.779577255249023
1753302219657029 23.493952359195056 41.949951171875 0.02601009078195013 -0.1473058581352234 2.293705463409424 131 0.951 0.516 0.512 0.516 39.7261027 32.4175151 -1.1082621812820435 23.767627716064453
1753302219897205 24.024342696997845 41.67999267578125 0.0325765495065181 -0.1472328633069992 2.2996473312377934 131 0.999 0.516 0.512 0.516 39.7261027 32.4175151 -1.130424976348877 23.776935577392578
1753302219899221 24.024342696997845 41.67999267578125 0.038486362358629275 -0.1472328633069992 2.2996473312377934 131 0.996 0.516 0.512 0.516 39.7261027 32.4175151 -1.130424976348877 23.776935577392578
1753302220153219 23.655735548666627 41.39996337890625 0.043566297019153453 -0.1410658538341522 2.307602882385254 132 0.999 0.516 0.512 0.516 39.7261027 32.4175151 -1.0245401859283447 23.80289649963379
1753302220409649 23.710731282209416 41.15997314453125 0.04778802292760874 -0.1428445369005203 2.313605070114136 132 1 0.516 0.499 0.516 39.7260296 32.4176181 -1.010224461555481 23.827125549316406
1753302220649576 23.415466998324174 40.8800048828125 0.040430031729191525 -0.1552646309137344 2.2998130321502686 131 1 0.516 0.499 0.516 39.7260296 32.4176181 -1.1530088186264038 23.84115219116211
1753302220909227 24.245820217192207 40.57000732421875 -0.0013503707834035296 -0.19167033731937408 2.283402442932129 130 1 0.385 0.512 0.450 39.7259562 32.41772 -1.491978645324707 23.805675506591797
1753302221162731 24.681240207742643 40.0799560546875 -0.08062360978614841 -0.21465953588485714 2.2673826217651367 129 0.964 0.552 0.635 0.534 39.7258909 32.4178292 -2.269007921218872 23.81775665283203
1753302221385192 24.000326072858435 39.4599609375 -0.16331836991123871 -0.17461418509483337 2.1816909313201904 125 0.969 0.552 0.635 0.534 39.7258909 32.4178292 -2.7861475944519043 24.094600677490234
1753302221642885 23.419505455759573 38.78997802734375 -0.23774365402381997 -0.09031995981931686 1.9881415367126465 113 0.998 0.501 0.562 0.509 39.7258519 32.4179646 -2.1017472743988037 24.980329513549805
1753302221898006 23.280748670870604 38.5 -0.30472640972514314 -0.005077096773311496 1.7802516222000122 102 0.974 0.501 0.562 0.509 39.7258519 32.4179646 -0.33623766899108887 25.772855758666992
1753302221899017 23.280748670870604 38.5 -0.36501088985633395 -0.005077096773311496 1.7802516222000122 102 0.964 0.501 0.562 0.509 39.7258519 32.4179646 -0.33623766899108887 25.772855758666992
1753302222152871 23.799130136888643 38.6199951171875 -0.4192669219744057 0.03111198022961616 1.6210637092590332 92 0.978 0.501 0.562 0.509 39.7258519 32.4179646 0.790291965007782 25.98111343383789
1753302222409487 24.41140341284513 38.78997802734375 -0.4680973508806702 -0.008953656535595655 1.5653947591781616 89 1 0.514 0.474 0.515 39.7258525 32.4181172 0.222360298037529 25.970630645751953
1753302222665736 25 38.67999267578125 -0.5120447368963084 -0.07918229773640632 1.5317592620849612 87 1 0.507 0.548 0.512 39.7258673 32.4182678 -1.0688183307647705 25.875783920288086
1753302222890537 25 38.3499755859375 -0.5515973843103826 -0.10303181409835815 1.4558000564575198 83 1 0.507 0.548 0.512 39.7258673 32.4182678 -1.6226154565811157 25.672327041625977
1753302223145218 24.485379742900847 37.94000244140625 -0.5871947669830496 -0.09975853115320206 1.3429198265075684 76 0.967 0.507 0.548 0.512 39.7258673 32.4182678 -1.6053075790405273 25.41476058959961
1753302223401487 24.932989235859228 37.5799560546875 -0.6192324113884499 -0.09594741463661192 1.2414839267730713 71 1 0.516 0.534 0.516 39.7258999 32.4184089 -1.5566253662109375 25.20448875427246
1753302223649361 24.056443341701012 37.19000244140625 -0.6480662913533101 -0.09897556304931641 1.139676570892334 65 0.982 0.514 0.527 0.515 39.725953 32.4185361 -1.579272747039795 24.992746353149414
1753302223889381 24.898116783458374 36.82000732421875 -0.6740167833216842 -0.10881102681159972 1.0507314205169678 60 0.990 0.514 0.527 0.515 39.725953 32.4185361 -1.6603518724441528 24.767122268676758
1753302224173349 23.94935404241239 36.3699951171875 -0.6970006373686662 -0.11935430467128753 0.9615405201911927 55 0.987 0.514 0.528 0.515 39.7260221 32.4186483 -1.8157461881637573 24.517175674438477
1753302224397744 24.418902957298982 35.90997314453125 -0.7158208978619937 -0.13496495485305787 0.884536623954773 50 0.994 0.514 0.528 0.515 39.7260221 32.4186483 -2.0200984477996826 24.313554763793945
1753302224399062 24.418902957298982 35.90997314453125 -0.7327591323059884 -0.13496495485305787 0.884536623954773 50 1 0.514 0.528 0.515 39.7260221 32.4186483 -2.0200984477996826 24.313554763793945
1753302224652206 23.917603156962002 35.3599853515625 -0.7458404788257559 -0.1475132957100868 0.8007928133010864 45 0.994 0.514 0.528 0.515 39.7260221 32.4186483 -2.222447633743286 24.1355037689209
1753302224653025 23.917603156962002 35.3599853515625 -0.7576136906935466 -0.1475132957100868 0.8007928133010864 45 1 0.516 0.536 0.516 39.7261028 32.418743 -2.222447633743286 24.1355037689209
1753302224907617 23.831427395395597 34.82000732421875 -0.7658709573740087 -0.14797371178865432 0.7170928716659546 41 1 0.516 0.536 0.516 39.7261028 32.418743 -2.2113633155822754 24.00187873840332
1753302224909197 23.831427395395597 34.82000732421875 -0.7733024973864246 -0.14797371178865432 0.7170928716659546 41 0.989 0.516 0.536 0.516 39.7261028 32.418743 -2.2113633155822754 24.00187873840332
1753302225163252 23.568228431500206 34.26995849609375 -0.777393068599244 -0.1462703078985214 0.6274259686470032 35 1.000 0.522 0.527 0.519 39.7261924 32.4188169 -2.12536358833313 23.854589462280273
1753302225385375 24.244915496313382 33.79998779296875 -0.7778237572856606 -0.13999439030885696 0.5478204488754272 31 1 0.522 0.527 0.519 39.7261924 32.4188169 -1.988158941268921 23.731931686401367
1753302225673323 23.207090309492582 33.30999755859375 -0.7736743788314934 -0.14110379070043566 0.46964243054389954 26 1 0.526 0.523 0.521 39.7262886 32.4188711 -1.8898996114730835 23.598482131958008
1753302225897646 23.13238485386178 32.8599853515625 -0.7651086897009381 -0.14476334750652314 0.40708690881729126 23 0.980 0.526 0.523 0.521 39.7262886 32.4188711 -1.8750336170196533 23.48381805419922
1753302225899180 23.13238485386178 32.8599853515625 -0.7573995694834383 -0.14476334750652314 0.40708690881729126 23 0.965 0.526 0.523 0.521 39.7262886 32.4188711 -1.8750336170196533 23.48381805419922
1753302226152427 24.002731738960403 32.3699951171875 -0.7449658130393975 -0.14737010151147842 0.34274226427078247 19 1 0.531 0.522 0.523 39.7263897 32.4189097 -1.821982741355896 23.383939743041992
1753302226406464 23.076220158399604 31.94000244140625 -0.728746051918258 -0.14963205456733703 0.28774651885032654 16 0.983 0.531 0.522 0.523 39.7263897 32.4189097 -1.7492798566818237 23.324621200561523
1753302226409137 23.076220158399604 31.94000244140625 -0.7141482669092326 -0.14963205456733703 0.28774651885032654 16 0.987 0.531 0.522 0.523 39.7263897 32.4189097 -1.7492798566818237 23.324621200561523
1753302226695350 23.725535674107366 31.47998046875 -0.6947510574439564 -0.14606820046901703 0.23536427319049835 13 0.994 0.533 0.517 0.524 39.726493 32.4189348 -1.6259576082229614 23.286808013916016
1753302226906674 23.725535674107366 31.47998046875 -0.6772935689252076 -0.14606820046901703 0.23536427319049835 13 1 0.533 0.517 0.524 39.726493 32.4189348 -1.6259576082229614 23.286808013916016
1753302227160982 22.898831146526273 30.760009765625 -0.647411638566386 -0.1386529564857483 0.15040691196918488 8 1 0.533 0.513 0.524 39.7265959 32.4189495 -1.290462851524353 23.198986053466797
1753302227403911 23.523259393602014 30.47998046875 -0.6142347878830414 -0.13835933953523635 0.11776115745306015 6 0.967 0.533 0.513 0.524 39.7265959 32.4189495 -1.1822880506515503 23.145301818847656
1753302227648274 23.0269514690109 30.19000244140625 -0.5778823846533998 -0.1381401777267456 0.09035266190767288 5 0.970 0.533 0.513 0.524 39.7265959 32.4189495 -1.1042348146438599 23.110244750976562
1753302227901383 23.070741184934267 29.94000244140625 -0.5390593562086019 -0.13328302800655364 0.06870758533477783 3 0.965 0.530 0.516 0.522 39.7266988 32.4189578 -0.9898889660835266 23.09723472595215
1753302227903895 23.070741184934267 29.94000244140625 -0.5041186306082839 -0.13328302800655364 0.06870758533477783 3 1 0.530 0.516 0.522 39.7266988 32.4189578 -0.9898889660835266 23.09723472595215
1753302228155674 23.21154065283855 29.719970703125 -0.46668642549547257 -0.12281875312328337 0.050478532910346985 2 1 0.528 0.510 0.522 39.7268028 32.4189625 -0.7773985862731934 23.100997924804688
1753302228405043 22.973541164723088 29.54998779296875 -0.4278776261702123 -0.1173389673233032 0.03914128243923187 2 1 0.528 0.510 0.522 39.7268028 32.4189625 -0.6289639472961426 23.12725257873535
1753302228661199 23.01959245487396 29.3800048828125 -0.38837159024133766 -0.11646121442317962 0.03119180724024773 1 0.988 0.528 0.516 0.522 39.7269081 32.4189662 -0.5838863253593445 23.185243606567383
1753302228915645 22.615534001526267 29.239990234375 -0.34874571275521354 -0.11389727890491486 0.029220158234238625 1 0.979 0.528 0.516 0.522 39.7269081 32.4189662 -0.5297470688819885 23.24744987487793
1753302229170929 23.12705608282427 29.1199951171875 -0.3091972615135524 -0.10249074697494505 0.029145732522010803 1 1 0.525 0.508 0.520 39.7270128 32.4189706 -0.36739441752433777 23.302734375
1753302229394264 22.555258696611876 29.04998779296875 -0.2704593215119374 -0.09361143410205841 0.03185903653502464 1 1 0.525 0.508 0.520 39.7270128 32.4189706 -0.19762800633907318 23.341333389282227
1753302229649711 23.143307824589247 29.0 -0.23270625609739415 -0.09292164444923401 0.036512378603219986 2 1 0.525 0.508 0.520 39.7270128 32.4189706 -0.18011163175106049 23.38991355895996
1753302229915751 23.204612078719965 28.94000244140625 -0.196794117140029 -0.09065822064876557 0.044405680149793625 2 1 0.524 0.515 0.520 39.7271174 32.4189771 -0.17824438214302063 23.431928634643555
1753302230170348 22.559790612340215 28.90997314453125 -0.1624639999692924 -0.0800757072865963 0.05540219694375992 3 1 0.521 0.507 0.518 39.7272229 32.4189868 -0.015167937614023685 23.475482940673828
1753302230395148 22.809127308057786 28.91998291015625 -0.13017480717527455 -0.07762591093778609 0.06564003974199295 3 0.999 0.521 0.507 0.518 39.7272229 32.4189868 0.055538833141326904 23.5308837890625
1753302230650344 23.063973139446766 28.92999267578125 -0.09991414379859793 -0.08257934227585792 0.07759537547826767 4 1 0.521 0.507 0.518 39.7272229 32.4189868 0.0072664483450353146 23.6036319732666
1753302230907379 22.765214632394336 28.91998291015625 -0.07169578997896457 -0.07767522260546683 0.09045687317848206 5 1 0.520 0.513 0.518 39.7273296 32.4190003 0.04354926943778992 23.670360565185547
1753302230908888 22.765214632394336 28.91998291015625 -0.046299271541294554 -0.07767522260546683 0.09045687317848206 5 1 0.520 0.513 0.518 39.7273296 32.4190003 0.04354926943778992 23.670360565185547
1753302231163946 22.75151373575576 28.9599609375 -0.022653541944137597 -0.07093912363052368 0.10640052706003189 6 0.970 0.516 0.508 0.516 39.7274353 32.4190179 0.1761554777622223 23.70701026916504
1753302231386914 22.889453894250178 29.0 -0.0008499818876785511 -0.07130991294980049 0.12003057450056076 6 0.968 0.516 0.508 0.516 39.7274353 32.4190179 0.1826295554637909 23.714868545532227
1753302231388923 22.889453894250178 29.0 0.018773222163134595 -0.07130991294980049 0.12003057450056076 6 0.997 0.516 0.508 0.516 39.7274353 32.4190179 0.1826295554637909 23.714868545532227
1753302231674990 22.991580473042447 29.02996826171875 0.03660207616819183 -0.07337507307529449 0.13540619611740112 7 0.987 0.516 0.510 0.516 39.7275399 32.4190395 0.12623102962970734 23.713903427124023
1753302231899345 22.995519322967205 29.05999755859375 0.05268352145731366 -0.07180899605154992 0.15087494254112246 8 1 0.516 0.510 0.516 39.7275399 32.4190395 0.1284961849451065 23.71262550354004
1753302232155202 22.284768983218623 29.0999755859375 0.06695219798189328 -0.06990013644099236 0.16515490412712097 9 0.993 0.516 0.508 0.516 39.7276443 32.4190653 0.1660114973783493 23.706899642944336
1753302232410616 22.515580596234496 29.13995361328125 0.07965703985066944 -0.07134264484047889 0.17965278029441833 10 0.988 0.516 0.508 0.516 39.7276443 32.4190653 0.14774110913276672 23.702272415161133
1753302232668479 22.600612936721284 29.17999267578125 0.0906326131311512 -0.07343332916498183 0.19586120545864105 11 1 0.516 0.511 0.516 39.7277493 32.4190954 0.12184262275695801 23.736482620239258
1753302232915565 23.147739767638633 29.199951171875 0.10013233181424047 -0.07243755683302879 0.20836375653743747 11 1 0.516 0.511 0.516 39.7277493 32.4190954 0.13567222654819489 23.76227378845215
1753302233170738 22.87491478786081 29.25 0.10824452689218914 -0.06868221387267112 0.22470225393772128 12 0.966 0.516 0.506 0.516 39.7278529 32.4191291 0.21022380888462067 23.768665313720703
1753302233393746 22.798708263502142 29.28997802734375 0.11504184023375866 -0.06852012947201729 0.2380415350198746 13 1 0.516 0.506 0.516 39.7278529 32.4191291 0.2170024961233139 23.749277114868164
1753302233649322 22.82779181834054 29.3399658203125 0.1202396212443908 -0.07140272110700607 0.25288140773773193 14 1 0.515 0.512 0.516 39.7279551 32.419166 0.17950311303138733 23.730609893798828
1753302233904878 23.208380680779804 29.3599853515625 0.12412289903389216 -0.07529226168990136 0.2654343545436859 15 0.966 0.515 0.512 0.516 39.7279551 32.419166 0.08992870897054672 23.718063354492188
1753302234161012 22.923189630589526 29.39996337890625 0.12675171755993486 -0.06974386200308799 0.2791652977466583 15 0.986 0.514 0.504 0.515 39.7280567 32.4192061 0.17726828157901764 23.701112747192383
1753302234416493 22.74857844298458 29.449951171875 0.12843424674788823 -0.06968651860952378 0.28972718119621277 16 1 0.514 0.504 0.515 39.7280567 32.4192061 0.20291949808597565 23.678668975830078
1753302234419065 22.74857844298458 29.449951171875 0.12994852301704624 -0.06968651860952378 0.28972718119621277 16 0.975 0.514 0.504 0.515 39.7280567 32.4192061 0.20291949808597565 23.678668975830078
1753302234673936 22.76279120829211 29.489990234375 0.13038451943303112 -0.07666300609707831 0.2993640601634979 17 0.955 0.516 0.512 0.516 39.7281588 32.4192495 0.10800588876008987 23.697816848754883
1753302234896901 22.539167338992637 29.5 0.13001576340351967 -0.07932563275098799 0.3096618354320526 17 0.969 0.516 0.512 0.516 39.7281588 32.4192495 0.04934338480234146 23.729042053222656
1753302234898912 22.539167338992637 29.5 0.12968388297695937 -0.07932563275098799 0.3096618354320526 17 0.981 0.516 0.512 0.516 39.7281588 32.4192495 0.04934338480234146 23.729042053222656
1753302235152870 22.8151366432697 29.52996826171875 0.12863759486561138 -0.07448288798332214 0.31917068362236023 18 0.974 0.516 0.512 0.516 39.7281588 32.4192495 0.13184620440006256 23.759830474853516
1753302235409626 22.84761972889926 29.57000732421875 0.12705062289850522 -0.07230064198374747 0.328483134508133 18 1 0.513 0.504 0.515 39.7282602 32.4192951 0.1964353621006012 23.753742218017578
1753302235668471 22.897477588627762 29.6099853515625 0.12474127748444624 -0.07919435054063795 0.3376201093196869 19 0.978 0.515 0.510 0.516 39.7283598 32.4193423 0.08382640033960342 23.73582649230957
1753302235889711 23.05042036384605 29.6199951171875 0.1217329857245232 -0.07838292196393012 0.344060480594635 19 0.972 0.515 0.510 0.516 39.7283598 32.4193423 0.06681495904922485 23.726051330566406
1753302236175454 22.887470574744302 29.63995361328125 0.11816558606879221 -0.07611765190958976 0.35284486413002014 20 0.975 0.515 0.506 0.516 39.7284588 32.4193912 0.0907512977719307 23.7132568359375
1753302236399185 23.04270430640937 29.65997314453125 0.11434029967298781 -0.0763527676463127 0.35942664742469793 20 0.969 0.515 0.506 0.516 39.7284588 32.4193912 0.10483631491661072 23.709165573120117
1753302236655316 23.18256010482864 29.69000244140625 0.11003314418236025 -0.07767002284526825 0.3668725788593292 21 0.990 0.515 0.506 0.516 39.7285588 32.4194423 0.08875974267721176 23.731040954589844
1753302236910773 22.51305256473331 29.7099609375 0.10571207892274506 -0.080035699903965 0.3720097243785858 21 0.988 0.512 0.509 0.514 39.7285588 32.4194423 0.0643768385052681 23.75057029724121
1753302236911541 22.51305256473331 29.7099609375 0.1018231201890914 -0.080035699903965 0.3720097243785858 21 1 0.512 0.509 0.514 39.7285588 32.4194423 0.0643768385052681 23.75057029724121
1753302236916807 22.51305256473331 29.7099609375 0.0983230573288031 -0.080035699903965 0.3720097243785858 21 0.965 0.512 0.509 0.514 39.7285588 32.4194423 0.0643768385052681 23.75057029724121
1753302237165212 22.53927298352238 29.719970703125 0.09423448017401347 -0.07887059375643729 0.3773784041404724 21 1 0.512 0.509 0.514 39.7286582 32.4194947 0.07705562561750412 23.77152442932129
1753302237419026 22.191679684299604 29.89996337890625 0.03427324924912616 -0.04759780690073967 0.32558289170265203 18 0.950 0.378 0.531 0.447 39.7286582 32.4194947 0.7279553413391113 23.711076736450195
1753302237670706 22.191679684299604 29.89996337890625 -0.019691858583272413 -0.04759780690073967 0.32558289170265203 18 1 0.570 0.582 0.543 39.7287585 32.4195387 0.7279553413391113 23.711076736450195
1753302237892906 22.042079367637065 30.0799560546875 -0.09491370966456615 0.0009696398861706257 0.2845335006713867 16 0.962 0.570 0.582 0.543 39.7287585 32.4195387 0.7722883224487305 23.763002395629883
1753302238181630 21.630813033595334 30.3499755859375 -0.1615294174887742 0.0875106394290924 0.19092540442943573 10 1 0.530 0.504 0.523 39.7288644 32.4195564 1.4878575801849365 23.987730026245117
1753302238405346 22.602813419457483 30.88995361328125 -0.20969904868644526 0.14424475878477094 0.09386515617370605 5 1 0.530 0.504 0.523 39.7288644 32.4195564 2.798799514770508 24.016355514526367
1753302238649577 22.041058751270082 31.739990234375 -0.24371207423962998 0.1345106929540634 0.03152765333652496 1 1 0.530 0.504 0.523 39.7288644 32.4195564 3.2261390686035156 23.902935028076172
1753302238895560 22.422569661912767 32.449951171875 -0.2700891673680352 0.07810013741254805 0.0043877228163182735 0 1 0.507 0.509 0.512 39.7289724 32.4195529 2.487616539001465 23.87251853942871
1753302239151130 22.0315443748072 33.010009765625 -0.2933168989523834 0.05046854391694068 -0.03362780809402466 358 1 0.525 0.513 0.520 39.72908 32.4195412 1.9096301794052124 23.809568405151367
1753302239405457 22.33647102418729 33.489990234375 -0.31515335876684664 0.06904532089829445 -0.08079193532466888 355 1 0.525 0.513 0.520 39.72908 32.4195412 2.099776029586792 23.696014404296875
1753302239660827 21.740230103100785 34.0799560546875 -0.3329034373665566 0.07409384474158287 -0.12366655468940735 352 1 0.525 0.513 0.520 39.72908 32.4195412 2.237241744995117 23.568519592285156
1753302239917086 22.119094242330473 34.5799560546875 -0.34449025322539045 0.04611654281616211 -0.1532554775476456 351 0.958 0.521 0.504 0.518 39.7291839 32.4195176 1.8785808086395264 23.522123336791992
1753302239919194 22.119094242330473 34.5799560546875 -0.3549183874983409 0.04611654281616211 -0.1532554775476456 351 1 0.521 0.504 0.518 39.7291839 32.4195176 1.8785808086395264 23.522123336791992
1753302240173002 21.895616757979166 35.01995849609375 -0.36075758066703256 0.020103512890636922 -0.18588711321353915 349 1 0.520 0.514 0.517 39.7292859 32.4194865 1.456206202507019 23.497303009033203
1753302240397171 21.458730756140163 35.3499755859375 -0.364463172497714 0.016823902353644372 -0.21885864436626434 347 1 0.520 0.514 0.517 39.7292859 32.4194865 1.3600062131881714 23.466291427612305
1753302240398679 21.458730756140163 35.3499755859375 -0.36779820514532724 0.016823902353644372 -0.21885864436626434 347 1 0.520 0.514 0.517 39.7292859 32.4194865 1.3600062131881714 23.466291427612305
1753302240652629 21.464335349223596 35.719970703125 -0.36910988622438434 0.016434882581233975 -0.25400975346565247 345 0.951 0.520 0.514 0.517 39.7292859 32.4194865 1.3918746709823608 23.44612693786621
1753302240909160 21.23717478372673 36.04998779296875 -0.3675030863302784 0.00651097921654582 -0.27949631214141846 343 1 0.524 0.504 0.520 39.729387 32.419447 1.2787859439849854 23.478729248046875
1753302241155743 21.33007055587417 36.3499755859375 -0.36260130369822713 -0.00892036398872733 -0.3061496317386627 342 0.999 0.524 0.504 0.520 39.729387 32.419447 1.0711956024169922 23.538047790527344
1753302241410580 22.02461615882516 36.5999755859375 -0.35545231727505217 -0.01792765837162733 -0.32934117317199707 341 0.978 0.519 0.514 0.517 39.7294874 32.4194006 0.93135005235672 23.59858512878418
1753302241662775 21.523035025033227 36.8399658203125 -0.34667175854216054 -0.014009455218911171 -0.35475125908851624 339 1 0.524 0.499 0.520 39.7295853 32.4193491 0.978056013584137 23.621824264526367
1753302241899340 21.87575248005909 37.0899658203125 -0.33610922704610263 -0.015835307724773883 -0.3734646141529083 338 0.993 0.524 0.499 0.520 39.7295853 32.4193491 1.0017870664596558 23.618120193481445
1753302242156767 21.752316348609003 37.3299560546875 -0.32333458462780446 -0.031994586065411564 -0.39212724566459656 337 1 0.521 0.515 0.518 39.7296817 32.4192935 0.7829904556274414 23.6328182220459
1753302242409291 22.39736187652486 37.5 -0.30952411591493245 -0.03935337327420711 -0.40877828001976013 336 1 0.521 0.515 0.518 39.7296817 32.4192935 0.6303425431251526 23.65762710571289
1753302242663170 22.15508349531096 37.66998291015625 -0.2947884905292078 -0.03167929388582706 -0.42449599504470825 335 1 0.521 0.515 0.518 39.7296817 32.4192935 0.7371296286582947 23.66453742980957
1753302242917984 22.731015024586434 37.8599853515625 -0.27932735901655115 -0.0326375100761652 -0.43709418177604675 334 1 0.523 0.499 0.519 39.7297775 32.4192343 0.7818855047225952 23.682893753051758
1753302242921053 22.731015024586434 37.8599853515625 -0.2654123406551602 -0.0326375100761652 -0.43709418177604675 334 1 0.523 0.499 0.519 39.7297775 32.4192343 0.7818855047225952 23.682893753051758
1753302243173265 22.00377732194251 38.04998779296875 -0.25037058302244447 -0.04352718479931354 -0.4478107690811157 334 1 0.521 0.511 0.518 39.7298737 32.4191719 0.6296347975730896 23.73397445678711
1753302243395646 22.604536269980933 38.19000244140625 -0.2347701559228978 -0.04900889247655869 -0.4550747573375702 333 1 0.521 0.511 0.518 39.7298737 32.4191719 0.5367898344993591 23.782766342163086
1753302243681995 22.850981109836518 38.3399658203125 -0.2186662781026913 -0.04634148851037025 -0.4630663692951203 333 0.969 0.519 0.502 0.517 39.7299691 32.4191082 0.5908820033073425 23.8159236907959
1753302243904279 22.28146016915951 38.5 -0.20243238235595404 -0.046221794933080665 -0.4694998562335968 333 1 0.519 0.502 0.517 39.7299691 32.4191082 0.6025561094284058 23.81934356689453
1753302244162118 22.74791834037546 38.64996337890625 -0.18607641041352668 -0.052318782359361646 -0.4752028286457062 332 0.953 0.313 0.510 0.415 39.7300633 32.4190441 0.5206879377365112 23.81392478942871
1753302244414486 22.835674887578854 38.760009765625 -0.17029509552634645 -0.058748481422662736 -0.4791262447834015 332 1 0.313 0.510 0.415 39.7300633 32.4190441 0.3871895372867584 23.81599235534668
1753302244416484 22.835674887578854 38.760009765625 -0.15609191212788423 -0.058748481422662736 -0.4791262447834015 332 0.971 0.313 0.510 0.415 39.7300633 32.4190441 0.3871895372867584 23.81599235534668
1753302244663676 22.40633071463531 38.8699951171875 -0.16673367339731932 -0.06459572911262512 -0.5172865986824036 330 0.964 0.405 0.553 0.460 39.730157 32.4189771 0.43787023425102234 23.812856674194336
1753302244912453 23.2880607804483 38.9599609375 -0.21470130489791944 -0.0733969360589981 -0.54050612449646 329 0.994 0.405 0.553 0.460 39.730157 32.4189771 0.26427996158599854 23.852519989013672
1753302244913457 23.2880607804483 38.9599609375 -0.25787217324845957 -0.0733969360589981 -0.54050612449646 329 1 0.405 0.553 0.460 39.730157 32.4189771 0.26427996158599854 23.852519989013672
1753302245161789 22.296417844875293 38.9599609375 -0.32284207702731876 -0.045833127200603486 -0.6093239188194275 325 1 0.405 0.553 0.460 39.730157 32.4189771 -0.22945377230644226 24.125246047973633
1753302245164791 22.296417844875293 38.9599609375 -0.381314990428292 -0.045833127200603486 -0.6093239188194275 325 1 0.542 0.655 0.529 39.7302427 32.4188891 -0.22945377230644226 24.125246047973633
1753302245415016 22.44558591895104 38.90997314453125 -0.43394061248916793 0.030405037105083462 -0.7673987150192261 316 0.960 0.542 0.655 0.529 39.7302427 32.4188891 0.07881469279527664 24.78887939453125
1753302245417013 22.44558591895104 38.90997314453125 -0.48130367234395627 0.030405037105083462 -0.7673987150192261 316 1 0.542 0.655 0.529 39.7302427 32.4188891 0.07881469279527664 24.78887939453125
1753302245663177 23.17674066624149 39.15997314453125 -0.5239304262132658 0.1368320807814598 -1.0129603147506714 301 1 0.542 0.655 0.529 39.7302427 32.4188891 2.008652687072754 25.62660789489746
1753302245919212 23.312025972631773 39.90997314453125 -0.5622945046956443 0.2126411736011505 -1.2097054719924927 290 1 0.528 0.502 0.521 39.7302986 32.4187597 3.825559377670288 25.729719161987305
1753302246172385 23.857069514292558 41.0 -0.5968221753297851 0.20674469769001008 -1.3069608211517334 285 1 0.508 0.433 0.512 39.7303206 32.418614 4.039935111999512 25.523330688476562
1753302246172742 23.857069514292558 41.0 -0.6278970789005117 0.20674469769001008 -1.3069608211517334 285 1 0.508 0.433 0.512 39.7303206 32.418614 4.039935111999512 25.523330688476562
1753302246396299 23.78188141604778 41.8499755859375 -0.6544199184557579 0.11107214540243149 -1.3107789754867554 284 0.984 0.508 0.433 0.512 39.7303206 32.418614 2.6309969425201416 25.357372283935547
1753302246398818 23.78188141604778 41.8499755859375 -0.6782904740554794 0.11107214540243149 -1.3107789754867554 284 0.977 0.508 0.433 0.512 39.7303206 32.418614 2.6309969425201416 25.357372283935547
1753302246683076 23.893149183868317 42.25 -0.698213125143889 -0.014338445663452147 -1.3025041818618774 285 0.966 0.506 0.557 0.511 39.7303402 32.4184698 0.43450677394866943 25.06001853942871
1753302246907055 24.234981066448764 42.19000244140625 -0.7184950514505297 -0.06432281732559204 -1.3498587608337402 282 0.981 0.506 0.557 0.511 39.7303402 32.4184698 -0.6901543736457825 24.738359451293945
1753302246908568 24.234981066448764 42.19000244140625 -0.7367487851265065 -0.06432281732559204 -1.3498587608337402 282 1 0.506 0.557 0.511 39.7303402 32.4184698 -0.6901543736457825 24.738359451293945
1753302247162701 23.474476372351184 41.97998046875 -0.753831027717561 -0.05285674631595612 -1.4539070129394531 276 0.962 0.521 0.555 0.518 39.7303459 32.4183254 -0.7849984169006348 24.56955337524414
1753302247413622 23.252232855111828 41.8399658203125 -0.7692050460495102 -0.026193286105990407 -1.569069743156433 270 1 0.521 0.555 0.518 39.7303459 32.4183254 -0.40718796849250793 24.56285858154297
1753302247666978 22.487417479055352 41.82000732421875 -0.7807589820192051 -0.002361399936489761 -1.6899892091751099 263 1 0.521 0.509 0.518 39.730326 32.4181846 0.0818694457411766 24.557628631591797
1753302247897570 22.374937481311694 41.89996337890625 -0.7877339945285732 0.0030538483057171105 -1.7802802324295044 258 1 0.521 0.509 0.518 39.730326 32.4181846 0.30328115820884705 24.44405746459961
1753302247898594 22.374937481311694 41.89996337890625 -0.7940115057870043 0.0030538483057171105 -1.7802802324295044 258 1 0.521 0.509 0.518 39.730326 32.4181846 0.30328115820884705 24.44405746459961
1753302248183658 22.314001476549826 41.969970703125 -0.7959336093167328 -0.022415777668356895 -1.8514958620071411 253 1 0.515 0.517 0.516 39.730289 32.4180529 0.04552285000681877 24.2487850189209
1753302248407601 22.928536418023942 41.94000244140625 -0.794609104195225 -0.05384827330708504 -1.906046748161316 250 0.997 0.515 0.517 0.516 39.730289 32.4180529 -0.42788559198379517 24.04545021057129
1753302248408649 22.928536418023942 41.94000244140625 -0.793417049585868 -0.05384827330708504 -1.906046748161316 250 1 0.515 0.517 0.516 39.730289 32.4180529 -0.42788559198379517 24.04545021057129
1753302248662019 22.935902172052938 41.79998779296875 -0.7900113461665115 -0.07568560242652893 -1.9706655740737915 247 1 0.515 0.517 0.516 39.730289 32.4180529 -0.784275233745575 23.828990936279297
1753302248916688 23.46089067319344 41.6099853515625 -0.7849577127324165 -0.07973241358995438 -2.0372228622436523 243 0.999 0.521 0.530 0.518 39.7302412 32.4179297 -0.8656065464019775 23.673437118530273
1753302248919366 23.46089067319344 41.6099853515625 -0.780409442641731 -0.07973241358995438 -2.0372228622436523 243 1 0.521 0.530 0.518 39.7302412 32.4179297 -0.8656065464019775 23.673437118530273
1753302249172398 23.269692616161414 41.38995361328125 -0.7730907564685309 -0.07943740412592888 -2.1092429161071777 239 1 0.527 0.519 0.521 39.7301813 32.4178156 -0.8390037417411804 23.567995071411133
1753302249394733 22.59476835667613 41.2099609375 -0.7624703972332683 -0.07682958096265792 -2.172717809677124 235 1 0.527 0.519 0.521 39.7301813 32.4178156 -0.7275194525718689 23.511959075927734
1753302249681183 22.697721374660297 41.01995849609375 -0.7478238280528492 -0.08080316260457039 -2.2336902618408203 232 1 0.528 0.516 0.522 39.7301114 32.4177121 -0.6842823028564453 23.45327377319336
1753302249905164 23.11221545981177 40.8599853515625 -0.7296344222945308 -0.09248061925172806 -2.282177209854126 229 0.968 0.528 0.516 0.522 39.7301114 32.4177121 -0.7570846676826477 23.389148712158203
1753302250164764 23.192579869741934 40.65997314453125 -0.7080349787165823 -0.10206050723791121 -2.329475164413452 226 0.963 0.526 0.518 0.521 39.730036 32.417619 -0.8490678071975708 23.312578201293945
1753302250420982 22.84681727720222 40.47998046875 -0.6835669246992561 -0.10250523537397385 -2.3728342056274414 224 1 0.526 0.518 0.521 39.730036 32.417619 -0.8024444580078125 23.247350692749023
1753302250422530 22.84681727720222 40.47998046875 -0.6615456760836624 -0.10250523537397385 -2.3728342056274414 224 1 0.526 0.518 0.521 39.730036 32.417619 -0.8024444580078125 23.247350692749023
1753302250677434 22.64531719215273 40.28997802734375 -0.6365556050163194 -0.10046092122793197 -2.415966033935547 221 1 0.532 0.511 0.524 39.7299558 32.4175341 -0.6886076927185059 23.18831443786621
1753302250919026 23.066210408644515 40.13995361328125 -0.6086522962589578 -0.09919639378786088 -2.4487454891204834 219 0.960 0.532 0.511 0.524 39.7299558 32.4175341 -0.5847799181938171 23.153837203979492
1753302251170476 23.11757007662682 39.97998046875 -0.5776742183512017 -0.10527061074972154 -2.47845721244812 218 1 0.532 0.511 0.524 39.7299558 32.4175341 -0.6029844880104065 23.141084671020508
1753302251427160 22.34753723098741 39.8299560546875 -0.5447145745169132 -0.10504484623670578 -2.503376007080078 216 0.961 0.529 0.516 0.522 39.7298712 32.4174542 -0.5576196908950806 23.16489601135254
1753302251428694 22.34753723098741 39.8299560546875 -0.5150508950660534 -0.10504484623670578 -2.503376007080078 216 0.953 0.529 0.516 0.522 39.7298712 32.4174542 -0.5576196908950806 23.16489601135254
1753302251682953 22.305502764018403 39.69000244140625 -0.48322437588959105 -0.10061952173709869 -2.525336742401123 215 1 0.528 0.509 0.522 39.7297841 32.417378 -0.44664376974105835 23.202978134155273
1753302251906545 22.671749717847213 39.5899658203125 -0.44982482389738415 -0.09676657766103744 -2.5408120155334473 214 0.971 0.528 0.509 0.522 39.7297841 32.417378 -0.34259650111198425 23.237464904785156
1753302251907375 22.671749717847213 39.5899658203125 -0.41976522710439795 -0.09676657766103744 -2.5408120155334473 214 1 0.528 0.509 0.522 39.7297841 32.417378 -0.34259650111198425 23.237464904785156
1753302251912695 22.671749717847213 39.5899658203125 -0.3927115899907104 -0.09676657766103744 -2.5408120155334473 214 1 0.528 0.509 0.522 39.7297841 32.417378 -0.34259650111198425 23.237464904785156
1753302252171105 23.139061070808598 39.51995849609375 -0.3632561045217411 -0.0953434184193611 -2.5538151264190674 213 1 0.525 0.514 0.520 39.7296966 32.4173047 -0.2704103887081146 23.254526138305664
1753302252410429 22.317926083850423 39.449951171875 -0.33297736479293377 -0.09676602482795715 -2.5629117488861084 213 0.990 0.525 0.514 0.520 39.7296966 32.4173047 -0.28561967611312866 23.272891998291016
1753302252666066 22.570444084036147 39.3800048828125 -0.30239759862528204 -0.0917530804872513 -2.571411371231079 212 1 0.526 0.508 0.521 39.7296087 32.4172319 -0.2102368026971817 23.296463012695312
1753302252921100 22.706663307210707 39.3399658203125 -0.2720878790158473 -0.08471983373165132 -2.572084188461304 212 0.969 0.526 0.508 0.521 39.7296087 32.4172319 -0.08798420429229736 23.32208824157715
1753302253177323 23.056955481930064 39.3299560546875 -0.24166376288280866 -0.0842576652765274 -2.572413444519043 212 1 0.522 0.515 0.519 39.7295201 32.417158 -0.04262944310903549 23.3599910736084
1753302253401151 22.789620364776777 39.30999755859375 -0.21155304964374883 -0.08764301687479019 -2.5721933841705322 212 1 0.522 0.515 0.519 39.7295201 32.417158 -0.09795136749744415 23.423614501953125
1753302253647682 22.63372497933246 39.26995849609375 -0.18238010262839244 -0.08469519093632698 -2.568709135055542 212 0.967 0.522 0.515 0.519 39.7295201 32.417158 -0.05397668480873108 23.512460708618164
1753302253896767 22.936649314144002 39.26995849609375 -0.15445643519215804 -0.07722900807857512 -2.5638887882232666 213 0.964 0.523 0.510 0.519 39.7294308 32.4170817 0.06968115270137787 23.58847999572754
1753302253898778 22.936649314144002 39.26995849609375 -0.12932513449954708 -0.07722900807857512 -2.5638887882232666 213 1.000 0.523 0.510 0.519 39.7294308 32.4170817 0.06968115270137787 23.58847999572754
1753302254177134 22.634853232353237 39.29998779296875 -0.10499268064827669 -0.07168362289667128 -2.5535898208618164 213 0.969 0.310 0.506 0.413 39.7293429 32.4170038 0.18004070222377777 23.64254379272461
1753302254400647 23.01983745609645 39.3499755859375 -0.08193686118660225 -0.07398766428232194 -2.547529935836792 214 0.968 0.310 0.506 0.413 39.7293429 32.4170038 0.15128780901432037 23.670560836791992
1753302254654426 22.313650470018615 39.3800048828125 -0.08492366383318173 -0.07656426280736923 -2.5761561393737793 212 1 0.310 0.506 0.413 39.7293429 32.4170038 0.18375447392463684 23.68247413635254
1753302254909646 23.44068993215662 39.42999267578125 -0.1261404744670755 -0.09045749008655549 -2.585601329803467 211 0.984 0.381 0.535 0.448 39.7292556 32.416926 0.11138012260198593 23.6666202545166
1753302255165022 22.50453466969521 39.39996337890625 -0.2027514569657415 -0.08012833073735236 -2.6281790733337402 209 1 0.554 0.651 0.535 39.72916 32.4168631 -0.3492031395435333 23.786396026611328
1753302255418844 21.883578322485135 39.26995849609375 -0.2732334323728725 -0.017196153290569782 -2.7455101013183594 202 0.976 0.554 0.651 0.535 39.72916 32.4168631 -0.4872579276561737 24.24078941345215
1753302255672521 22.90365330021273 39.29998779296875 -0.3366672102392904 0.08674544543027876 -2.9658541679382324 190 0.981 0.554 0.651 0.535 39.72916 32.4168631 1.0179795026779175 25.102405548095703
1753302255926221 23.150344485448898 39.80999755859375 -0.39375761031906653 0.16963346153497696 3.117884397506714 178 1 0.522 0.521 0.519 39.7290479 32.4168451 2.9788947105407715 25.43687629699707
1753302255928814 23.150344485448898 39.80999755859375 -0.44513897039086503 0.16963346153497696 3.117884397506714 178 0.990 0.522 0.521 0.519 39.7290479 32.4168451 2.9788947105407715 25.43687629699707
1753302256179834 23.53452575635697 40.72998046875 -0.4913821944554837 0.18314366936683654 2.999518394470215 171 1 0.513 0.431 0.515 39.7289363 32.4168749 3.6525206565856934 25.31491470336914
1753302256405454 23.163616000452542 41.51995849609375 -0.5289533670807056 0.10583604425191878 2.9825308322906494 170 0.981 0.513 0.431 0.515 39.7289363 32.4168749 2.5526318550109863 25.168399810791016
1753302256667682 23.932859310969395 41.90997314453125 -0.5602316381988679 -0.019362528808414936 2.990781784057617 171 1 0.502 0.561 0.509 39.7288281 32.4169095 0.44138163328170776 24.91532325744629
1753302256920851 23.86335443334497 41.8399658203125 -0.5901536574176927 -0.07446599006652832 2.9478142261505127 168 1 0.502 0.561 0.509 39.7288281 32.4169095 -0.7430251836776733 24.60932731628418
1753302257176278 23.49727516988492 41.6300048828125 -0.6194928077052813 -0.056204114109277725 2.846545457839966 163 1 0.523 0.546 0.519 39.7287258 32.416959 -0.738616943359375 24.392011642456055
1753302257400915 22.710824188105597 41.510009765625 -0.645261566685806 -0.029552062600851057 2.7396578788757324 156 0.987 0.523 0.546 0.519 39.7287258 32.416959 -0.3478570878505707 24.326828002929688
1753302257401927 22.710824188105597 41.510009765625 -0.6684534497682784 -0.029552062600851057 2.7396578788757324 156 1 0.523 0.546 0.519 39.7287258 32.416959 -0.3478570878505707 24.326828002929688
1753302257689153 22.8574410445843 41.47998046875 -0.6859403384588243 -0.010065122228115796 2.6346359252929688 150 1 0.521 0.508 0.518 39.7286333 32.4170361 0.04760322347283363 24.315048217773438
1753302257912436 22.561449997135234 41.51995849609375 -0.6979631661947441 -0.008458003867417574 2.5541079044342045 146 1 0.521 0.508 0.518 39.7286333 32.4170361 0.20290808379650116 24.25252342224121
1753302258169726 22.976235329912743 41.57000732421875 -0.7049565028765088 -0.03257013745605945 2.4876575469970703 142 0.989 0.516 0.520 0.516 39.7285521 32.4171289 -0.011990210972726345 24.109390258789062
1753302258425629 23.321381331520442 41.510009765625 -0.7083417098180907 -0.061619541794061664 2.4365313053131104 139 1 0.516 0.520 0.516 39.7285521 32.4171289 -0.46602481603622437 23.937814712524414
1753302258676390 22.494654532768358 41.3599853515625 -0.7088653612544946 -0.07887704521417617 2.3710904121398926 135 0.980 0.523 0.527 0.519 39.7284808 32.4172306 -0.7272723913192749 23.760988235473633
1753302258898931 23.348572121166022 41.19000244140625 -0.7071297974953781 -0.07939647361636161 2.308849811553955 132 0.987 0.523 0.527 0.519 39.7284808 32.4172306 -0.7495179176330566 23.629629135131836
1753302259186379 22.99734983766816 41.010009765625 -0.7021312843176482 -0.07748912125825881 2.241709709167481 128 0.998 0.527 0.517 0.521 39.7284203 32.4173424 -0.6815545558929443 23.528085708618164
1753302259409392 23.000271736921956 40.8599853515625 -0.6933812913667641 -0.07795141488313674 2.18634295463562 125 1 0.527 0.517 0.521 39.7284203 32.4173424 -0.6208518147468567 23.45107078552246
1753302259666276 23.150178961757607 40.699951171875 -0.680423386457993 -0.08504060730338095 2.1323771476745605 122 0.956 0.527 0.516 0.521 39.7283689 32.4174626 -0.6356380581855774 23.40675926208496
1753302259920853 22.37198804603873 40.53997802734375 -0.6641943760783375 -0.0908821702003479 2.0870859622955322 119 1 0.527 0.516 0.521 39.7283689 32.4174626 -0.6516989469528198 23.375133514404297
1753302260177675 22.57630410025622 40.3599853515625 -0.6445251948896856 -0.09520960152149201 2.0415918827056885 116 1 0.528 0.514 0.522 39.7283257 32.4175873 -0.6498925685882568 23.3430118560791
1753302260399621 23.145056609348757 40.2099609375 -0.6221450967130492 -0.09608641564846039 2.005026340484619 114 0.995 0.528 0.514 0.522 39.7283257 32.4175873 -0.6135686635971069 23.299297332763672
1753302260685352 22.34985034054466 40.04998779296875 -0.5966164144162025 -0.09905274063348771 1.969470739364624 112 0.956 0.528 0.514 0.522 39.7282894 32.4177136 -0.5883312225341797 23.249799728393555
1753302260908876 23.10901084687161 39.92999267578125 -0.5687959318414646 -0.09962786436080932 1.9401638507843018 111 1 0.528 0.514 0.522 39.7282894 32.4177136 -0.5489456653594971 23.215007781982422
1753302261162673 22.392560594986016 39.79998779296875 -0.5389296703090057 -0.09874771237373353 1.9116079807281494 109 1 0.528 0.514 0.522 39.7282894 32.4177136 -0.4757934808731079 23.193275451660156
1753302261418856 22.92793552336506 39.699951171875 -0.5076162093177247 -0.09423608332872391 1.8886927366256714 108 1 0.529 0.510 0.522 39.7282578 32.4178418 -0.3697831630706787 23.184717178344727
1753302261675418 22.42712171888183 39.6199951171875 -0.47460799574507545 -0.09402007162570954 1.8684862852096558 107 1 0.527 0.511 0.521 39.7282291 32.4179734 -0.299025297164917 23.210922241210938
1753302261928913 22.58143345772622 39.53997802734375 -0.44068273895668925 -0.09655418545007705 1.8545469045639038 106 1 0.527 0.511 0.521 39.7282291 32.4179734 -0.3072834610939026 23.252687454223633
1753302262185325 22.885081304182382 39.449951171875 -0.40593417132217835 -0.09610069543123245 1.843618631362915 105 1 0.524 0.512 0.520 39.7282022 32.4181057 -0.27203550934791565 23.305387496948242
1753302262409679 22.447311786645592 39.38995361328125 -0.3711217159269972 -0.09263315945863723 1.8351839780807495 105 1 0.524 0.512 0.520 39.7282022 32.4181057 -0.2198249101638794 23.339048385620117
1753302262410689 22.447311786645592 39.38995361328125 -0.33979050607133415 -0.09263315945863723 1.8351839780807495 105 1 0.524 0.512 0.520 39.7282022 32.4181057 -0.2198249101638794 23.339048385620117
1753302262688326 22.297094719012897 39.3599853515625 -0.3082432081831859 -0.08757608234882354 1.828555941581726 104 1 0.524 0.509 0.520 39.728176 32.4182372 -0.10986405611038208 23.36907196044922
1753302262904098 22.628934115970793 39.3399658203125 -0.2770665638905048 -0.08569652810692786 1.8255459070205688 104 1 0.524 0.509 0.520 39.728176 32.4182372 -0.09044232219457626 23.392824172973633
1753302263160682 23.050473531566247 39.32000732421875 -0.24669399719041107 -0.08368844538927078 1.8257642984390259 104 1 0.524 0.509 0.520 39.728176 32.4182372 -0.04173910617828369 23.419775009155273
1753302263417315 22.87356312787349 39.30999755859375 -0.21732736887575552 -0.08460603356361387 1.8277125358581543 104 0.998 0.522 0.512 0.519 39.7281495 32.418369 -0.0573115237057209 23.450557708740234
1753302263418867 22.87356312787349 39.30999755859375 -0.1908974033925655 -0.08460603356361387 1.8277125358581543 104 1 0.522 0.512 0.519 39.7281495 32.418369 -0.0573115237057209 23.450557708740234
1753302263673708 22.35431661287652 39.28997802734375 -0.16499035647514965 -0.08259385675191878 1.8305041790008545 104 1 0.522 0.511 0.519 39.7281217 32.4185023 -0.037534572184085846 23.500877380371094
1753302263929272 22.64248189026569 39.28997802734375 -0.1401893929332808 -0.07788267582654952 1.8372992277145386 105 0.984 0.522 0.511 0.519 39.7281217 32.4185023 0.03864612430334091 23.563936233520508
1753302264184975 22.26869209324338 39.30999755859375 -0.11633868089529713 -0.07344730123877524 1.8413641452789309 105 0.989 0.519 0.511 0.517 39.728092 32.4186363 0.1476164609193802 23.621700286865234
1753302264186090 22.26869209324338 39.30999755859375 -0.0948730400611118 -0.07344730123877524 1.8413641452789309 105 1 0.519 0.511 0.517 39.728092 32.4186363 0.1476164609193802 23.621700286865234
1753302264408521 23.257046873248875 39.3399658203125 -0.07444688600979647 -0.07750794887542724 1.848367214202881 105 1 0.519 0.511 0.517 39.728092 32.4186363 0.103609099984169 23.675424575805664
1753302264664342 22.98785661229117 39.3599853515625 -0.05520482143177749 -0.07828942537307738 1.8572450876235962 106 1 0.519 0.511 0.517 39.728092 32.4186363 0.06269238889217377 23.702781677246094
1753302264921007 23.16968726044302 39.3800048828125 -0.03716827881706501 -0.07104683220386505 1.8651117086410522 106 1 0.519 0.509 0.517 39.7280608 32.4187684 0.1514606922864914 23.705188751220703
1753302265175835 22.60611670729491 39.42999267578125 -0.02027676807975243 -0.07024780586361884 1.8756887912750244 107 0.993 0.517 0.509 0.516 39.7280277 32.4188992 0.2014220654964447 23.696598052978516
1753302265430522 22.40244567428769 39.469970703125 -0.004779357973952326 -0.07278384938836098 1.8846676349639895 107 0.977 0.517 0.509 0.516 39.7280277 32.4188992 0.13050268590450287 23.6944580078125
1753302265679055 22.852197257296993 39.489990234375 0.009223308327002019 -0.07483971044421196 1.8962876796722412 108 0.952 0.518 0.510 0.517 39.7279922 32.4190305 0.0972718670964241 23.704233169555664
1753302265918959 22.801678111751116 39.51995849609375 0.02190479293066504 -0.07297386229038239 1.9052455425262451 109 0.955 0.518 0.510 0.517 39.7279922 32.4190305 0.13098976016044617 23.73346519470215
1753302266175483 22.5342981702309 39.55999755859375 0.033279788386209985 -0.07386833056807517 1.915337085723877 109 1 0.378 0.483 0.447 39.7279544 32.4191616 0.1486986130475998 23.767581939697266
1753302266430737 23.254510631661855 39.5799560546875 0.02769171205882804 -0.0867202915251255 1.8971060514450073 108 0.985 0.378 0.483 0.447 39.7279544 32.4191616 0.020948179066181183 23.79170799255371
1753302266686748 23.539931570567802 39.52996826171875 -0.017617177894193745 -0.137906214594841 1.88996160030365 108 1 0.504 0.576 0.510 39.72792 32.4192926 -0.5274204611778259 23.769208908081055
1753302266910910 23.94656953096252 39.29998779296875 -0.0961524056766738 -0.15961216241121293 1.877481460571289 107 0.999 0.504 0.576 0.510 39.72792 32.4192926 -1.380164384841919 23.820919036865234
1753302266911712 23.94656953096252 39.29998779296875 -0.1668341106809058 -0.15961216241121293 1.877481460571289 107 0.993 0.504 0.576 0.510 39.72792 32.4192926 -1.380164384841919 23.820919036865234
1753302266917352 23.94656953096252 39.29998779296875 -0.23044764518471467 -0.15961216241121293 1.877481460571289 107 1 0.504 0.576 0.510 39.72792 32.4192926 -1.380164384841919 23.820919036865234
1753302267171022 23.418568058200705 38.8499755859375 -0.29816000176994834 -0.10925992727279663 1.7865489721298218 102 0.970 0.523 0.585 0.519 39.7279037 32.4194314 -1.8418434858322144 24.181753158569336
1753302267428805 23.042492208655254 38.489990234375 -0.3591011226966586 -0.030628577247262003 1.6266573667526245 93 0.972 0.523 0.585 0.519 39.7279037 32.4194314 -0.9170350432395935 24.903085708618164
1753302267680543 23.3124116140451 38.469970703125 -0.4117720360274261 0.029141072928905484 1.4624857902526855 83 0.965 0.516 0.435 0.516 39.7279219 32.4195774 0.6079419851303101 25.390724182128906
1753302267908826 23.3124116140451 38.469970703125 -0.4591758580251169 0.029141072928905484 1.4624857902526855 83 0.959 0.516 0.435 0.516 39.7279219 32.4195774 0.6079419851303101 25.390724182128906
1753302268193203 24.545456077861562 38.699951171875 -0.4980083880940347 -0.0913085713982582 1.3829299211502075 79 0.975 0.498 0.554 0.508 39.7279528 32.4197211 -0.8235366344451904 25.304443359375
1753302268413993 24.885068861018564 38.27996826171875 -0.5331689755427184 -0.1717222839593887 1.3644458055496216 78 0.976 0.498 0.554 0.508 39.7279528 32.4197211 -2.378875732421875 25.080623626708984
1753302268698335 24.758947541792956 37.5899658203125 -0.5664307809150824 -0.16709584295749663 1.2732588052749634 72 0.964 0.521 0.544 0.518 39.7279923 32.4198568 -2.5900256633758545 24.911752700805664
1753302268908738 24.419980843534145 37.03997802734375 -0.5966753723868676 -0.12858614772558213 1.1605663299560547 66 0.968 0.521 0.544 0.518 39.7279923 32.4198568 -2.0240423679351807 24.844099044799805
1753302269186906 24.410016203961042 36.5999755859375 -0.621311667202319 -0.09970019161701202 1.0519695281982422 60 0.990 0.520 0.515 0.518 39.7280528 32.419977 -1.4821553230285645 24.784048080444336
1753302269409711 23.72276413450855 36.28997802734375 -0.6395201289401101 -0.09374459385871886 0.9704121351242065 55 0.992 0.520 0.515 0.518 39.7280528 32.419977 -1.2510061264038086 24.67171859741211
1753302269664749 24.020827919840343 35.97998046875 -0.6518496993552728 -0.10733155161142349 0.8998855352401735 51 0.985 0.516 0.514 0.516 39.7281265 32.4200827 -1.3376089334487915 24.465713500976562
1753302269918574 24.07533683099777 35.63995361328125 -0.6599937549267189 -0.12277928292751313 0.841193199157715 48 1 0.516 0.514 0.516 39.7281265 32.4200827 -1.5191144943237305 24.240785598754883
1753302270174191 23.91708041729054 35.2099609375 -0.664800829085765 -0.14080609530210494 0.7804040312767029 44 1 0.520 0.529 0.518 39.7282084 32.4201756 -1.7659952640533447 24.032522201538086
1753302270428444 23.755439759608517 34.77996826171875 -0.6666099903521459 -0.14304139763116835 0.7214104533195497 41 1 0.520 0.529 0.518 39.7282084 32.4201756 -1.8126641511917114 23.886337280273438
1753302270685045 23.81937275317363 34.3299560546875 -0.664716161269324 -0.13646188080310823 0.6530225872993469 37 0.953 0.526 0.515 0.520 39.7282968 32.4202534 -1.6595029830932617 23.761011123657227
1753302270906276 23.84323563607034 33.969970703125 -0.6591496857807431 -0.13397575914859772 0.5963786840438843 34 0.985 0.526 0.515 0.520 39.7282968 32.4202534 -1.5281161069869995 23.624469757080078
1753302270908294 23.84323563607034 33.969970703125 -0.6541398578410202 -0.13397575914859772 0.5963786840438843 34 1 0.526 0.515 0.520 39.7282968 32.4202534 -1.5281161069869995 23.624469757080078
1753302271162608 23.265737094346246 33.5999755859375 -0.644601256864505 -0.13977121263742445 0.5441510677337646 31 1 0.523 0.518 0.519 39.728389 32.4203172 -1.5327249765396118 23.478038787841797
1753302271418722 23.021395395518987 33.239990234375 -0.6314570348416897 -0.14593181759119034 0.49883517622947693 28 1 0.523 0.518 0.519 39.728389 32.4203172 -1.560128092765808 23.357547760009766
1753302271666992 23.09425808695698 32.8699951171875 -0.6152528382201611 -0.14572414010763168 0.4525487720966339 25 0.999 0.528 0.517 0.522 39.7284846 32.4203706 -1.4940435886383057 23.252927780151367
1753302271906407 23.43734522691665 32.52996826171875 -0.5965816340022939 -0.14588513970375058 0.4138064384460449 23 1 0.528 0.517 0.522 39.7284846 32.4203706 -1.4396898746490479 23.190305709838867
1753302271908443 23.43734522691665 32.52996826171875 -0.5797775502062134 -0.14588513970375058 0.4138064384460449 23 1 0.528 0.517 0.522 39.7284846 32.4203706 -1.4396898746490479 23.190305709838867
1753302272194085 23.547170170733587 32.16998291015625 -0.5596996261229776 -0.14467750191688536 0.37595033645629883 21 1 0.528 0.516 0.521 39.7285834 32.4204153 -1.3470228910446167 23.16303825378418
1753302272418537 23.003251397373525 31.8699951171875 -0.5366977316335436 -0.14069005250930786 0.34554678201675415 19 0.961 0.528 0.516 0.521 39.7285834 32.4204153 -1.2414705753326416 23.16451644897461
1753302272675181 22.829404414262967 31.57000732421875 -0.5108860935743686 -0.1360978662967682 0.31604304909706116 18 0.975 0.527 0.514 0.521 39.7286834 32.4204532 -1.085497260093689 23.166635513305664
1753302272929890 22.73257155216378 31.3299560546875 -0.4832883497455153 -0.1343528851866722 0.29262009263038635 16 1 0.527 0.514 0.521 39.7286834 32.4204532 -0.9986574649810791 23.157569885253906
1753302273186015 22.97048972949712 31.0899658203125 -0.45399275455282034 -0.13148931413888928 0.2702472507953644 15 0.983 0.525 0.513 0.520 39.7287835 32.4204862 -0.9232902526855469 23.154281616210938
1753302273409756 23.044916310272107 30.8800048828125 -0.4237119781977466 -0.12684445232152938 0.25603365898132324 14 1 0.525 0.513 0.520 39.7287835 32.4204862 -0.8298836946487427 23.15928840637207
1753302273413877 23.044916310272107 30.8800048828125 -0.3964592794781802 -0.12684445232152938 0.25603365898132324 14 0.988 0.525 0.513 0.520 39.7287835 32.4204862 -0.8298836946487427 23.15928840637207
1753302273664832 22.64642870066498 30.69000244140625 -0.36805983977370366 -0.12147416919469833 0.24230647087097168 13 0.975 0.523 0.512 0.519 39.7288843 32.4205165 -0.7165246605873108 23.17169761657715
1753302273918579 22.93478615546626 30.52996826171875 -0.3393238694684467 -0.1178540825843811 0.23268446326255798 13 0.966 0.523 0.512 0.519 39.7288843 32.4205165 -0.6347798109054565 23.18914031982422
1753302274171485 23.09896414564786 30.3699951171875 -0.31031010437459605 -0.11443048119544982 0.2245743423700333 12 1 0.524 0.515 0.520 39.7289869 32.4205461 -0.5593996047973633 23.22294807434082
1753302274423337 22.64570547159373 30.239990234375 -0.281739310481705 -0.11314312070608139 0.21953356266021729 12 1 0.524 0.515 0.520 39.7289869 32.4205461 -0.520908772945404 23.27879524230957
1753302274666285 23.304827667971562 30.1099853515625 -0.25326687962861305 -0.1078810468316078 0.21784478425979614 12 0.956 0.524 0.515 0.520 39.7289869 32.4205461 -0.43187615275382996 23.352399826049805
1753302274918682 23.095199623780946 30.01995849609375 -0.22526124376998644 -0.10049867033958435 0.21637117862701416 12 1 0.521 0.511 0.518 39.7290902 32.4205755 -0.3090377151966095 23.40705108642578
1753302275172210 23.041613963066816 29.9599609375 -0.19802659757983357 -0.09742747396230697 0.21567311882972717 12 0.954 0.521 0.511 0.518 39.7290902 32.4205755 -0.24047493934631348 23.438875198364258
1753302275427044 22.906482859579402 29.8599853515625 -0.17013724006460612 -0.09414789080619812 0.2241441011428833 12 0.958 0.519 0.509 0.517 39.7291926 32.4206054 -0.1887333244085312 23.47561264038086
1753302275680704 22.906482859579402 29.8599853515625 -0.14503681830090137 -0.09414789080619812 0.2241441011428833 12 0.997 0.520 0.513 0.518 39.7292947 32.4206368 -0.1887333244085312 23.47561264038086
1753302275904903 22.79114100804195 29.82000732421875 -0.12133828107883203 -0.09342079013586044 0.22964012622833252 13 1 0.520 0.513 0.518 39.7292947 32.4206368 -0.20233777165412903 23.496471405029297
1753302276192546 22.60517125995587 29.78997802734375 -0.09913120839926305 -0.08708282485604285 0.23583905398845673 13 1 0.519 0.510 0.517 39.729398 32.4206706 -0.09451140463352203 23.53733253479004
1753302276415970 22.84782838894309 29.76995849609375 -0.07841475910484227 -0.08872218877077102 0.24326884746551514 13 0.975 0.519 0.510 0.517 39.729398 32.4206706 -0.08032835274934769 23.58592414855957
1753302276418522 22.84782838894309 29.76995849609375 -0.05976995473986357 -0.08872218877077102 0.24326884746551514 13 0.995 0.519 0.510 0.517 39.729398 32.4206706 -0.08032835274934769 23.58592414855957
1753302276671664 22.56420427619736 29.739990234375 -0.04235055502550742 -0.08778325915336609 0.2523109018802643 14 1 0.517 0.509 0.516 39.7295014 32.4207069 -0.07190276682376862 23.646520614624023
1753302276927019 22.418441055657418 29.72998046875 -0.025924067553552456 -0.08441466987133026 0.26105934381484985 14 1 0.517 0.509 0.516 39.7295014 32.4207069 -0.025773348286747932 23.689228057861328
1753302276928699 22.418441055657418 29.72998046875 -0.01114022882879299 -0.08441466987133026 0.26105934381484985 14 1 0.517 0.509 0.516 39.7295014 32.4207069 -0.025773348286747932 23.689228057861328
1753302277181156 22.99404909855008 29.739990234375 0.0023500756731582714 -0.08270741701126098 0.26979541778564453 15 0.964 0.517 0.509 0.516 39.7296032 32.4207453 0.018288403749465942 23.699411392211914
1753302277406847 22.6610853292457 29.739990234375 0.01443807658353028 -0.08471817523241042 0.2785286605358124 15 1 0.517 0.509 0.516 39.7296032 32.4207453 -0.02496311627328396 23.702056884765625
1753302277408460 22.6610853292457 29.739990234375 0.025317277402865088 -0.08471817523241042 0.2785286605358124 15 0.951 0.517 0.509 0.516 39.7296032 32.4207453 -0.02496311627328396 23.702056884765625
1753302277676993 22.809040625884776 29.739990234375 0.03527393271731186 -0.08255936726927757 0.2898518443107605 16 1 0.516 0.508 0.516 39.7297042 32.4207862 -0.004293571226298809 23.697227478027344
1753302277917204 23.135334401842798 29.75 0.044194949390353386 -0.08164530992507935 0.29936131834983826 17 1 0.516 0.508 0.516 39.7297042 32.4207862 0.008109258487820625 23.689931869506836
1753302277918218 23.135334401842798 29.75 0.05222386439609077 -0.08164530992507935 0.29936131834983826 17 0.986 0.516 0.508 0.516 39.7297042 32.4207862 0.008109258487820625 23.689931869506836
1753302278173242 23.020595128872888 29.75 0.05687207195133758 -0.07725089713931083 0.3037661015987396 17 1 0.516 0.508 0.516 39.7298054 32.4208298 0.035250868648290634 23.68086051940918
1753302278429194 22.480445775722202 29.80999755859375 0.033096872684098416 -0.05702901408076286 0.276153028011322 15 0.973 0.383 0.531 0.449 39.7298054 32.4208298 0.5000398755073547 23.67267417907715
1753302278685573 22.4504609153683 30.01995849609375 -0.030262598767813623 -0.03922566622495651 0.2534923553466797 14 1 0.548 0.619 0.532 39.7299097 32.4208632 0.8491395711898804 23.660480499267578
1753302278907130 22.38750585549756 30.219970703125 -0.1179934599947374 -0.003109125746414065 0.1900957673788071 10 0.958 0.548 0.619 0.532 39.7299097 32.4208632 0.6993660926818848 23.819732666015625
1753302278908207 22.38750585549756 30.219970703125 -0.1969512350989688 -0.003109125746414065 0.1900957673788071 10 1 0.548 0.619 0.532 39.7299097 32.4208632 0.6993660926818848 23.819732666015625
1753302279191964 21.747929475140488 30.449951171875 -0.26801323269277705 0.09359598606824875 0.037301916629076004 2 0.989 0.533 0.577 0.524 39.7300182 32.4208599 1.2556499242782593 24.302095413208008
1753302279414103 22.458507159251948 30.97998046875 -0.3319690305272045 0.19762286841869353 -0.15734474360942843 350 0.986 0.533 0.577 0.524 39.7300182 32.4208599 3.1475818157196045 24.641223907470703
1753302279671906 22.322830506219013 32.0799560546875 -0.38298763140552955 0.2652088195085525 -0.31574177742004395 341 1 0.523 0.430 0.519 39.73012 32.4208087 4.847301006317139 24.45219612121582
1753302279926807 23.091377604816607 33.27996826171875 -0.42157251213056196 0.22447828948497772 -0.36214396357536316 339 1 0.523 0.430 0.519 39.73012 32.4208087 4.608588695526123 24.26638412475586
1753302279928364 23.091377604816607 33.27996826171875 -0.4562989047830911 0.22447828948497772 -0.36214396357536316 339 0.952 0.523 0.430 0.519 39.73012 32.4208087 4.608588695526123 24.26638412475586
1753302280182616 23.02852037991209 34.260009765625 -0.4816473816334258 0.10054150968790054 -0.361979752779007 339 0.961 0.495 0.549 0.506 39.7302184 32.4207477 2.7718424797058105 24.200082778930664
1753302280437593 22.30358693793378 34.72998046875 -0.5056919778435573 0.026787805929780004 -0.38902050256729126 337 0.958 0.495 0.549 0.506 39.7302184 32.4207477 1.3625640869140625 24.06262969970703
1753302280438196 22.30358693793378 34.72998046875 -0.5273321144326758 0.026787805929780004 -0.38902050256729126 337 0.967 0.495 0.549 0.506 39.7302184 32.4207477 1.3625640869140625 24.06262969970703
1753302280685999 22.3273806797913 35.02996826171875 -0.5514053767214029 0.03274102285504341 -0.46388217806816107 333 0.994 0.531 0.531 0.523 39.7303123 32.4206772 1.1153062582015991 23.913602828979492
1753302280908414 22.52298661016658 35.3399658203125 -0.5738146363457868 0.06513128876686096 -0.5495458841323853 328 1 0.531 0.531 0.523 39.7303123 32.4206772 1.4890923500061035 23.85266876220703
1753302280908481 22.52298661016658 35.3399658203125 -0.5939829700077321 0.06513128876686096 -0.5495458841323853 328 1 0.531 0.531 0.523 39.7303123 32.4206772 1.4890923500061035 23.85266876220703
1753302281194618 21.973568818398817 35.77996826171875 -0.6083588379220437 0.07802300155162811 -0.6302542090415956 323 1 0.518 0.496 0.517 39.7303943 32.4205885 1.7758252620697021 23.83160400390625
1753302281418546 21.645055750410442 36.22998046875 -0.6163763383862023 0.0666051261126995 -0.6900483965873718 320 0.962 0.518 0.496 0.517 39.7303943 32.4205885 1.7611347436904907 23.78502655029297
1753302281675416 21.712682183829134 36.64996337890625 -0.6198311072441915 0.030906905233860013 -0.7405356168746949 317 0.974 0.515 0.520 0.516 39.7304677 32.4204897 1.3445950746536255 23.714595794677734
1753302281930716 21.394359901976596 36.92999267578125 -0.6212021549212616 0.0015331244561821223 -0.7831459045410157 315 1 0.515 0.520 0.516 39.7304677 32.4204897 0.8601658344268799 23.65203094482422
1753302282187142 21.608575067608754 37.1199951171875 -0.6211389934719517 -0.010824963264167308 -0.8356714844703674 312 0.978 0.524 0.521 0.520 39.730534 32.4203825 0.6021482348442078 23.600046157836914
1753302282410117 21.867144110626366 37.26995849609375 -0.6192178996533972 -0.010465400107204915 -0.888493001461029 309 1 0.524 0.521 0.520 39.730534 32.4203825 0.5967192053794861 23.595531463623047
1753302282699194 22.35296560901553 37.42999267578125 -0.6143529300806662 -0.008444453589618204 -0.9435796141624451 305 0.995 0.524 0.508 0.520 39.730592 32.4202659 0.6779802441596985 23.61989402770996
1753302282921851 21.817558491303362 37.5999755859375 -0.6058977024183637 -0.012485493905842306 -0.988555133342743 303 1 0.524 0.508 0.520 39.730592 32.4202659 0.6809409260749817 23.638134002685547
1753302283178879 21.77280580874149 37.76995849609375 -0.5936726608657211 -0.026030466333031653 -1.0300991535186768 300 0.998 0.523 0.514 0.519 39.7306417 32.4201444 0.5622478723526001 23.637147903442383
1753302283435639 22.333447612278793 37.89996337890625 -0.5792171369895371 -0.03921892791986466 -1.0671147108078003 298 0.984 0.523 0.514 0.519 39.7306417 32.4201444 0.3972337543964386 23.620405197143555
1753302283438256 22.333447612278793 37.89996337890625 -0.5662071655009716 -0.03921892791986466 -1.0671147108078003 298 0.951 0.523 0.514 0.519 39.7306417 32.4201444 0.3972337543964386 23.620405197143555
1753302283675802 21.973366276693003 37.989990234375 -0.5510896339846727 -0.04321630485355853 -1.1058529615402222 296 0.981 0.523 0.514 0.519 39.7306417 32.4201444 0.34615612030029297 23.588645935058594
1753302283925999 21.92510494444148 38.0799560546875 -0.5339765067249307 -0.04695840328931808 -1.1376913785934448 294 0.996 0.526 0.512 0.521 39.7306848 32.4200199 0.3322882354259491 23.56831932067871
1753302283928654 21.92510494444148 38.0799560546875 -0.5185746921911628 -0.04695840328931808 -1.1376913785934448 294 0.990 0.526 0.512 0.521 39.7306848 32.4200199 0.3322882354259491 23.56831932067871
1753302284179386 22.17599920794371 38.16998291015625 -0.500526148719918 -0.0516148068010807 -1.1682636737823486 293 0.959 0.526 0.512 0.521 39.7306848 32.4200199 0.2967085540294647 23.55865478515625
1753302284432905 22.41238675432335 38.25 -0.48052357909977245 -0.05062801018357277 -1.194743037223816 291 1 0.526 0.508 0.521 39.7307224 32.419892 0.3391105830669403 23.547624588012695
1753302284685293 22.897291925426142 38.3299560546875 -0.4584581727793796 -0.05474162027239799 -1.219277024269104 290 1 0.526 0.508 0.521 39.7307224 32.419892 0.3426710367202759 23.56930923461914
1753302284938485 22.153824330420147 38.39996337890625 -0.4349854044626042 -0.06246699839830398 -1.2395135164260864 288 1 0.525 0.512 0.520 39.7307561 32.4197605 0.2570740282535553 23.59823226928711
1753302285194481 22.712331504170713 38.4599609375 -0.41041897855787446 -0.060636453330516815 -1.2577010393142702 287 1 0.525 0.506 0.520 39.7307866 32.4196276 0.29182168841362 23.62969207763672
1753302285418311 22.102881664405974 38.53997802734375 -0.38496273865630304 -0.05908104181289672 -1.2721757888793948 287 1 0.525 0.506 0.520 39.7307866 32.4196276 0.3494034707546234 23.636085510253906
1753302285672040 22.47241644037594 38.6300048828125 -0.3585556405216164 -0.06099113225936889 -1.2852747440338135 286 1 0.525 0.506 0.520 39.7307866 32.4196276 0.3474876880645752 23.63148307800293
1753302285928933 22.562719007137755 38.699951171875 -0.332184368291173 -0.06784900575876236 -1.2949334383010864 285 0.973 0.522 0.511 0.519 39.7308147 32.4194954 0.25105226039886475 23.626251220703125
1753302286184227 22.529369873888577 38.760009765625 -0.30580290831804896 -0.06755111739039421 -1.3022602796554568 285 0.966 0.523 0.507 0.519 39.7308416 32.4193626 0.22510764002799988 23.633499145507812
1753302286409219 22.76563466518448 38.8299560546875 -0.2797666505963858 -0.061507900804281236 -1.3093125820159914 284 0.981 0.523 0.507 0.519 39.7308416 32.4193626 0.32348334789276123 23.638994216918945
1753302286700002 22.211600883580054 38.90997314453125 -0.25405556609403396 -0.06219977661967277 -1.31354820728302 284 0.959 0.523 0.508 0.519 39.7308684 32.4192274 0.3581487238407135 23.665836334228516
1753302286917438 22.211600883580054 38.90997314453125 -0.23091559004191733 -0.06219977661967277 -1.31354820728302 284 0.988 0.523 0.508 0.519 39.7308684 32.4192274 0.3581487238407135 23.665836334228516
1753302287172501 22.64900950993113 39.05999755859375 -0.20623947806421677 -0.06746061965823173 -1.317064642906189 284 0.965 0.518 0.508 0.517 39.7308953 32.4190925 0.28472021222114563 23.732759475708008
1753302287410558 22.611055320432456 39.1300048828125 -0.18222854847249767 -0.06533535718917848 -1.3161873817443848 284 1 0.518 0.508 0.517 39.7308953 32.4190925 0.3185952305793762 23.744197845458984
1753302287413576 22.611055320432456 39.1300048828125 -0.16061871183995052 -0.06533535718917848 -1.3161873817443848 284 0.973 0.518 0.508 0.517 39.7308953 32.4190925 0.3185952305793762 23.744197845458984
1753302287682236 22.88781942169087 39.2099609375 -0.1399067403353778 -0.06718265414237976 -1.314683437347412 284 1 0.520 0.509 0.518 39.7309225 32.4189591 0.29056209325790405 23.73856544494629
1753302287938813 22.766304755527955 39.27996826171875 -0.12038783198394129 -0.06801242008805274 -1.3112778663635254 284 1 0.520 0.509 0.518 39.7309225 32.4189591 0.25551697611808777 23.738189697265625
1753302288193881 23.167968804645177 39.3599853515625 -0.10167749717054739 -0.06432342231273651 -1.3063350915908816 285 1 0.517 0.505 0.516 39.7309507 32.4188261 0.3031289279460907 23.728696823120117
1753302288418285 22.434814921983005 39.42999267578125 -0.0837585702021537 -0.06739531755447387 -1.3023990392684937 285 0.998 0.517 0.505 0.516 39.7309507 32.4188261 0.27991676330566406 23.719924926757812
1753302288672430 23.123144664808446 39.47998046875 -0.06707408051010529 -0.07263267561793327 -1.2980443239212036 285 0.996 0.517 0.505 0.516 39.7309507 32.4188261 0.17939692735671997 23.728349685668945
1753302288926721 23.076556871371626 39.51995849609375 -0.0518522100476911 -0.07395874485373496 -1.2921512126922607 285 1 0.519 0.513 0.517 39.7309803 32.4186921 0.16258321702480316 23.760391235351562
1753302288928257 23.076556871371626 39.51995849609375 -0.03815252663151834 -0.07395874485373496 -1.2921512126922607 285 0.995 0.519 0.513 0.517 39.7309803 32.4186921 0.16258321702480316 23.760391235351562
1753302289180713 22.609887735272192 39.57000732421875 -0.025302723033336517 -0.06759143248200417 -1.285560965538025 286 0.981 0.516 0.504 0.516 39.7310116 32.4185577 0.2610276937484741 23.797704696655273
1753302289433811 22.586341823027052 39.63995361328125 -0.013280973568356978 -0.06851887255907059 -1.278706669807434 286 1 0.516 0.504 0.516 39.7310116 32.4185577 0.28229913115501404 23.82050132751465
1753302289665853 22.645646056869303 39.699951171875 -0.0021951711786958096 -0.07129883021116257 -1.2717115879058838 287 1 0.516 0.504 0.516 39.7310116 32.4185577 0.2410290539264679 23.81382942199707
1753302289922223 22.989013163353754 39.75 0.007746843998446539 -0.07623994275927544 -1.265008568763733 287 0.959 0.516 0.510 0.516 39.7310439 32.4184255 0.1499210000038147 23.799161911010742
1753302290176424 22.57769099621995 39.77996826171875 0.016513113085759708 -0.07353760600090027 -1.25706684589386 287 1 0.516 0.510 0.516 39.7310439 32.4184255 0.14744140207767487 23.786819458007812
1753302290431315 22.801911328116496 39.8399658203125 0.02424543178468916 -0.0679192990064621 -1.2485066652297974 288 0.973 0.518 0.502 0.516 39.7310776 32.4182945 0.25683435797691345 23.76605224609375
1753302290685173 22.45827966939818 39.89996337890625 0.03095702671757316 -0.07702420949935913 -1.2414278984069824 288 0.959 0.518 0.502 0.516 39.7310776 32.4182945 0.14503523707389832 23.761306762695312
1753302290940122 23.269963834258107 39.91998291015625 0.03694035718218364 -0.08367611095309256 -1.2360219955444336 289 1 0.516 0.516 0.516 39.7311131 32.4181629 0.004646331071853638 23.79402732849121
1753302291193745 22.40749960358388 39.92999267578125 0.04222037293949018 -0.07368050813674927 -1.228243112564087 289 1 0.516 0.501 0.516 39.7311502 32.4180311 0.14031022787094116 23.826831817626953
1753302291415721 22.68089265909874 39.989990234375 0.04674742205534837 -0.07072366997599601 -1.224011778831482 289 1 0.516 0.501 0.516 39.7311502 32.4180311 0.2470632940530777 23.84012794494629
1753302291418229 22.68089265909874 39.989990234375 0.05082176625962074 -0.07072366997599601 -1.224011778831482 289 0.984 0.516 0.501 0.516 39.7311502 32.4180311 0.2470632940530777 23.84012794494629
1753302291672654 22.53479022997849 40.03997802734375 0.05414674431295707 -0.07737156599760055 -1.2158116102218628 290 0.981 0.516 0.501 0.516 39.7311881 32.4179015 0.15315423905849457 23.83169174194336
1753302291928140 23.254887340092996 40.07000732421875 0.05678640306185049 -0.083999565243721 -1.2102165222167969 290 1 0.517 0.511 0.516 39.7311881 32.4179015 0.023419518023729324 23.818397521972656
1753302292183377 23.26424228272743 40.0799560546875 0.058827773483309406 -0.07865950539708137 -1.2015752792358398 291 1 0.517 0.511 0.516 39.7311881 32.4179015 0.06977113336324692 23.794445037841797
1753302292440693 23.21961872189949 40.1099853515625 0.060259207265120684 -0.07778278514742851 -1.1972044706344604 291 1 0.516 0.504 0.516 39.731227 32.417773 0.10164015740156174 23.77180290222168
1753302292678591 22.78001810384092 40.1300048828125 0.06115666107226188 -0.08222978487610816 -1.1906092166900635 291 1.000 0.516 0.504 0.516 39.731227 32.417773 0.03405097872018814 23.755311965942383
1753302292938751 22.938634476331334 40.1300048828125 0.061742073230941066 -0.08529165610671044 -1.1853369474411013 292 1 0.514 0.511 0.515 39.731267 32.4176445 -0.02264455519616604 23.76371955871582
1753302293192283 23.386796537738455 40.1300048828125 0.06182962590426115 -0.07899314537644386 -1.1807482242584229 292 1 0.515 0.502 0.516 39.7313086 32.4175152 0.051364049315452576 23.791702270507812
1753302293415858 23.288487869961635 40.16998291015625 0.06129238099428929 -0.07695311307907104 -1.175923228263855 292 1 0.515 0.502 0.516 39.7313086 32.4175152 0.1487710028886795 23.810771942138672
1753302293418490 23.288487869961635 40.16998291015625 0.060808860575314615 -0.07695311307907104 -1.175923228263855 292 1 0.515 0.502 0.516 39.7313086 32.4175152 0.1487710028886795 23.810771942138672
1753302293672717 23.311534047743518 40.199951171875 0.05992420984669589 -0.08663056045770644 -1.1716893911361697 292 0.974 0.516 0.512 0.516 39.7313505 32.4173875 0.010036376304924488 23.813007354736328
1753302293928866 22.67436391101861 40.199951171875 0.05861672623483 -0.08653228655457496 -1.1676063537597656 293 1 0.516 0.512 0.516 39.7313505 32.4173875 -0.04099362716078758 23.8012752532959
1753302294185842 23.249566805850407 40.199951171875 0.05697721009130171 -0.08176731392741202 -1.1629661321640015 293 0.953 0.516 0.502 0.516 39.7313929 32.4172608 0.026331357657909393 23.786083221435547
1753302294440517 22.645130477704917 40.219970703125 0.05517383379943572 -0.0791426032781601 -1.1602500677108765 293 1 0.516 0.502 0.516 39.7313929 32.4172608 0.08279488235712051 23.768125534057617
1753302294695988 22.877252723061428 40.239990234375 0.052942226125664134 -0.08610295429825782 -1.156633734703064 293 0.988 0.517 0.512 0.516 39.731436 32.4171338 0.003959886729717255 23.758699417114258
1753302294920400 22.704014809068614 40.22998046875 0.05052903294759985 -0.08965121954679488 -1.155440092086792 293 1 0.517 0.512 0.516 39.731436 32.4171338 -0.09217782318592072 23.76705551147461
1753302295176520 23.19647599066445 40.22998046875 0.04810916669843789 -0.08275265544652939 -1.1523361206054688 293 1 0.353 0.506 0.435 39.73148 32.4170058 0.02530769631266594 23.791227340698242
1753302295431667 22.575377073063393 40.239990234375 0.04093291904936608 -0.0838383100926876 -1.1592822074890137 293 1 0.353 0.506 0.435 39.73148 32.4170058 0.054650723934173584 23.815874099731445
1753302295688918 23.511800631567176 40.25 7.082200978040484e-07 -0.1022993728518486 -1.1922723054885864 291 0.979 0.478 0.575 0.497 39.731521 32.4168768 -0.005330048035830259 23.834819793701172
1753302295928191 22.81268434805949 40.219970703125 -0.07496112026182408 -0.10234064757823945 -1.217373013496399 290 1 0.478 0.575 0.497 39.731521 32.4168768 -0.31638339161872864 23.88596534729004
1753302296182762 22.292425359623152 40.0899658203125 -0.15822212933934682 -0.044860970228910446 -1.3109627962112427 284 0.996 0.478 0.575 0.497 39.731521 32.4168768 -0.5691878199577332 24.189193725585938
1753302296438812 22.54373617198102 40.02996826171875 -0.23315703750911732 0.03895991779863835 -1.4757988452911377 275 0.985 0.533 0.615 0.524 39.7315423 32.4167392 0.3047669529914856 24.82762336730957
1753302296694903 22.93512313720448 40.3800048828125 -0.3000677694195215 0.12582182586193083 -1.667690396308899 264 1 0.526 0.446 0.521 39.7315256 32.4165944 2.1676149368286133 25.264795303344727
1753302296918833 23.146829541535467 41.07000732421875 -0.35626910352531416 0.14568534791469576 -1.779685616493225 258 0.984 0.526 0.446 0.521 39.7315256 32.4165944 3.024322986602783 25.19491195678711
1753302297173535 23.316558335468006 41.76995849609375 -0.40217774710497267 0.06338997930288315 -1.7996333837509157 256 1 0.526 0.446 0.521 39.7315256 32.4165944 1.9222557544708252 25.088623046875
1753302297429884 23.5236911838247 42.0 -0.441499646914968 -0.04615689963102341 -1.800736904144287 256 1 0.494 0.524 0.506 39.7314908 32.4164537 0.08409398049116135 24.92985725402832
1753302297686098 24.439616747849783 41.8599853515625 -0.47909415043559894 -0.08288368731737136 -1.8588721752166748 253 1 0.519 0.550 0.517 39.731452 32.4163183 -0.8243299126625061 24.701126098632812
1753302297941774 23.146014002648116 41.69000244140625 -0.5153285766586712 -0.05739760249853134 -1.954580307006836 248 0.959 0.519 0.550 0.517 39.731452 32.4163183 -0.6101784706115723 24.543373107910156
1753302298196066 22.89893876090191 41.6099853515625 -0.5465955589662538 -0.023688754066824913 -2.0600717067718506 241 0.960 0.525 0.515 0.520 39.7313953 32.4161976 -0.1160866841673851 24.456607818603516
1753302298420995 22.474403403987846 41.63995361328125 -0.5708407450721156 -0.0163318183273077 -2.1423163414001465 237 0.996 0.525 0.515 0.520 39.7313953 32.4161976 0.13584238290786743 24.37412452697754
1753302298668643 23.224859005997565 41.69000244140625 -0.5880221804087303 -0.030771695822477338 -2.2135696411132812 233 1 0.525 0.515 0.520 39.7313953 32.4161976 0.06210670620203018 24.228256225585938
1753302298941111 23.46408234807402 41.69000244140625 -0.600134797105635 -0.0512608841061592 -2.2673096656799316 230 1 0.516 0.510 0.516 39.7313254 32.4160906 -0.20229558646678925 24.057086944580078
1753302299197315 23.356780608305264 41.5999755859375 -0.608586180695395 -0.0736033983528614 -2.324047565460205 226 1 0.520 0.526 0.518 39.731247 32.4159942 -0.5320186614990234 23.891647338867188
1753302299421198 22.80427263642664 41.449951171875 -0.6141253189639749 -0.08355503007769584 -2.378499269485474 223 1 0.520 0.526 0.518 39.731247 32.4159942 -0.7001747488975525 23.79279136657715
1753302299677194 23.44495528046922 41.26995849609375 -0.6162078568097803 -0.08367139622569084 -2.437184572219849 220 0.974 0.520 0.526 0.518 39.731247 32.4159942 -0.7123376727104187 23.72322654724121
1753302299934757 22.616471386839017 41.1099853515625 -0.6146462788066435 -0.08247850760817527 -2.4922711849212646 217 0.963 0.525 0.520 0.520 39.7311615 32.4159102 -0.6295831203460693 23.669158935546875
1753302300190292 22.625129134569757 40.969970703125 -0.6088218477262111 -0.08187675923109053 -2.5471677780151367 214 0.951 0.524 0.511 0.520 39.7310714 32.4158397 -0.5497116446495056 23.593563079833984
1753302300445557 22.982345359294346 40.8499755859375 -0.5990883696281658 -0.08427389562129974 -2.592526435852051 211 1 0.524 0.511 0.520 39.7310714 32.4158397 -0.5105215311050415 23.513256072998047
1753302300448067 22.982345359294346 40.8499755859375 -0.5903282393399251 -0.08427389562129974 -2.592526435852051 211 0.978 0.524 0.511 0.520 39.7310714 32.4158397 -0.5105215311050415 23.513256072998047
1753302300703151 22.498826182029457 40.72998046875 -0.5778387751624023 -0.09170919805765151 -2.636003255844116 208 1 0.525 0.516 0.520 39.7309778 32.4157794 -0.5388076305389404 23.430328369140625
1753302300927115 22.467495542060636 40.5899658203125 -0.5626016765634747 -0.10059311091899872 -2.6715812683105473 206 1 0.525 0.516 0.520 39.7309778 32.4157794 -0.6288576126098633 23.366971969604492
1753302300928211 22.467495542060636 40.5899658203125 -0.5488882878244399 -0.10059311091899872 -2.6715812683105473 206 0.954 0.525 0.516 0.520 39.7309778 32.4157794 -0.6288576126098633 23.366971969604492
1753302301184696 23.184117192285953 40.42999267578125 -0.5322455989259909 -0.10204074084758759 -2.7083890438079834 204 0.978 0.528 0.511 0.522 39.7308805 32.4157268 -0.6141555905342102 23.34056854248047
1753302301441201 22.899975283671573 40.28997802734375 -0.5131754303221492 -0.09717628955841065 -2.739724636077881 203 1 0.528 0.511 0.522 39.7308805 32.4157268 -0.5061196088790894 23.341577529907227
1753302301678426 22.721397475214594 40.15997314453125 -0.49135834493439684 -0.09870205670595168 -2.76853084564209 201 1 0.528 0.511 0.522 39.7308805 32.4157268 -0.43947848677635193 23.35830307006836
1753302301931974 23.17611870530014 40.05999755859375 -0.4672254102069255 -0.10262647271156311 -2.7912330627441406 200 1 0.526 0.516 0.521 39.7307809 32.4156809 -0.4567672610282898 23.37130355834961
1753302302185776 22.64778198416788 39.949951171875 -0.4411827692363962 -0.09676218628883362 -2.813458204269409 198 1 0.526 0.516 0.521 39.7307809 32.4156809 -0.362922728061676 23.371538162231445
1753302302445089 22.5671869049836 39.8800048828125 -0.4139743777192508 -0.09258527159690856 -2.8321266174316406 197 0.983 0.525 0.507 0.520 39.7306812 32.4156401 -0.23933063447475433 23.359458923339844
1753302302701674 22.399994132418218 39.82000732421875 -0.3857477023074217 -0.09541265815496444 -2.8469557762145996 196 0.956 0.524 0.513 0.520 39.7305809 32.4156026 -0.24496640264987946 23.353912353515625
1753302302928079 23.047314470909537 39.760009765625 -0.35700485681317934 -0.09786977171897887 -2.857592821121216 196 0.974 0.524 0.513 0.520 39.7305809 32.4156026 -0.2686567008495331 23.366849899291992
1753302302928471 23.047314470909537 39.760009765625 -0.3311362958683612 -0.09786977171897887 -2.857592821121216 196 0.989 0.524 0.513 0.520 39.7305809 32.4156026 -0.2686567008495331 23.366849899291992
1753302302929531 23.047314470909537 39.760009765625 -0.3078545910180249 -0.09786977171897887 -2.857592821121216 196 0.990 0.524 0.513 0.520 39.7305809 32.4156026 -0.2686567008495331 23.366849899291992
1753302303184356 23.100072108255723 39.69000244140625 -0.2837568982297753 -0.0930928349494934 -2.867211103439331 195 0.993 0.524 0.513 0.520 39.7304793 32.4155664 -0.21140670776367188 23.395305633544922
1753302303440268 22.89144975747099 39.65997314453125 -0.25952002529989854 -0.08792206197977066 -2.8751869201660156 195 0.953 0.525 0.508 0.520 39.7304793 32.4155664 -0.09022831171751022 23.439722061157227
1753302303694546 22.413927878609496 39.6300048828125 -0.23501233998409962 -0.08963706493377685 -2.877424240112305 195 0.989 0.523 0.512 0.519 39.7303763 32.4155305 -0.08619681745767593 23.508506774902344
1753302303919550 23.324733625087067 39.5999755859375 -0.21042304219429542 -0.08987174779176711 -2.879103899002075 195 1 0.523 0.512 0.519 39.7303763 32.4155305 -0.08115175366401672 23.55783462524414
1753302304208788 22.672684123880945 39.5899658203125 -0.18615430875085162 -0.08761780560016631 -2.8781533241271973 195 0.994 0.520 0.508 0.518 39.7302743 32.4154944 -0.050793543457984924 23.583621978759766
1753302304433360 23.053576276992803 39.5899658203125 -0.1625735848408553 -0.08020791262388229 -2.8773982524871826 195 1 0.520 0.508 0.518 39.7302743 32.4154944 0.050439879298210144 23.596790313720703
1753302304678537 22.610943592397383 39.6099853515625 -0.14001186096027016 -0.07896626517176628 -2.875154495239258 195 0.994 0.520 0.508 0.518 39.7302743 32.4154944 0.09009639918804169 23.61140251159668
1753302304928794 23.310007374712747 39.6300048828125 -0.11859920534510482 -0.08162333741784096 -2.8702976703643803 195 0.977 0.520 0.509 0.518 39.7301725 32.4154572 0.04795624315738678 23.627479553222656
1753302305185668 22.84185584595484 39.63995361328125 -0.09791682210283638 -0.08199139386415483 -2.8656904697418213 195 0.961 0.520 0.509 0.518 39.7301725 32.4154572 0.01808072440326214 23.64201545715332
1753302305443765 23.03542770889247 39.64996337890625 -0.07869265493795718 -0.07819543853402137 -2.8606948852539067 196 0.995 0.520 0.506 0.518 39.7300702 32.4154181 0.08668830245733261 23.67142105102539
1753302305700510 22.673169806243106 39.67999267578125 -0.06044693008403878 -0.08074651807546615 -2.8525726795196533 196 0.994 0.517 0.512 0.516 39.7299673 32.4153766 0.0823875144124031 23.724441528320312
1753302305924840 23.25494958848989 39.69000244140625 -0.04327230944044204 -0.082854063808918 -2.8457224369049072 196 0.991 0.517 0.512 0.516 39.7299673 32.4153766 0.049019791185855865 23.774614334106445
1753302306182782 22.81861547460409 39.7099609375 -0.027407375369728905 -0.07919878363609315 -2.8368537425994873 197 1 0.517 0.503 0.516 39.7298657 32.4153331 0.09824822098016739 23.800954818725586
1753302306438376 22.928085743351765 39.739990234375 -0.013116742575998278 -0.07221757099032401 -2.8275790214538574 198 1 0.517 0.503 0.516 39.7298657 32.4153331 0.20730911195278168 23.79207992553711
1753302306439015 22.928085743351765 39.739990234375 -0.00025517306164071296 -0.07221757099032401 -2.8275790214538574 198 0.957 0.517 0.503 0.516 39.7298657 32.4153331 0.20730911195278168 23.79207992553711
1753302306442232 22.928085743351765 39.739990234375 0.011320239501281094 -0.07221757099032401 -2.8275790214538574 198 1 0.517 0.503 0.516 39.7298657 32.4153331 0.20730911195278168 23.79207992553711
1753302306692401 22.91093721979693 39.78997802734375 0.02156046363450603 -0.0775129348039627 -2.819316864013672 198 1 0.517 0.503 0.516 39.7297655 32.4152876 0.14355894923210144 23.77155876159668
1753302306945840 23.351516918682933 39.80999755859375 0.03096687346164152 -0.08159648329019546 -2.8094584941864014 199 1 0.516 0.510 0.516 39.7297655 32.4152876 0.05915934592485428 23.76151466369629
1753302306947857 23.351516918682933 39.80999755859375 0.039432642306063456 -0.08159648329019546 -2.8094584941864014 199 0.976 0.516 0.510 0.516 39.7297655 32.4152876 0.05915934592485428 23.76151466369629
1753302307201671 23.06942450376071 39.82000732421875 0.04722038577065517 -0.08077227175235749 -2.8009867668151855 199 0.979 0.517 0.507 0.516 39.7296653 32.4152396 0.0434049554169178 23.757829666137695
1753302307425808 22.726556883903363 39.8499755859375 0.05390028956591174 -0.077170642465353 -2.7930634021759038 199 0.960 0.517 0.507 0.516 39.7296653 32.4152396 0.11490493267774582 23.776424407958984
1753302307427872 22.726556883903363 39.8499755859375 0.059912202981642654 -0.077170642465353 -2.7930634021759038 199 1 0.517 0.507 0.516 39.7296653 32.4152396 0.11490493267774582 23.776424407958984
1753302307698007 22.481683525241404 39.88995361328125 0.06498439898568252 -0.07942415699362755 -2.7832789421081547 200 0.971 0.515 0.509 0.516 39.7295648 32.4151887 0.11472804844379425 23.8055419921875
1753302307939855 23.147492495429546 39.90997314453125 0.06939268446395867 -0.08048376068472862 -2.7754805088043217 200 0.989 0.515 0.509 0.516 39.7295648 32.4151887 0.09165269881486893 23.826181411743164
1753302308195124 23.002117823206042 39.92999267578125 0.07316713261392778 -0.07845055013895035 -2.7668375968933105 201 0.967 0.515 0.504 0.516 39.7294658 32.4151362 0.12788373231887817 23.823522567749023
1753302308447851 22.693108033558563 39.9599609375 0.07596731687593816 -0.07841993048787116 -2.7587509155273438 201 0.966 0.515 0.504 0.516 39.7294658 32.4151362 0.12783145904541016 23.795413970947266
1753302308701973 23.22820024801447 39.97998046875 0.07811783556647622 -0.0825424276292324 -2.7499473094940186 202 0.956 0.516 0.511 0.516 39.7293683 32.4150822 0.056859903037548065 23.766565322875977
1753302308923940 22.939447072397517 39.97998046875 0.07947414864159395 -0.0843317188322544 -2.7429440021514893 202 1 0.516 0.511 0.516 39.7293683 32.4150822 0.0023185312747955322 23.755922317504883
1753302309176900 23.032856446926605 39.97998046875 0.07799149750819896 -0.0848344162106514 -2.7407724857330322 202 0.963 0.384 0.489 0.450 39.7292711 32.4150265 -0.012020555324852467 23.747800827026367
1753302309422338 23.0071796335372 39.9599609375 0.048531273297826305 -0.11330336928367615 -2.767998695373535 201 0.982 0.384 0.489 0.450 39.7292711 32.4150265 -0.21152573823928833 23.730039596557617
1753302309708485 23.497452871308333 39.78997802734375 -0.019684547818577428 -0.162088280916214 -2.769858360290528 201 0.967 0.554 0.595 0.535 39.7291701 32.4149779 -1.0660340785980225 23.76589012145996
1753302309930300 24.20944231390311 39.41998291015625 -0.10762687442023411 -0.14364731311798096 -2.808863639831543 199 1 0.554 0.595 0.535 39.7291701 32.4149779 -1.7945137023925781 23.97171974182129
1753302310185305 23.15735363168863 38.97998046875 -0.187466561055054 -0.06405971571803093 -2.937222957611084 191 1 0.522 0.529 0.519 39.7290608 32.4149572 -1.2905875444412231 24.564952850341797
1753302310439944 22.15164493995714 38.8499755859375 -0.2511720054649142 0.002382623706944287 -3.0804433822631836 183 1 0.522 0.529 0.519 39.7290608 32.4149572 0.15536969900131226 25.024423599243164
1753302310693745 22.903821694149276 39.03997802734375 -0.3029982560845757 0.020107932947576044 3.101854801177979 177 0.992 0.513 0.473 0.515 39.7289492 32.4149711 0.9629836678504944 25.09651756286621
1753302310941589 23.21093986605026 39.219970703125 -0.3463159245824109 -0.03605750240385532 3.06999135017395 175 0.972 0.513 0.473 0.515 39.7289492 32.4149711 0.2619403600692749 24.991683959960938
1753302311193755 24.151585080742233 39.1199951171875 -0.38357747577803947 -0.10634766519069672 3.043102979660034 174 0.960 0.513 0.473 0.515 39.7289492 32.4149711 -0.9822408556938171 24.79605484008789
1753302311447981 24.345291644936175 38.82000732421875 -0.41769737884263053 -0.11883205473423003 2.9873960018157963 171 1 0.509 0.544 0.513 39.7288399 32.4149955 -1.384945273399353 24.61890983581543
1753302311704151 24.274587283778562 38.5 -0.44859835104518997 -0.09264791905879974 2.9032678604125977 166 1 0.529 0.516 0.522 39.7287335 32.4150374 -1.0312762260437012 24.52254295349121
1753302311928218 23.597262152174654 38.29998779296875 -0.47426867422199726 -0.07637197077274323 2.832965135574341 162 1 0.529 0.516 0.522 39.7287335 32.4150374 -0.7056776285171509 24.462202072143555
1753302312184322 23.38096010786264 38.13995361328125 -0.49233734551134534 -0.07750036045908927 2.7710740566253667 158 1 0.529 0.516 0.522 39.7287335 32.4150374 -0.6054449677467346 24.38163185119629
1753302312441912 23.49471594770855 38.0 -0.5040550584470882 -0.08732419908046724 2.71915864944458 155 0.987 0.517 0.510 0.516 39.7286337 32.4150973 -0.6511538028717041 24.241792678833008
1753302312698490 23.39220329998209 37.82000732421875 -0.5113331396766592 -0.10109585523605345 2.6685218811035156 152 0.964 0.521 0.518 0.518 39.7285412 32.4151674 -0.8021629452705383 24.041046142578125
1753302312921348 23.22119333739383 37.6199951171875 -0.5151906716276486 -0.11160488873720169 2.624530792236328 150 0.964 0.521 0.518 0.518 39.7285412 32.4151674 -0.9569902420043945 23.87105941772461
1753302313206910 23.51779714358995 37.3699951171875 -0.5154073751672459 -0.1143624097108841 2.5761382579803467 147 1 0.526 0.514 0.521 39.7284547 32.4152467 -0.9900751113891602 23.724079132080078
1753302313428937 23.564537059908766 37.15997314453125 -0.512114937606843 -0.10801233947277068 2.532459974288941 145 1 0.526 0.514 0.521 39.7284547 32.4152467 -0.8663264513015747 23.617849349975586
1753302313694279 23.364832426779355 36.9599609375 -0.5046840627521799 -0.10712937116622925 2.492103099822998 142 1 0.522 0.512 0.519 39.7283732 32.4153349 -0.7744312286376953 23.524648666381836
1753302313949803 23.403228161239646 36.77996826171875 -0.49373200114344296 -0.11456528902053832 2.459492683410645 140 0.956 0.522 0.512 0.519 39.7283732 32.4153349 -0.8133549690246582 23.47513771057129
1753302314206128 23.408536437362088 36.57000732421875 -0.47988180734909835 -0.11805171519517899 2.4258227348327637 138 1 0.524 0.513 0.520 39.7282958 32.4154293 -0.8330238461494446 23.452177047729492
1753302314428768 23.17408280378638 36.3800048828125 -0.4639112450319284 -0.11471815258264542 2.3972067832946777 137 1 0.524 0.513 0.520 39.7282958 32.4154293 -0.7319875955581665 23.440568923950195
1753302314437776 23.17408280378638 36.3800048828125 -0.44953773894647536 -0.11471815258264542 2.3972067832946777 137 0.958 0.524 0.513 0.520 39.7282958 32.4154293 -0.7319875955581665 23.440568923950195
1753302314684002 23.4419675237445 36.2099609375 -0.4327009065038541 -0.11534702628850936 2.3712120056152344 135 0.973 0.524 0.513 0.520 39.728223 32.4155272 -0.6972804665565491 23.409692764282227
1753302314938318 22.77383054456296 36.04998779296875 -0.41378238586365396 -0.11452742516994475 2.3482420444488525 134 1 0.524 0.513 0.520 39.728223 32.4155272 -0.6572015285491943 23.378454208374023
1753302315193291 22.73359460447562 35.88995361328125 -0.3928626101116468 -0.1119564801454544 2.325540542602539 133 1 0.524 0.513 0.520 39.728223 32.4155272 -0.5880951881408691 23.351970672607422
1753302315449477 22.514033262673628 35.760009765625 -0.3708683345526573 -0.11054111272096633 2.3085975646972656 132 1 0.525 0.510 0.520 39.7281533 32.415628 -0.5362030267715454 23.342079162597656
1753302315704306 23.289697058756897 35.6300048828125 -0.34776572082729196 -0.11114021688699723 2.2940516471862793 131 0.989 0.522 0.515 0.519 39.7280848 32.415732 -0.5174246430397034 23.351985931396484
1753302315926532 23.45058630636571 35.5 -0.3238519060101305 -0.11042588353157043 2.282339096069336 130 1 0.522 0.515 0.519 39.7280848 32.415732 -0.48953521251678467 23.389141082763672
1753302315928110 23.45058630636571 35.5 -0.30232947267468524 -0.11042588353157043 2.282339096069336 130 1 0.522 0.515 0.519 39.7280848 32.415732 -0.48953521251678467 23.389141082763672
1753302316213148 22.44533583374718 35.39996337890625 -0.2800891409579731 -0.10171398520469666 2.272597074508667 130 0.957 0.523 0.507 0.519 39.7280171 32.4158383 -0.3354344666004181 23.428525924682617
1753302316436921 22.926029374784527 35.3299560546875 -0.2577340932426289 -0.10046596974134446 2.266735315322876 129 0.995 0.523 0.507 0.519 39.7280171 32.4158383 -0.25922808051109314 23.457725524902344
1753302316438051 22.926029374784527 35.3299560546875 -0.23761455029881912 -0.10046596974134446 2.266735315322876 129 0.981 0.523 0.507 0.519 39.7280171 32.4158383 -0.25922808051109314 23.457725524902344
1753302316698138 22.726305780802704 35.26995849609375 -0.21688538732204066 -0.10365929007530211 2.261589288711548 129 1 0.520 0.510 0.518 39.7279505 32.4159441 -0.3152903914451599 23.473268508911133
1753302316936825 22.726305780802704 35.26995849609375 -0.19822914064294006 -0.10365929007530211 2.261589288711548 129 0.954 0.520 0.510 0.518 39.7279505 32.4159441 -0.3152903914451599 23.473268508911133
1753302317190055 23.23293174364221 35.14996337890625 -0.17750937420829452 -0.09189130961894988 2.25520396232605 129 0.996 0.520 0.510 0.518 39.7279505 32.4159441 -0.1452370434999466 23.485469818115234
1753302317447994 22.576688149262512 35.1199951171875 -0.15751321196142717 -0.09404683709144591 2.256945848464966 129 1 0.521 0.506 0.518 39.7278841 32.4160497 -0.15393534302711487 23.490266799926758
1753302317703097 22.549260069654018 35.07000732421875 -0.13777304362878698 -0.09967311322689056 2.259006977081299 129 1 0.517 0.514 0.516 39.7278168 32.4161555 -0.2473350614309311 23.50763511657715
1753302317952936 22.507632925517726 35.01995849609375 -0.11876928177439121 -0.09469334930181503 2.260711669921875 129 0.956 0.517 0.514 0.516 39.7278168 32.4161555 -0.20420439541339874 23.54525375366211
1753302318207069 22.397062011414064 34.97998046875 -0.1008916503962542 -0.08806695640087128 2.26548981666565 129 0.955 0.519 0.506 0.517 39.7277478 32.4162619 -0.07639909535646439 23.59958267211914
1753302318431517 23.273219136726784 34.97998046875 -0.08415322662383307 -0.08549815490841865 2.2689099311828613 129 0.968 0.519 0.506 0.517 39.7277478 32.4162619 0.0022144040558487177 23.64470100402832
1753302318686759 23.29429625110668 34.97998046875 -0.06824370319536317 -0.08767633289098739 2.2751004695892334 130 0.968 0.518 0.512 0.516 39.7276784 32.4163664 -0.014805028215050697 23.666034698486328
1753302318941897 22.49909581348953 34.9599609375 -0.05334766442976286 -0.09079212099313735 2.278411388397217 130 0.969 0.518 0.512 0.516 39.7276784 32.4163664 -0.08530016243457794 23.6771240234375
1753302319198459 22.604441082812578 34.949951171875 -0.039544486123936386 -0.08258911594748496 2.2848935127258305 130 0.983 0.518 0.503 0.517 39.7276082 32.4164697 0.016182320192456245 23.680557250976562
1753302319452979 22.527133167356062 34.969970703125 -0.026680689858153767 -0.08149054273962975 2.2912068367004395 131 0.968 0.518 0.503 0.517 39.7276082 32.4164697 0.06230800226330757 23.674577713012695
1753302319693117 22.709749241626735 34.969970703125 -0.014786101257880309 -0.08769734054803847 2.2969183921813965 131 1 0.518 0.503 0.517 39.7276082 32.4164697 -0.02752647176384926 23.682558059692383
1753302319938326 23.178014204246228 34.949951171875 -0.003965031542849341 -0.08927963227033614 2.304624080657959 132 1 0.516 0.512 0.516 39.7275367 32.4165723 -0.09000038355588913 23.706871032714844
1753302320193884 22.739856517758522 34.92999267578125 0.005896313692505541 -0.08379922062158585 2.3119699954986572 132 1 0.516 0.512 0.516 39.7275367 32.4165723 0.007648206781595945 23.747941970825195
1753302320450488 22.437524711120037 34.949951171875 0.014680847113170071 -0.08155611082911492 2.318595170974732 132 0.971 0.516 0.505 0.516 39.7274631 32.4166746 0.08553390204906464 23.780025482177734
1753302320706626 23.37254825481358 34.9599609375 0.022632494197640875 -0.08478232994675636 2.3261606693267822 133 0.996 0.515 0.507 0.516 39.7273888 32.4167751 0.03915790095925331 23.80361557006836
1753302320929924 23.298404157599656 34.969970703125 0.02958839651318258 -0.08404083475470543 2.3344061374664307 133 1 0.515 0.507 0.516 39.7273888 32.4167751 0.044874563813209534 23.800914764404297
1753302321187733 23.314360410230883 34.97998046875 0.03562025740479111 -0.08282327726483345 2.3412575721740727 134 1 0.516 0.509 0.516 39.727314 32.4168733 0.05616594851016998 23.78656005859375
1753302321442955 23.021340464705872 34.989990234375 0.040425099564206715 -0.08507841378450393 2.347715377807617 134 1 0.516 0.509 0.516 39.727314 32.4168733 0.009469108656048775 23.778303146362305
1753302321698238 22.98836736036128 35.0 0.044482457011293275 -0.0834639847278595 2.3553099632263184 134 0.958 0.516 0.509 0.516 39.7272381 32.4169706 0.01858656480908394 23.766576766967773
1753302321922322 22.988606458561424 35.0 0.04794003728272102 -0.08616140335798263 2.3617022037506104 135 0.978 0.516 0.509 0.516 39.7272381 32.4169706 0.009644482284784317 23.768184661865234
1753302321924832 22.988606458561424 35.0 0.051051859527005986 -0.08616140335798263 2.3617022037506104 135 1 0.516 0.509 0.516 39.7272381 32.4169706 0.009644482284784317 23.768184661865234
1753302322209447 22.846178165083856 35.0 0.05362300676331601 -0.08570180609822273 2.368328332901001 135 0.990 0.513 0.506 0.515 39.7271604 32.4170676 -0.009112371131777763 23.792762756347656
1753302322434728 23.241404115710107 35.01995849609375 0.055671806057325135 -0.0817319795489311 2.3741257190704346 136 1 0.513 0.506 0.515 39.7271604 32.4170676 0.08816239982843399 23.813207626342773
1753302322694743 22.95816099199727 35.04998779296875 0.05707234286072654 -0.08278282135725021 2.3790507316589355 136 0.995 0.516 0.510 0.516 39.7270823 32.4171631 0.08812198787927628 23.824634552001953
1753302322949913 23.16516236906749 35.05999755859375 0.05749358736994388 -0.08841911107301713 2.383345365524292 136 1 0.516 0.510 0.516 39.7270823 32.4171631 -0.00378202716819942 23.815427780151367
1753302323206027 22.66215542025311 35.05999755859375 0.05746054391732086 -0.08338092938065528 2.389068365097046 136 0.974 0.516 0.506 0.516 39.7270043 32.4172568 0.025092260912060738 23.79010772705078
1753302323430182 23.317940354480037 35.0799560546875 0.05717202640179041 -0.08398189544677734 2.3923630714416504 137 0.962 0.516 0.506 0.516 39.7270043 32.4172568 0.043510597199201584 23.769737243652344
1753302323685680 22.594563626326224 35.0899658203125 0.054489034898012066 -0.08103832527995108 2.3916108608245854 137 1 0.516 0.506 0.516 39.7270043 32.4172568 0.04969760403037071 23.753021240234375
1753302323942335 23.206161124189727 35.1300048828125 0.02438049628162013 -0.06668207421898842 2.358797073364258 135 0.976 0.383 0.536 0.449 39.726926 32.4173498 0.413361519575119 23.722829818725586
1753302324200667 22.924634247694875 35.27996826171875 -0.04430155354299879 -0.04648906365036964 2.327268362045288 133 0.964 0.554 0.630 0.535 39.7268538 32.4174529 0.6695492267608643 23.722009658813477
1753302324454083 21.52655783574737 35.42999267578125 -0.13062851929240404 0.0023547069402411577 2.2510576248168945 128 1 0.554 0.630 0.535 39.7268538 32.4174529 0.5861539244651794 23.934724807739258
1753302324710656 22.429538095269237 35.64996337890625 -0.2083227884668688 0.10346498489379882 2.0806143283843994 119 1 0.525 0.551 0.520 39.7268059 32.4175821 1.3796981573104858 24.526683807373047
1753302324936544 22.3638303595203 36.199951171875 -0.2782476307238871 0.18749031424522397 1.8934091329574585 108 1 0.525 0.551 0.520 39.7268059 32.4175821 3.1276113986968994 24.95916748046875
1753302324938058 22.3638303595203 36.199951171875 -0.3411799887552035 0.18749031424522397 1.8934091329574585 108 0.958 0.525 0.551 0.520 39.7268059 32.4175821 3.1276113986968994 24.95916748046875
1753302325192159 23.56599128615707 37.239990234375 -0.3929171877861773 0.2263713985681534 1.7544740438461304 100 1 0.525 0.551 0.520 39.7268059 32.4175821 4.372543811798096 24.859813690185547
1753302325449566 22.67132376957933 38.260009765625 -0.43399643758780554 0.16046092808246612 1.7239681482315066 98 0.985 0.515 0.416 0.516 39.7267917 32.4177253 3.6321587562561035 24.7078857421875
1753302325694734 22.450648791691137 38.92999267578125 -0.4677439736710203 0.022998375073075294 1.7383478879928589 99 0.959 0.515 0.416 0.516 39.7267917 32.4177253 1.4162873029708862 24.568235397338867
1753302325941875 23.52367623561008 39.05999755859375 -0.5001081592487883 -0.0481988251209259 1.7111929655075073 98 0.994 0.497 0.562 0.507 39.7267829 32.4178676 -0.06689168512821198 24.352556228637695
1753302326198279 23.168835281771393 39.010009765625 -0.5330401271564594 -0.031054889783263206 1.6177115440368655 92 1 0.531 0.540 0.523 39.726784 32.4180097 -0.12250397354364395 24.213146209716797
1753302326454095 22.249372373376143 39.04998779296875 -0.562994576393023 0.005693230219185352 1.5156903266906738 86 1 0.531 0.540 0.523 39.726784 32.4180097 0.3848276436328888 24.203977584838867
1753302326709869 22.213072347152647 39.219970703125 -0.5862779589579595 0.0264497485011816 1.4192177057266235 81 1 0.522 0.505 0.519 39.7268072 32.4181487 0.8185820579528809 24.248414993286133
1753302326934082 22.03949783884459 39.44000244140625 -0.6027347241717064 0.020444756932556627 1.3493688106536865 77 1 0.522 0.505 0.519 39.7268072 32.4181487 0.8899984359741211 24.225749969482422
1753302326935089 22.03949783884459 39.44000244140625 -0.6175458128640786 0.020444756932556627 1.3493688106536865 77 0.977 0.522 0.505 0.519 39.7268072 32.4181487 0.8899984359741211 24.225749969482422
1753302327189536 22.258172786712354 39.64996337890625 -0.6268331732204321 -0.007522622682154177 1.2902755737304688 73 1 0.522 0.505 0.519 39.7268072 32.4181487 0.5867606997489929 24.110044479370117
1753302327446765 22.264370290848298 39.75 -0.6327753060326662 -0.03767625242471694 1.242982029914856 71 0.976 0.515 0.516 0.516 39.7268435 32.4182802 0.12695826590061188 23.979896545410156
1753302327447837 22.264370290848298 39.75 -0.6381232255636768 -0.03767625242471694 1.242982029914856 71 0.963 0.515 0.516 0.516 39.7268435 32.4182802 0.12695826590061188 23.979896545410156
1753302327702618 23.205351709523555 39.739990234375 -0.6410079461877749 -0.054912873357534406 1.1863740682601929 67 0.953 0.522 0.525 0.519 39.7268891 32.418405 -0.18740703165531158 23.8564395904541
1753302327956355 22.30038991123116 39.69000244140625 -0.641663837064374 -0.05301250442862511 1.1289702653884888 64 1 0.522 0.525 0.519 39.7268891 32.418405 -0.20477649569511414 23.76983070373535
1753302327957929 22.30038991123116 39.69000244140625 -0.6422541388533134 -0.05301250442862511 1.1289702653884888 64 0.966 0.522 0.525 0.519 39.7268891 32.418405 -0.20477649569511414 23.76983070373535
1753302328208640 22.989426056111895 39.65997314453125 -0.6394756956691996 -0.04764075577259064 1.0654724836349487 61 0.977 0.528 0.511 0.522 39.7269454 32.4185222 -0.07017132639884949 23.695335388183594
1753302328433331 22.7237172923797 39.64996337890625 -0.6328888288553467 -0.05050925016403199 1.015393853187561 58 0.969 0.528 0.511 0.522 39.7269454 32.4185222 -0.033487070351839066 23.6512393951416
1753302328706915 22.147491635665006 39.6300048828125 -0.6222734944298187 -0.06269443705677986 0.9699476957321167 55 1 0.523 0.517 0.519 39.7270103 32.4186325 -0.13878276944160461 23.62925148010254
1753302328930200 22.519687504610836 39.5799560546875 -0.6084501680380987 -0.07350969836115837 0.9301990270614624 53 0.995 0.523 0.517 0.519 39.7270103 32.4186325 -0.2590906322002411 23.60057830810547
1753302329215920 22.62408533827142 39.510009765625 -0.5920348051172692 -0.07191135361790657 0.8850679993629456 50 1 0.529 0.508 0.522 39.7270805 32.4187346 -0.21043944358825684 23.556604385375977
1753302329438355 22.116172197925426 39.47998046875 -0.573417465357381 -0.06907972171902656 0.8488382697105408 48 0.965 0.529 0.508 0.522 39.7270805 32.4187346 -0.10819776356220245 23.506820678710938
1753302329694021 22.462271117099608 39.4599609375 -0.5516265873328429 -0.07496161013841629 0.8164482712745667 46 0.958 0.525 0.514 0.520 39.7271552 32.4188302 -0.12355320900678635 23.457008361816406
1753302329948199 22.263294932949048 39.41998291015625 -0.5275165925218684 -0.08460497483611107 0.7884138822555542 45 1 0.525 0.514 0.520 39.7271552 32.4188302 -0.21484214067459106 23.42851448059082
1753302330204841 22.28634731715813 39.3699951171875 -0.501615749877157 -0.08465138152241707 0.7596801519393921 43 0.983 0.528 0.508 0.522 39.7272336 32.4189218 -0.20317122340202332 23.41039276123047
1753302330459996 22.254927378389397 39.3299560546875 -0.4747406844032962 -0.07877194434404373 0.7377591729164124 42 0.973 0.528 0.508 0.522 39.7272336 32.4189218 -0.08021385222673416 23.4168643951416
1753302330705783 22.62364169381076 39.30999755859375 -0.44622361246345876 -0.07851651459932328 0.7196367383003235 41 0.982 0.525 0.511 0.520 39.7273153 32.4190106 -0.012397490441799164 23.445566177368164
1753302330930023 22.224591292875704 39.28997802734375 -0.4165346793854097 -0.08510708287358283 0.7053185105323792 40 0.985 0.525 0.511 0.520 39.7273153 32.4190106 -0.07011959701776505 23.480958938598633
1753302331219041 22.458216960593866 39.260009765625 -0.38615768082653223 -0.08751238137483595 0.6929085850715637 39 0.950 0.523 0.512 0.519 39.7273977 32.4190968 -0.11055625230073929 23.512331008911133
1753302331442181 22.99966190633937 39.239990234375 -0.3557567806039578 -0.08192234188318252 0.6826586127281189 39 1 0.523 0.512 0.519 39.7273977 32.4190968 -0.022737322375178337 23.535436630249023
1753302331697894 22.261000007753502 39.25 -0.32578307525762856 -0.07558586299419404 0.6748080849647522 38 1 0.522 0.509 0.519 39.7274805 32.4191815 0.10734790563583374 23.551671981811523
1753302331930663 23.016041556878402 39.27996826171875 -0.29621691844417697 -0.07782512903213501 0.6712955236434937 38 1 0.522 0.509 0.519 39.7274805 32.4191815 0.1045069769024849 23.562599182128906
1753302332220570 22.363884835276387 39.30999755859375 -0.2670362871409569 -0.07719524875283242 0.668133556842804 38 0.984 0.521 0.509 0.518 39.7275641 32.4192667 0.0911329984664917 23.575902938842773
1753302332444028 23.239465080471614 39.3299560546875 -0.23872558849493689 -0.0791249230504036 0.6660507321357727 38 0.953 0.521 0.509 0.518 39.7275641 32.4192667 0.09199066460132599 23.610458374023438
1753302332700897 22.42505390111272 39.3499755859375 -0.21165217975473427 -0.07953244969248771 0.6658995151519777 38 0.992 0.521 0.509 0.518 39.7275641 32.4192667 0.08159315586090088 23.66737174987793
1753302332958000 22.565772132054175 39.3699951171875 -0.18571809510614892 -0.07623574957251548 0.6673410534858704 38 1 0.522 0.511 0.519 39.7276484 32.4193534 0.13847960531711578 23.71204376220703
1753302333213038 22.247530437790083 39.40997314453125 -0.16051543203198693 -0.07053343281149864 0.6720422506332397 38 0.991 0.519 0.504 0.517 39.7277316 32.4194403 0.23962745070457458 23.73369789123535
1753302333436481 22.612987385632124 39.469970703125 -0.13653961968902154 -0.07193957418203353 0.6764612197875977 38 0.993 0.519 0.504 0.517 39.7277316 32.4194403 0.23733583092689514 23.7300968170166
1753302333438230 22.612987385632124 39.469970703125 -0.1149613885803527 -0.07193957418203353 0.6764612197875977 38 1 0.519 0.504 0.517 39.7277316 32.4194403 0.23733583092689514 23.7300968170166
1753302333692005 22.77864311530805 39.51995849609375 -0.094796030556277 -0.07723578289151192 0.681657910346985 39 1 0.519 0.504 0.517 39.7277316 32.4194403 0.1348789632320404 23.729106903076172
1753302333949571 23.119326025749682 39.53997802734375 -0.0760235328988274 -0.07748933508992194 0.6870850920677185 39 1 0.520 0.511 0.518 39.7278134 32.419528 0.10053084045648575 23.73040199279785
1753302334206179 22.563050403342583 39.57000732421875 -0.05845063533032299 -0.07272662073373794 0.6946547031402588 39 1 0.518 0.504 0.517 39.7278946 32.4196175 0.1741766482591629 23.72890281677246
1753302334461576 22.774305881250783 39.6099853515625 -0.0421227725354823 -0.07081517428159713 0.7013667225837708 40 1 0.518 0.504 0.517 39.7278946 32.4196175 0.21721595525741577 23.730079650878906
1753302334696465 22.513248307605608 39.65997314453125 -0.026882593662261287 -0.07736351862549783 0.7100188136100769 40 1 0.518 0.504 0.517 39.7278946 32.4196175 0.13834330439567566 23.76167106628418
1753302334952950 23.18484273666352 39.67999267578125 -0.01309919491176544 -0.07932020351290703 0.7159984707832338 41 1 0.518 0.513 0.517 39.7279756 32.4197098 0.08658298850059509 23.80367088317871
1753302335208293 22.471204150116254 39.7099609375 -0.0006020252534574726 -0.07322201132774353 0.7243024110794067 41 0.976 0.516 0.504 0.516 39.7280555 32.4198039 0.19253990054130554 23.833974838256836
1753302335431383 23.201847504297863 39.760009765625 0.010732334736392518 -0.0714408665895462 0.7339903712272645 42 1 0.516 0.504 0.516 39.7280555 32.4198039 0.24207884073257446 23.835363388061523
1753302335719810 23.028010629371575 39.80999755859375 0.020915252909128924 -0.07546348869800568 0.7406327128410339 42 0.982 0.518 0.509 0.517 39.7281331 32.4198985 0.17523108422756195 23.817148208618164
1753302335943802 23.028010629371575 39.80999755859375 0.03007987926459169 -0.07546348869800568 0.7406327128410339 42 0.975 0.518 0.509 0.517 39.7281331 32.4198985 0.17523108422756195 23.817148208618164
1753302336199791 23.171091056214205 39.8699951171875 0.03798708355476727 -0.07724743410944938 0.7603040337562561 43 1 0.515 0.506 0.516 39.7282095 32.4199947 0.10866958647966385 23.78445816040039
1753302336455191 23.270721152536378 39.90997314453125 0.045037903213950424 -0.07644358873367309 0.7674816250801086 43 1 0.515 0.506 0.516 39.7282095 32.4199947 0.13517647981643677 23.769466400146484
1753302336457800 23.270721152536378 39.90997314453125 0.05138364090721527 -0.07644358873367309 0.7674816250801086 43 1 0.515 0.506 0.516 39.7282095 32.4199947 0.13517647981643677 23.769466400146484
1753302336711370 22.909500678473 39.94000244140625 0.05663946185291457 -0.08042622953653336 0.7767848968505859 44 0.979 0.515 0.510 0.516 39.7282857 32.4200938 0.07609708607196808 23.786941528320312
1753302336933434 23.09766620999616 39.9599609375 0.06105219346684797 -0.08209189996123314 0.7840123772621155 44 0.969 0.515 0.510 0.516 39.7282857 32.4200938 0.04941098764538765 23.81038475036621
1753302337218598 22.505723345632614 39.97998046875 0.06447449421050475 -0.07801478207111358 0.7912077903747559 45 1 0.516 0.502 0.516 39.7283606 32.4201943 0.12133815139532089 23.830801010131836
1753302337441087 22.637446577832414 40.01995849609375 0.06685257117595367 -0.07614952847361564 0.7992073893547058 45 1 0.516 0.502 0.516 39.7283606 32.4201943 0.16702528297901154 23.827045440673828
1753302337707825 22.97859160455215 40.05999755859375 0.06858578244429314 -0.0803154595196247 0.8055269718170166 46 0.983 0.515 0.507 0.516 39.7284335 32.4202947 0.11340214312076569 23.808794021606445
1753302337961413 22.814190245487556 40.0799560546875 0.06980187522990838 -0.08380101993679999 0.8131029009819031 46 0.965 0.515 0.507 0.516 39.7284335 32.4202947 0.04002626985311508 23.786054611206055
1753302338217659 22.71308424853823 40.0899658203125 0.07054731989762189 -0.0859660029411316 0.8196441531181335 46 0.989 0.516 0.509 0.516 39.7285055 32.4203962 -0.023613646626472473 23.771760940551758
1753302338461218 23.1070040738011 40.0899658203125 0.07048913459355535 -0.08327513486146927 0.8248952627182007 47 0.984 0.516 0.509 0.516 39.7285055 32.4203962 0.015726763755083084 23.760717391967773
1753302338714713 23.077859343919357 40.1099853515625 0.06971360478140327 -0.08262552991509438 0.8321515321731567 47 0.987 0.516 0.509 0.516 39.7285773 32.4204997 0.04160604998469353 23.755420684814453
1753302338937718 23.494843455453395 40.1199951171875 0.06872182026509119 -0.08522778302431105 0.8371791839599609 47 0.998 0.516 0.509 0.516 39.7285773 32.4204997 0.008718895725905895 23.77481460571289
1753302339192709 23.445184809074345 40.1099853515625 0.06731524260345405 -0.08591099083423613 0.8421245217323303 48 0.999 0.516 0.509 0.516 39.7285773 32.4204997 0.006754392758011818 23.795698165893555
1753302339448077 22.789262542186595 40.1099853515625 0.04991547115001058 -0.09925340861082077 0.8198010325431825 46 0.983 0.378 0.484 0.447 39.7286487 32.4206048 -0.08010763674974442 23.81575584411621
1753302339702410 23.998513225812513 40.02996826171875 -0.005548108988824703 -0.14862325936555862 0.8074567914009094 46 0.969 0.523 0.590 0.519 39.7287225 32.4207048 -0.6856291890144348 23.804677963256836
1753302339956096 24.182095628758635 39.75 -0.09167173150821616 -0.16273183077573777 0.783989429473877 44 0.959 0.523 0.590 0.519 39.7287225 32.4207048 -1.5560020208358765 23.888525009155273
1753302339957697 24.182095628758635 39.75 -0.16918299177566848 -0.16273183077573777 0.783989429473877 44 1 0.523 0.590 0.519 39.7287225 32.4207048 -1.5560020208358765 23.888525009155273
1753302340200902 23.46894769705364 39.26995849609375 -0.24302181370180675 -0.09932915717363357 0.6722225546836853 38 1 0.523 0.590 0.519 39.7287225 32.4207048 -1.8236324787139893 24.342798233032227
1753302340456133 22.969001579696332 38.949951171875 -0.3094767534353312 -0.022769197076559066 0.5034087300300598 28 0.992 0.517 0.580 0.516 39.7288116 32.4207854 -0.7175886631011963 25.114242553710938
1753302340457643 22.969001579696332 38.949951171875 -0.3692861991955032 -0.022769197076559066 0.5034087300300598 28 0.950 0.517 0.580 0.516 39.7288116 32.4207854 -0.7175886631011963 25.114242553710938
1753302340706415 23.440232550106753 38.989990234375 -0.4218291042297951 0.028299175947904584 0.34131020307540894 19 1 0.515 0.436 0.516 39.7289217 32.4208279 0.7202537655830383 25.559049606323242
1753302340941990 23.720332287270793 39.2099609375 -0.4673970399543528 0.0034400876145809886 0.27328386902809143 15 1 0.515 0.436 0.516 39.7289217 32.4208279 0.6680723428726196 25.568265914916992
1753302341197562 24.584200759572923 39.19000244140625 -0.5071366481403904 -0.10046638697385787 0.2703290581703186 15 1 0.515 0.436 0.516 39.7289217 32.4208279 -0.9812418222427368 25.414987564086914
1753302341453657 25 38.75 -0.5432298826355096 -0.176785671710968 0.24989363551139832 14 0.998 0.501 0.557 0.509 39.729035 32.4208552 -2.487034797668457 25.175661087036133
1753302341707669 25 38.03997802734375 -0.5769413811425886 -0.17151129990816116 0.1523822844028473 8 0.958 0.501 0.557 0.509 39.729035 32.4208552 -2.6497528553009033 24.99104118347168
1753302341964092 24.982494148762154 37.47998046875 -0.6075682314450015 -0.13342047482728955 0.0378747396171093 2 0.963 0.519 0.546 0.517 39.7291462 32.4208682 -2.098937511444092 24.91205406188965
1753302342219009 24.04409765186992 37.01995849609375 -0.6327871923638406 -0.10590041279792786 -0.07323889434337616 355 0.976 0.519 0.517 0.517 39.7292557 32.4208493 -1.577436923980713 24.843671798706055
1753302342444278 24.68725899332233 36.69000244140625 -0.6516731958085021 -0.10029786676168442 -0.15613272786140442 351 0.986 0.519 0.517 0.517 39.7292557 32.4208493 -1.3701074123382568 24.727582931518555
1753302342699762 23.92129696927256 36.3499755859375 -0.6646023613655913 -0.11126541793346405 -0.23129649460315704 346 1 0.519 0.517 0.517 39.7292557 32.4208493 -1.407505750656128 24.518077850341797
1753302342956669 24.051111666109946 36.0 -0.6733706792394234 -0.12942121773958207 -0.29047131538391113 343 1 0.516 0.515 0.516 39.7293612 32.4208075 -1.6076754331588745 24.305166244506836
1753302342957682 24.051111666109946 36.0 -0.6812621653258722 -0.12942121773958207 -0.29047131538391113 343 1 0.516 0.515 0.516 39.7293612 32.4208075 -1.6076754331588745 24.305166244506836
1753302343214162 24.638775309303306 35.54998779296875 -0.6859163731497457 -0.14533669799566268 -0.3524187505245209 339 0.979 0.519 0.530 0.517 39.7294609 32.4207503 -1.8536858558654785 24.089679718017578
1753302343439040 23.674607674088332 35.0999755859375 -0.6876339635397729 -0.1492026388645172 -0.4153011441230774 336 0.983 0.519 0.530 0.517 39.7294609 32.4207503 -1.898820400238037 23.928707122802734
1753302343719276 23.37875002304775 34.63995361328125 -0.6858983148168687 -0.1414657086133957 -0.4859059453010559 332 1 0.526 0.516 0.521 39.7295517 32.4206791 -1.7494215965270996 23.762311935424805
1753302343960642 23.705111272226898 34.260009765625 -0.6803734519211498 -0.1359337791800499 -0.5461591482162476 328 1 0.526 0.516 0.521 39.7295517 32.4206791 -1.5805519819259644 23.614927291870117
1753302344218189 23.206171771563476 33.8699951171875 -0.6703546838278812 -0.14074768275022506 -0.6026906967163086 325 0.989 0.525 0.517 0.520 39.7296344 32.4205961 -1.5456653833389282 23.463045120239258
1753302344442884 23.096149629088597 33.5 -0.6565902527852574 -0.14717436730861663 -0.6503729820251465 322 0.991 0.525 0.517 0.520 39.7296344 32.4205961 -1.5634942054748535 23.335607528686523
1753302344697759 23.17297434919454 33.1099853515625 -0.6395280239001261 -0.15012343972921371 -0.6974387168884277 320 1 0.527 0.516 0.521 39.729711 32.4205044 -1.5554436445236206 23.223413467407227
1753302344950733 23.185556282690065 32.75 -0.6197647998048676 -0.14877827167510985 -0.7382139563560486 317 1 0.527 0.516 0.521 39.729711 32.4205044 -1.471015453338623 23.14720916748047
1753302345204537 23.155833099417475 32.3800048828125 -0.5968228324634266 -0.1473718538880348 -0.7775591611862183 315 0.986 0.527 0.516 0.521 39.729711 32.4205044 -1.3718782663345337 23.117027282714844
1753302345459597 23.33770384390483 32.04998779296875 -0.5712888489111452 -0.14596646875143052 -0.8084219098091125 313 0.998 0.528 0.516 0.522 39.7297826 32.4204052 -1.2864902019500732 23.112560272216797
1753302345723693 22.8358909019943 31.72998046875 -0.5431611761400869 -0.14446902126073835 -0.8388444781303406 311 0.954 0.528 0.516 0.521 39.7298496 32.4203016 -1.1966270208358765 23.12158203125
1753302345947229 22.78975980273218 31.4599609375 -0.5132627241268548 -0.13878851532936096 -0.863981306552887 310 0.954 0.528 0.516 0.521 39.7298496 32.4203016 -1.068318247795105 23.11115264892578
1753302346200394 23.016099152949057 31.2099609375 -0.48148050479186716 -0.1327706143260002 -0.8861435651779176 309 1 0.342 0.534 0.429 39.7299131 32.4201958 -0.9296817779541016 23.102506637573242
1753302346452575 23.017502309730247 31.010009765625 -0.45426229004943197 -0.12558717429637908 -0.9146075248718262 307 0.991 0.342 0.534 0.429 39.7299131 32.4201958 -0.7506668567657471 23.108598709106445
1753302346715175 22.582265490519664 30.8599853515625 -0.46344935326174347 -0.11586443632841109 -0.9768827557563782 304 0.983 0.564 0.614 0.540 39.729971 32.4200838 -0.4213504493236542 23.130945205688477
1753302346953323 21.717775221961283 30.77996826171875 -0.5012345680152962 -0.05768415257334709 -1.039381504058838 300 1 0.564 0.614 0.540 39.729971 32.4200838 -0.2805919945240021 23.26995277404785
1753302347208336 21.310399439192928 30.77996826171875 -0.5371153028508059 0.05349926352500915 -1.1712175607681274 292 0.988 0.540 0.526 0.528 39.7300067 32.4199528 0.6308265924453735 23.68212127685547
1753302347463107 21.734253636944338 31.13995361328125 -0.5578062061995296 0.1366388499736786 -1.3055990934371948 285 0.984 0.540 0.526 0.528 39.7300067 32.4199528 2.308687448501587 23.941316604614258
1753302347719669 22.085963690044544 31.94000244140625 -0.5650668613192464 0.1577360764145851 -1.3953906297683718 280 0.955 0.512 0.479 0.514 39.7300191 32.4198138 3.354323625564575 23.856510162353516
1753302347943533 21.67115990159124 32.69000244140625 -0.5641450946399891 0.08830473721027372 -1.4200443029403687 278 1 0.512 0.479 0.514 39.7300191 32.4198138 2.600569725036621 23.76083755493164
1753302348197290 22.325726461285456 33.19000244140625 -0.5604552326979628 0.01646359860897064 -1.44827139377594 277 0.984 0.512 0.479 0.514 39.7300191 32.4198138 1.3764418363571167 23.64747428894043
1753302348452638 22.051025413432427 33.5 -0.558298328374242 0.028765454143285747 -1.4996938705444336 274 0.991 0.518 0.539 0.517 39.7300258 32.4196767 1.3303579092025757 23.49547576904297
1753302348457785 22.051025413432427 33.5 -0.5563571144828934 0.028765454143285747 -1.4996938705444336 274 0.957 0.518 0.539 0.517 39.7300258 32.4196767 1.3303579092025757 23.49547576904297
1753302348710811 21.85462323584234 33.94000244140625 -0.5545536419471864 0.06568966582417489 -1.560308575630188 270 0.995 0.534 0.488 0.525 39.7300222 32.4195411 1.8980681896209717 23.3139591217041
1753302348965181 21.225460851586497 34.41998291015625 -0.5481976634908405 0.060965456813573835 -1.5957385301589966 268 0.961 0.534 0.488 0.525 39.7300222 32.4195411 1.9372036457061768 23.23052406311035
1753302349220067 21.91946854105701 34.8699951171875 -0.5359593957646508 0.016016919910907743 -1.6271631717681887 266 1 0.515 0.527 0.516 39.7300109 32.4194051 1.3957105875015259 23.239635467529297
1753302349445963 21.235288592183508 35.13995361328125 -0.5217529621705848 -0.00612972192466259 -1.6598683595657349 264 1 0.515 0.527 0.516 39.7300109 32.4194051 1.0147911310195923 23.265439987182617
1753302349447603 21.235288592183508 35.13995361328125 -0.5089671719359252 -0.00612972192466259 -1.6598683595657349 264 0.956 0.515 0.527 0.516 39.7300109 32.4194051 1.0147911310195923 23.265439987182617
1753302349693987 21.20978829555418 35.40997314453125 -0.49614733829679136 0.0035843441262841226 -1.6980195045471191 262 1 0.515 0.527 0.516 39.7300109 32.4194051 1.1296571493148804 23.279651641845703
1753302349958454 21.997088305024757 35.699951171875 -0.48231413401289625 0.0074964269995689385 -1.7280817031860352 260 0.988 0.530 0.499 0.523 39.7299937 32.4192699 1.2643604278564453 23.28640365600586
1753302350213178 21.429435402522078 36.010009765625 -0.46511888298801046 -0.007610005512833595 -1.753190517425537 259 1 0.519 0.515 0.517 39.7299709 32.4191375 1.0934351682662964 23.315372467041016
1753302350435701 21.427136515063353 36.239990234375 -0.4456172030575108 -0.022941821813583372 -1.7773709297180176 258 1 0.519 0.515 0.517 39.7299709 32.4191375 0.8643625974655151 23.355377197265625
1753302350437217 21.427136515063353 36.239990234375 -0.4280656911200611 -0.022941821813583372 -1.7773709297180176 258 0.953 0.519 0.515 0.517 39.7299709 32.4191375 0.8643625974655151 23.355377197265625
1753302350719241 21.688388090163276 36.469970703125 -0.40928187405464006 -0.022458332777023315 -1.8032820224761963 256 1 0.526 0.503 0.521 39.7299442 32.4190061 0.8702795505523682 23.383460998535156
1753302350955752 22.08917953108822 36.69000244140625 -0.38995136262831354 -0.021406724303960803 -1.822075128555298 255 1 0.526 0.503 0.521 39.7299442 32.4190061 0.9341021776199341 23.400938034057617
1753302350957262 22.08917953108822 36.69000244140625 -0.37255390234461966 -0.021406724303960803 -1.822075128555298 255 1 0.526 0.503 0.521 39.7299442 32.4190061 0.9341021776199341 23.400938034057617
1753302351225625 22.08161382703721 36.91998291015625 -0.3534300245136458 -0.031571739166975026 -1.8368163108825684 254 0.986 0.521 0.514 0.518 39.7299139 32.4188739 0.8172916769981384 23.443113327026367
1753302351448405 22.57005810923413 37.0999755859375 -0.33317762618873464 -0.039909332990646355 -1.849737524986267 254 1 0.521 0.514 0.518 39.7299139 32.4188739 0.6862693428993225 23.51324462890625
1753302351702394 22.45776924364533 37.28997802734375 -0.31226136912954405 -0.03644087128341198 -1.8634976148605347 253 0.979 0.521 0.514 0.518 39.7299139 32.4188739 0.7516620755195618 23.56761360168457
1753302351956635 22.164807174722988 37.47998046875 -0.2912179295425345 -0.03598419204354286 -1.8731709718704226 252 1 0.523 0.503 0.519 39.7298814 32.4187418 0.802016019821167 23.594057083129883
1753302351957146 22.164807174722988 37.47998046875 -0.27227883391422597 -0.03598419204354286 -1.8731709718704226 252 1 0.523 0.503 0.519 39.7298814 32.4187418 0.802016019821167 23.594057083129883
1753302352209314 22.665060922295886 37.66998291015625 -0.25270397233524233 -0.04366890303790569 -1.8804768323898315 252 1 0.523 0.503 0.519 39.7298814 32.4187418 0.7009313106536865 23.610122680664062
1753302352464342 22.359066443932235 37.8299560546875 -0.2328997330447284 -0.04655931517481804 -1.8860045671463013 251 1 0.520 0.509 0.518 39.7298479 32.4186114 0.6283707022666931 23.6258487701416
1753302352721803 21.964490271119608 37.989990234375 -0.21305430135848352 -0.047581660002470015 -1.8917347192764282 251 1 0.521 0.505 0.518 39.7298139 32.4184814 0.6077160835266113 23.637779235839844
1753302352944815 22.14528976291684 38.1300048828125 -0.19367301067014542 -0.04889781996607781 -1.8959137201309206 251 1 0.521 0.505 0.518 39.7298139 32.4184814 0.5981568694114685 23.64769744873047
1753302353202404 22.70055466722846 38.26995849609375 -0.17466320000857122 -0.055386437475681304 -1.897435188293457 251 1 0.519 0.510 0.517 39.7297794 32.4183502 0.5072765946388245 23.66783332824707
1753302353457299 22.95899673024829 38.3800048828125 -0.15592022004219894 -0.055166050046682354 -1.8973414897918701 251 0.951 0.519 0.510 0.517 39.7297794 32.4183502 0.4910462200641632 23.708181381225586
1753302353711736 22.139998249516356 38.510009765625 -0.1378093450515837 -0.050803644210100175 -1.898317575454712 251 0.981 0.519 0.510 0.517 39.7297794 32.4183502 0.5732806921005249 23.755638122558594
1753302353967468 22.27997675567187 38.64996337890625 -0.12055164963746405 -0.05701215267181397 -1.896323561668396 251 0.986 0.520 0.506 0.517 39.7297448 32.4182176 0.530745267868042 23.785953521728516
1753302354221856 22.94284729712922 38.760009765625 -0.10374027430186572 -0.06203081831336021 -1.8929601907730103 251 0.995 0.516 0.507 0.516 39.7297111 32.4180859 0.411244660615921 23.81053924560547
1753302354445768 22.503313555783635 38.8599853515625 -0.08784448301049981 -0.057231455296277996 -1.8906468152999878 251 0.953 0.516 0.507 0.516 39.7297111 32.4180859 0.45347267389297485 23.810579299926758
1753302354447309 22.503313555783635 38.8599853515625 -0.07353827084827048 -0.057231455296277996 -1.8906468152999878 251 1 0.516 0.507 0.516 39.7297111 32.4180859 0.45347267389297485 23.810579299926758
1753302354699503 22.44365560328334 38.989990234375 -0.06024450340027472 -0.056472139060497285 -1.8861260414123535 251 0.976 0.516 0.507 0.516 39.7297111 32.4180859 0.49682706594467163 23.798444747924805
1753302354953662 22.69806461015872 39.0999755859375 -0.04778362016220266 -0.06341238468885421 -1.882611632347107 252 1 0.518 0.507 0.517 39.7296785 32.4179541 0.3900623619556427 23.794437408447266
1753302355209375 22.341330125765513 39.16998291015625 -0.0362619157165829 -0.06645961627364158 -1.8782877922058105 252 1 0.518 0.507 0.517 39.7296785 32.4179541 0.3021543622016907 23.79545783996582
1753302355466099 22.428394550842285 39.25 -0.02546317909931037 -0.06339447498321532 -1.8724141120910647 252 0.955 0.517 0.506 0.516 39.7296465 32.417821 0.3561103045940399 23.80812644958496
1753302355467634 22.428394550842285 39.25 -0.01574431614376509 -0.06339447498321532 -1.8724141120910647 252 0.974 0.517 0.506 0.516 39.7296465 32.417821 0.3561103045940399 23.80812644958496
1753302355720170 22.83322499417757 39.3299560546875 -0.006657676455057299 -0.06623031049966813 -1.868069052696228 252 0.974 0.519 0.512 0.517 39.7296154 32.4176861 0.3514156639575958 23.842161178588867
1753302355942962 23.328979361098177 39.39996337890625 0.001763781258454946 -0.07216229289770126 -1.8647487163543701 253 0.982 0.519 0.512 0.517 39.7296154 32.4176861 0.26176008582115173 23.883325576782227
1753302355944178 23.328979361098177 39.39996337890625 0.009343093200615967 -0.07216229289770126 -1.8647487163543701 253 0.983 0.519 0.512 0.517 39.7296154 32.4176861 0.26176008582115173 23.883325576782227
1753302355946338 23.328979361098177 39.39996337890625 0.016164473948560888 -0.07216229289770126 -1.8647487163543701 253 1 0.519 0.512 0.517 39.7296154 32.4176861 0.26176008582115173 23.883325576782227
1753302356229581 22.735517263853037 39.469970703125 0.022409363619401514 -0.0705747440457344 -1.857376217842102 253 1 0.516 0.502 0.516 39.7295857 32.417552 0.2556893825531006 23.90161895751953
1753302356454062 22.601338424702735 39.53997802734375 0.028164716689510164 -0.06215319260954857 -1.8516584634780884 253 1 0.516 0.502 0.516 39.7295857 32.417552 0.38819384574890137 23.885494232177734
1753302356709079 22.605299684084812 39.64996337890625 0.03337098028843673 -0.06493769288063049 -1.8450806140899658 254 0.968 0.516 0.502 0.516 39.7295857 32.417552 0.37021496891975403 23.84856414794922
1753302356967554 23.2224861589677 39.719970703125 0.03781867951081758 -0.07528187781572342 -1.8396391868591309 254 0.990 0.516 0.508 0.516 39.7295575 32.4174185 0.20076848566532135 23.826887130737305
1753302357220183 23.383905464262245 39.760009765625 0.041640360771953155 -0.07802377343177795 -1.8337694406509402 254 1 0.514 0.507 0.515 39.7295303 32.417284 0.11444876343011856 23.812334060668945
1753302357442855 22.35081033752974 39.78997802734375 0.045256917583351514 -0.07210638374090193 -1.827353119850159 255 1 0.514 0.507 0.515 39.7295303 32.417284 0.19388726353645325 23.817964553833008
1753302357728216 23.076917831112546 39.8599853515625 0.0481928727693008 -0.0714556783437729 -1.8213160037994385 255 1 0.514 0.508 0.516 39.7295041 32.4171477 0.2515782117843628 23.839677810668945
1753302357952930 22.66607011063792 39.90997314453125 0.050504842400549046 -0.08018831834197045 -1.8173630237579346 255 0.977 0.514 0.508 0.516 39.7295041 32.4171477 0.13831289112567902 23.860010147094727
1753302358210389 22.6853111460541 39.949951171875 0.05212840124964553 -0.07837599590420723 -1.8099623918533327 256 0.956 0.516 0.507 0.516 39.7294792 32.4170123 0.13375124335289001 23.869977951049805
1753302358463994 22.668637238557523 39.989990234375 0.053227103665469636 -0.07793320789933204 -1.8051272630691528 256 1 0.516 0.507 0.516 39.7294792 32.4170123 0.15236049890518188 23.854167938232422
1753302358706444 22.60212064056278 40.02996826171875 0.05387742131799329 -0.07903662621974945 -1.8001912832260132 256 0.981 0.516 0.507 0.516 39.7294792 32.4170123 0.11493377387523651 23.826587677001953
1753302358964197 22.520909748885565 40.04998779296875 0.05407938191160443 -0.08124556988477706 -1.7965517044067383 257 1 0.516 0.508 0.516 39.7294555 32.4168776 0.07860556989908218 23.8071231842041
1753302359221236 22.643774378375692 40.07000732421875 0.05392930578170612 -0.08006275743246077 -1.7907973527908325 257 0.999 0.517 0.506 0.516 39.7294326 32.4167424 0.08101868629455566 23.79294204711914
1753302359445546 23.3008982565067 40.0899658203125 0.0536057230470633 -0.08119495436549186 -1.7875040769577029 257 1 0.517 0.506 0.516 39.7294326 32.4167424 0.06843702495098114 23.775203704833984
1753302359447680 23.3008982565067 40.0899658203125 0.05331449858588476 -0.08119495436549186 -1.7875040769577029 257 1 0.517 0.506 0.516 39.7294326 32.4167424 0.06843702495098114 23.775203704833984
1753302359702450 22.80957352734667 40.0999755859375 0.05268524387993663 -0.08238598108291625 -1.7830612659454348 257 1 0.515 0.510 0.516 39.7294101 32.4166054 0.05469395965337753 23.796167373657227
1753302359958979 22.7443396817026 40.1099853515625 0.051822668756707754 -0.08394985198974608 -1.7794407606124878 258 0.996 0.515 0.510 0.516 39.7294101 32.4166054 0.036831699311733246 23.823759078979492
1753302360215735 23.33520429391884 40.1199951171875 0.05069738196939014 -0.08257922232151031 -1.7755604982376099 258 0.974 0.516 0.504 0.516 39.7293885 32.4164684 0.06215828284621239 23.847856521606445
1753302360439585 22.887456429838473 40.13995361328125 0.049239647992936814 -0.07837027460336685 -1.7733391523361206 258 1 0.516 0.504 0.516 39.7293885 32.4164684 0.12989284098148346 23.837265014648438
1753302360727939 22.56083660443815 40.16998291015625 0.04752113828821901 -0.08245899677276611 -1.769497036933899 258 1 0.516 0.511 0.516 39.7293676 32.4163328 0.08076348900794983 23.814136505126953
1753302360952941 23.450882555001343 40.17999267578125 0.045613773850476054 -0.08848180025815963 -1.7680590152740479 258 1 0.516 0.511 0.516 39.7293676 32.4163328 -0.036486782133579254 23.801862716674805
1753302361210239 23.521380523214525 40.15997314453125 0.04369142154265223 -0.08682170510292053 -1.7640522718429565 258 1 0.514 0.507 0.515 39.7293471 32.416197 -0.04970410838723183 23.79414176940918
1753302361464800 22.789972128321956 40.16998291015625 0.0417562153137515 -0.081557659804821 -1.7615671157836914 259 1 0.514 0.507 0.515 39.7293471 32.416197 0.027415653690695763 23.788188934326172
1753302361467312 22.789972128321956 40.16998291015625 0.040014529707740845 -0.081557659804821 -1.7615671157836914 259 1 0.514 0.507 0.515 39.7293471 32.416197 0.027415653690695763 23.788188934326172
1753302361697914 23.047615194113618 40.19000244140625 0.03802691242043177 -0.0824277512729168 -1.7600101232528687 259 1 0.514 0.507 0.515 39.7293471 32.416197 0.05450074002146721 23.80618667602539
1753302361954157 22.879991447171165 40.2099609375 0.03588311138848066 -0.0854093000292778 -1.7590878009796143 259 1 0.515 0.516 0.516 39.7293268 32.4160595 0.025264017283916473 23.831424713134766
1753302362209900 22.5700011177324 40.219970703125 0.04451759841829181 -0.07849216386675834 -1.7367899417877197 260 0.982 0.608 0.551 0.562 39.7293075 32.4159218 0.12633360922336578 23.856576919555664
1753302362465438 22.268591627341532 40.30999755859375 0.08719159233680047 -0.06021553352475166 -1.6989177465438843 262 1 0.608 0.551 0.562 39.7293075 32.4159218 0.5822739005088806 23.823169708251953
1753302362467453 22.268591627341532 40.30999755859375 0.12559818686345828 -0.06021553352475166 -1.6989177465438843 262 1 0.608 0.551 0.562 39.7293075 32.4159218 0.5822739005088806 23.823169708251953
1753302362719959 22.25539142568843 40.489990234375 0.19307045454948796 -0.009316340461373328 -1.650093197822571 265 1 0.471 0.568 0.493 39.7293033 32.4157834 0.7008966207504272 23.864473342895508
1753302362943476 21.773310261720322 40.7099609375 0.25642104430648377 0.07545912340283394 -1.5563890933990479 270 0.996 0.471 0.568 0.493 39.7293033 32.4157834 1.2642754316329956 24.097639083862305
1753302363200563 22.330757007926007 41.239990234375 0.3013660146324577 0.13896453529596328 -1.4385875463485718 277 1 0.471 0.568 0.493 39.7293033 32.4157834 2.664684295654297 24.23442268371582
1753302363458011 22.594331316848272 41.969970703125 0.33215883077938035 0.12044674456119538 -1.381016731262207 280 0.970 0.513 0.443 0.515 39.7293233 32.4156454 2.980236768722534 24.173662185668945
1753302363715108 22.782646504278652 42.6099853515625 0.35489863784693493 0.02287619896233082 -1.3637019395828247 281 1 0.513 0.443 0.515 39.7293233 32.4156454 1.6692308187484741 24.140281677246094
1753302363973946 22.510442873923964 42.8299560546875 0.37563239304646384 -0.047494307160377496 -1.3426913022994995 283 1 0.531 0.543 0.523 39.7293523 32.4155086 0.3742049038410187 24.087093353271484
1753302364230187 23.04994565711785 42.88995361328125 0.39706419201276777 -0.03405710458755493 -1.2879399061203003 286 1 0.498 0.509 0.508 39.7293876 32.415375 0.27576419711112976 24.036273956298828
1753302364457494 22.264973451537298 43.02996826171875 0.41630134247167777 0.004997378960251808 -1.2246057987213135 289 0.968 0.498 0.509 0.508 39.7293876 32.415375 0.8748732805252075 23.975465774536133
1753302364724790 22.311498188550775 43.30999755859375 0.4290917449810255 0.00650070095434785 -1.174705982208252 292 0.965 0.514 0.505 0.516 39.729434 32.4152497 1.0501008033752441 23.919397354125977
1753302364973591 22.28767131944298 43.53997802734375 0.4348462283865942 -0.02175080943852663 -1.1413555145263672 294 0.984 0.514 0.505 0.516 39.729434 32.4152497 0.725254237651825 23.879623413085938
1753302365227319 22.443403406423926 43.69000244140625 0.4362635040512383 -0.04343274161219597 -1.1018472909927368 296 0.969 0.513 0.513 0.515 39.7294862 32.4151291 0.4093931317329407 23.831422805786133
1753302365449945 22.94084046384814 43.78997802734375 0.43595136322653594 -0.04698727577924728 -1.0666486024856567 298 1 0.513 0.513 0.515 39.7294862 32.4151291 0.3416263461112976 23.772289276123047
1753302365704905 22.88285910361146 43.88995361328125 0.4336952875680593 -0.046661531925201415 -1.0307562351226807 300 0.972 0.513 0.513 0.515 39.7294862 32.4151291 0.35937395691871643 23.733394622802734
1753302365961768 22.259588379689834 43.969970703125 0.42841268872858895 -0.052496674656867984 -1.0020205974578857 302 1 0.507 0.508 0.512 39.7295449 32.4150125 0.3201815187931061 23.741605758666992
1753302366218998 22.687984329615176 44.03997802734375 0.4196418848244114 -0.05700438693165778 -0.9716401100158691 304 0.988 0.508 0.510 0.512 39.7296088 32.4148998 0.27924320101737976 23.759191513061523
1753302366443091 22.290384996892897 44.1099853515625 0.40836268305251866 -0.0616517573595047 -0.9444733262062073 305 1.000 0.508 0.510 0.512 39.7296088 32.4148998 0.2604708969593048 23.76787567138672
1753302366444100 22.290384996892897 44.1099853515625 0.3982114014578152 -0.0616517573595047 -0.9444733262062073 305 0.957 0.508 0.510 0.512 39.7296088 32.4148998 0.2604708969593048 23.76787567138672
1753302366732736 22.433844474878505 44.16998291015625 0.3861296132998724 -0.06188946515321732 -0.9191560149192811 307 0.989 0.507 0.504 0.512 39.7296757 32.4147924 0.2710454761981964 23.75006866455078
1753302366955283 22.69335653310489 44.239990234375 0.37228979669187007 -0.0632319837808609 -0.896992564201355 308 1 0.507 0.504 0.512 39.7296757 32.4147924 0.2836715877056122 23.718843460083008
1753302366957297 22.69335653310489 44.239990234375 0.3598339617446679 -0.0632319837808609 -0.896992564201355 308 0.993 0.507 0.504 0.512 39.7296757 32.4147924 0.2836715877056122 23.718843460083008
1753302367203950 22.65496233586787 44.29998779296875 0.34515425355991286 -0.07105055078864098 -0.8781940340995789 309 0.963 0.507 0.504 0.512 39.7296757 32.4147924 0.1700156033039093 23.692546844482422
1753302367458377 23.186893808515112 44.3399658203125 0.3289668526508859 -0.07248749434947968 -0.861240029335022 310 0.970 0.510 0.508 0.513 39.729745 32.4146888 0.15462082624435425 23.67757797241211
1753302367727460 22.394972682925406 44.3800048828125 0.31175368871615383 -0.07648705914616584 -0.8465491533279419 311 1 0.723 0.495 0.619 39.729817 32.4145865 0.11644304543733597 23.67692756652832
1753302367955318 23.20834339350826 44.39996337890625 0.2943205715387409 -0.07986204251646994 -0.835191547870636 312 0.982 0.723 0.495 0.619 39.729817 32.4145865 0.08488290011882782 23.70745849609375
1753302367957419 23.20834339350826 44.39996337890625 0.2786307660790692 -0.07986204251646994 -0.835191547870636 312 0.987 0.723 0.495 0.619 39.729817 32.4145865 0.08488290011882782 23.70745849609375
1753302368205793 23.736545852565893 44.38995361328125 0.2872278149174819 -0.11366536021232605 -0.7892698049545288 314 1 0.723 0.495 0.619 39.729817 32.4145865 -0.17458926141262054 23.752199172973633
1753302368460991 23.413762506094866 44.26995849609375 0.33240429656927317 -0.1427611842751503 -0.7688466906547546 315 1 0.530 0.559 0.523 39.729892 32.4144864 -0.8602046966552734 23.830636978149414
1753302368716266 23.119656027001493 43.94000244140625 0.389920988016051 -0.09948886334896087 -0.7028318643569946 319 0.999 0.530 0.559 0.523 39.729892 32.4144864 -1.4405697584152222 24.131877899169922
1753302368972764 23.059693628975676 43.64996337890625 0.441339568793227 -0.029708117991685868 -0.5723791122436523 327 1 0.504 0.576 0.510 39.7299785 32.4144024 -0.7241517901420593 24.706384658813477
1753302369217821 22.707955819207598 43.64996337890625 0.47954730674575247 0.019816622510552405 -0.4283742308616639 335 0.997 0.504 0.576 0.510 39.7299785 32.4144024 0.6164514422416687 25.09368896484375
1753302369473106 22.7968607215539 43.8800048828125 0.5102017803634746 0.01834869552403688 -0.3513290584087372 339 1 0.515 0.461 0.516 39.7300824 32.414349 0.9584929943084717 25.103933334350586
1753302369730016 23.201524477828052 44.01995849609375 0.5354189291875551 -0.049116887897253034 -0.321163147687912 341 0.965 0.529 0.536 0.522 39.7301913 32.4143132 -0.00578019255772233 24.978355407714844
1753302369954375 24.095263488202733 43.8699951171875 0.5569523050142219 -0.10200342983007431 -0.2874041795730591 343 0.988 0.529 0.536 0.522 39.7301913 32.4143132 -1.0171538591384888 24.829761505126953
1753302370212388 23.848636046301234 43.54998779296875 0.5769183761256538 -0.10382675677537918 -0.21386933326721191 347 0.959 0.508 0.529 0.512 39.7303019 32.4142909 -1.189242959022522 24.708415985107422
1753302370467049 23.62931772478555 43.28997802734375 0.5948987775782587 -0.07954292222857476 -0.13311359286308289 352 1 0.508 0.529 0.512 39.7303019 32.4142909 -0.8518213033676147 24.639455795288086
1753302370724094 23.443144019294078 43.1199951171875 0.6082005358105756 -0.0622767299413681 -0.0567924864590168 356 0.960 0.510 0.511 0.513 39.7304125 32.4142915 -0.522415280342102 24.568880081176758
1753302370947857 23.75969559976155 43.01995849609375 0.6158246627181045 -0.06856145113706588 0.0022773267701268196 0 0.994 0.510 0.511 0.513 39.7304125 32.4142915 -0.5032662749290466 24.451614379882812
1753302371235293 23.969706160764666 42.8800048828125 0.618177094822759 -0.0825266145169735 0.060798093676567085 3 1 0.515 0.514 0.516 39.73052 32.4143082 -0.6121336221694946 24.279218673706055
1753302371460318 23.356303321314336 42.72998046875 0.6173639524867843 -0.0948370024561882 0.10939186066389084 6 0.953 0.515 0.514 0.516 39.73052 32.4143082 -0.761954665184021 24.099618911743164
1753302371461354 23.356303321314336 42.72998046875 0.6166321243844073 -0.0948370024561882 0.10939186066389084 6 0.957 0.515 0.514 0.516 39.73052 32.4143082 -0.761954665184021 24.099618911743164
1753302371717605 23.845161889580638 42.52996826171875 0.6130802457930125 -0.10369247049093247 0.15952880680561066 9 0.952 0.510 0.518 0.513 39.7306248 32.4143377 -0.8791654109954834 23.921655654907227
1753302371974223 22.96733788914579 42.30999755859375 0.6069475494684109 -0.10731211900711059 0.2087572813034058 11 0.993 0.510 0.518 0.513 39.7306248 32.4143377 -0.898158609867096 23.79217529296875
1753302372229732 23.302508508498644 42.0799560546875 0.597739894645929 -0.1077355682849884 0.2555820047855377 14 0.994 0.507 0.516 0.512 39.730727 32.4143796 -0.8739463686943054 23.702068328857422
1753302372453683 23.539893512376505 41.8699951171875 0.5853020454563377 -0.10809108167886733 0.29666757583618164 16 1 0.507 0.516 0.512 39.730727 32.4143796 -0.8093901872634888 23.647319793701172
1753302372712067 23.37335442671593 41.65997314453125 0.5695738767192672 -0.10859815478324888 0.3382851481437683 19 1 0.507 0.511 0.512 39.7308255 32.414431 -0.7530003786087036 23.596254348754883
1753302372967917 22.8983879824915 41.5 0.5513601190989533 -0.11015574634075163 0.3727310299873352 21 0.958 0.507 0.511 0.512 39.7308255 32.414431 -0.7121732831001282 23.524728775024414
1753302373225294 22.701363117826876 41.3299560546875 0.5305911142061936 -0.11235665827989577 0.4051837921142578 23 1 0.509 0.516 0.513 39.7309201 32.4144891 -0.6899760961532593 23.45646858215332
1753302373449149 23.070345964631397 41.16998291015625 0.5078862373617996 -0.11503391414880752 0.4323022961616516 24 0.972 0.509 0.516 0.513 39.7309201 32.4144891 -0.6982116103172302 23.410715103149414
1753302373716998 23.40911372484071 41.010009765625 0.48364392500409864 -0.11262068301439286 0.46050208806991577 26 0.996 0.507 0.509 0.512 39.7310125 32.4145526 -0.6228627562522888 23.36512565612793
1753302373971928 23.408061722053922 40.8699951171875 0.4581514410491829 -0.10904250741004945 0.482754647731781 27 1 0.507 0.509 0.512 39.7310125 32.4145526 -0.5306481122970581 23.33562660217285
1753302373977007 23.408061722053922 40.8699951171875 0.43520820548975864 -0.10904250741004945 0.482754647731781 27 0.996 0.507 0.509 0.512 39.7310125 32.4145526 -0.5306481122970581 23.33562660217285
1753302374227290 22.84746722175437 40.739990234375 0.410679743386904 -0.10990518778562545 0.5015437602996826 28 1 0.507 0.515 0.512 39.7311038 32.4146209 -0.491406112909317 23.32938575744629
1753302374449189 23.385770590565986 40.6199951171875 0.3851760229744908 -0.11351729482412339 0.5165721774101257 29 0.991 0.507 0.515 0.512 39.7311038 32.4146209 -0.5140460133552551 23.357084274291992
1753302374707368 22.795393996976024 40.469970703125 0.3588629366110322 -0.10863563269376754 0.5290137529373169 30 0.965 0.507 0.509 0.512 39.7311945 32.414692 -0.4499630630016327 23.39870262145996
1753302374962782 22.795393996976024 40.469970703125 0.33518115888391947 -0.10863563269376754 0.5290137529373169 30 0.967 0.507 0.509 0.512 39.7311945 32.414692 -0.4499630630016327 23.39870262145996
1753302375218979 22.500115709374956 40.29998779296875 0.30797104576547457 -0.09887778460979461 0.5475829839706421 31 0.954 0.508 0.509 0.512 39.7312837 32.4147639 -0.2395031899213791 23.444089889526367
1753302375471946 22.500115709374956 40.29998779296875 0.28348194395887416 -0.09887778460979461 0.5475829839706421 31 0.994 0.508 0.509 0.512 39.7312837 32.4147639 -0.2395031899213791 23.444089889526367
1753302375730031 22.88512494038933 40.15997314453125 0.25665550559733114 -0.09935789406299592 0.5577073097229004 31 0.979 0.510 0.511 0.513 39.7313726 32.4148361 -0.2509651482105255 23.46603012084961
1753302375953956 22.416840166625487 40.0999755859375 0.23053297619125668 -0.09845503419637681 0.5597761869430542 32 0.996 0.510 0.511 0.513 39.7313726 32.4148361 -0.23202455043792725 23.479890823364258
1753302375954972 22.416840166625487 40.0999755859375 0.20702269972578966 -0.09845503419637681 0.5597761869430542 32 1 0.510 0.511 0.513 39.7313726 32.4148361 -0.23202455043792725 23.479890823364258
1753302375960358 22.416840166625487 40.0999755859375 0.18586345090686932 -0.09845503419637681 0.5597761869430542 32 1 0.510 0.511 0.513 39.7313726 32.4148361 -0.23202455043792725 23.479890823364258
1753302376211326 22.623807646331777 40.03997802734375 0.16505882526981525 -0.09350276589393615 0.5603196024894714 32 1 0.510 0.510 0.513 39.7314629 32.4149092 -0.15175190567970276 23.521188735961914
1753302376465963 22.83888956198393 40.0 0.14486423255992853 -0.09307275563478468 0.5591078400611879 32 1 0.510 0.510 0.513 39.7314629 32.4149092 -0.12582984566688538 23.581497192382812
1753302376466979 22.83888956198393 40.0 0.1266890991210305 -0.09307275563478468 0.5591078400611879 32 1 0.510 0.510 0.513 39.7314629 32.4149092 -0.12582984566688538 23.581497192382812
1753302376730605 23.165146085070706 39.969970703125 0.10883895860427886 -0.09271114021539688 0.5584258437156677 31 1 0.513 0.512 0.515 39.7315541 32.414982 -0.1086481511592865 23.639896392822266
1753302376954254 23.142985555146154 39.949951171875 0.09139685681147221 -0.09086493849754333 0.554245114326477 31 0.963 0.513 0.512 0.515 39.7315541 32.414982 -0.08250616490840912 23.673019409179688
1753302376957269 23.142985555146154 39.949951171875 0.07569896519794621 -0.09086493849754333 0.554245114326477 31 0.956 0.513 0.512 0.515 39.7315541 32.414982 -0.08250616490840912 23.673019409179688
1753302377212328 22.826288502646364 39.94000244140625 0.06064758381796978 -0.08329757675528525 0.5492093563079834 31 0.956 0.513 0.505 0.515 39.7316449 32.4150526 0.022319728508591652 23.668994903564453
1753302377468493 23.11168628341524 39.949951171875 0.04647919101911577 -0.08317029997706414 0.5427769422531128 31 1 0.513 0.505 0.515 39.7316449 32.4150526 0.044170793145895004 23.660688400268555
1753302377725581 22.764772496829508 39.94000244140625 0.033109650582651425 -0.08810329735279082 0.5364844799041748 30 1 0.515 0.511 0.516 39.7317363 32.4151216 -0.04138041287660599 23.655292510986328
1753302377948885 22.773460573796893 39.91998291015625 0.020660124484223247 -0.08615559339523315 0.5303793549537659 30 1 0.515 0.511 0.516 39.7317363 32.4151216 -0.04897133260965347 23.661718368530273
1753302378237013 23.127625348107216 39.90997314453125 0.00923652627783011 -0.08162238299846648 0.5229049921035767 29 1 0.515 0.506 0.516 39.7318297 32.4151897 0.024360934272408485 23.68494987487793
1753302378461077 22.46258306943651 39.91998291015625 -0.0013448930199415352 -0.0803372547030449 0.5170481204986572 29 0.958 0.515 0.506 0.516 39.7318297 32.4151897 0.08334022015333176 23.72279167175293
1753302378716936 22.684113648722093 39.94000244140625 -0.008623112268638987 -0.08479140996932982 0.5154812335968018 29 0.956 0.647 0.516 0.581 39.7319242 32.4152564 0.024762911722064018 23.766326904296875
1753302378970641 23.114844588682793 39.949951171875 0.012746160601920745 -0.09092084765434266 0.5448824763298035 31 0.956 0.647 0.516 0.581 39.7319242 32.4152564 0.092627614736557 23.77328872680664
1753302379227039 23.347170641581975 39.969970703125 0.07369429949702042 -0.0970106691122055 0.5599257946014404 32 1 0.470 0.593 0.493 39.7320137 32.4153309 -0.054264795035123825 23.762407302856445
1753302379448807 22.426302964611263 39.89996337890625 0.15378655568165675 -0.0628775030374527 0.6040376424789429 34 0.955 0.470 0.593 0.493 39.7320137 32.4153309 -0.4735349118709564 23.92113494873047
1753302379735937 22.490832728348117 39.82000732421875 0.22507833458843615 0.015897002071142193 0.7261737585067749 41 1 0.508 0.509 0.512 39.7320903 32.4154306 0.16548044979572296 24.354774475097656
1753302379959546 22.121162166525373 40.03997802734375 0.2802036197590481 0.07215407341718673 0.8499206304550171 48 1 0.508 0.509 0.512 39.7320903 32.4154306 1.475501298904419 24.628494262695312
1753302380214757 22.973050981776353 40.52996826171875 0.32337596341439945 0.06535867527127265 0.9275215268135071 53 1 0.508 0.509 0.512 39.7320903 32.4154306 1.9084471464157104 24.62668228149414
1753302380471679 22.970295118462907 40.8800048828125 0.3587679117125469 -0.00869916621595621 0.9473093748092651 54 1 0.524 0.483 0.520 39.7321516 32.4155509 0.9071062803268433 24.571134567260742
1753302380725677 23.775108646843005 40.91998291015625 0.3900850518824635 -0.07810408547520636 0.9765487909317018 55 0.973 0.519 0.546 0.517 39.7322077 32.4156757 -0.3483680188655853 24.468732833862305
1753302380949281 23.53669450144268 40.78997802734375 0.41997844913142723 -0.07464736625552178 1.0386813879013062 59 0.952 0.519 0.546 0.517 39.7322077 32.4156757 -0.5036159753799438 24.37800407409668
1753302381237663 22.714579939842242 40.719970703125 0.4472818637359542 -0.03959473185241222 1.1194539070129395 64 0.997 0.502 0.506 0.509 39.7322502 32.4158063 -0.0162489153444767 24.300029754638672
1753302381460798 22.83331705086684 40.760009765625 0.4687833247603538 -0.028277967497706412 1.1805568933486938 67 0.970 0.502 0.506 0.509 39.7322502 32.4158063 0.23964747786521912 24.223600387573242
1753302381717814 23.219415837814257 40.82000732421875 0.48268302005722186 -0.045069179683923724 1.2303876876831055 70 1 0.502 0.506 0.509 39.7322502 32.4158063 0.10462314635515213 24.131834030151367
1753302381974834 23.111056993456707 40.82000732421875 0.49123903860623297 -0.06387274339795113 1.2764700651168823 73 0.958 0.517 0.514 0.516 39.7322801 32.4159408 -0.1057133898139 24.025739669799805
1753302381977424 23.111056993456707 40.82000732421875 0.49893945530034295 -0.06387274339795113 1.2764700651168823 73 1 0.517 0.514 0.516 39.7322801 32.4159408 -0.1057133898139 24.025739669799805
1753302382228432 22.72855036881646 40.76995849609375 0.5037605411557304 -0.07245928943157195 1.325900673866272 75 1 0.508 0.513 0.512 39.7323011 32.4160777 -0.22517462074756622 23.905447006225586
1753302382451818 23.11717152669454 40.7099609375 0.5060233455969048 -0.07347979322075844 1.368431568145752 78 1 0.508 0.513 0.512 39.7323011 32.4160777 -0.25516489148139954 23.822189331054688
1753302382723408 22.871733617183356 40.63995361328125 0.5044081522887783 -0.07687041237950325 1.4126045703887942 80 0.970 0.510 0.511 0.513 39.7323131 32.4162168 -0.24689599871635437 23.77179718017578
1753302382979153 23.162241778037973 40.5799560546875 0.49914961581222744 -0.08199163898825645 1.4497008323669434 83 0.960 0.510 0.511 0.513 39.7323131 32.4162168 -0.2635236084461212 23.737957000732422
1753302383232944 22.634394335533617 40.5 0.49056290559285165 -0.08801963180303572 1.4880189895629883 85 0.997 0.508 0.512 0.512 39.7323175 32.4163548 -0.31658226251602173 23.691333770751953
1753302383457778 23.133819523581252 40.44000244140625 0.47953091537040426 -0.08801920413970947 1.5223017930984497 87 0.981 0.508 0.512 0.512 39.7323175 32.4163548 -0.2720365524291992 23.637365341186523
1753302383715562 22.567850244017173 40.3800048828125 0.4657607478655751 -0.08724096119403839 1.555113434791565 89 0.992 0.507 0.508 0.512 39.7323158 32.4164913 -0.23123760521411896 23.57387351989746
1753302383972265 23.301750293577395 40.3299560546875 0.44980679179048916 -0.09102836847305297 1.581567645072937 90 1 0.507 0.508 0.512 39.7323158 32.4164913 -0.23080378770828247 23.519691467285156
1753302384227576 22.640536931789562 40.25 0.4315004935099159 -0.09815378189086912 1.6053606271743774 91 0.983 0.510 0.511 0.513 39.7323092 32.4166276 -0.3219645321369171 23.475727081298828
1753302384452556 22.52461339227162 40.16998291015625 0.4116778916329272 -0.09671495556831358 1.6278722286224365 93 0.994 0.510 0.511 0.513 39.7323092 32.4166276 -0.28925108909606934 23.454660415649414
1753302384709535 23.230746905506468 40.0999755859375 0.3907932814547533 -0.09619754552841187 1.647704601287842 94 1 0.510 0.511 0.513 39.7323092 32.4166276 -0.23517179489135742 23.471853256225586
1753302384967301 23.231761968583726 40.02996826171875 0.36887356131575527 -0.09771374762058259 1.6615630388259888 95 1 0.509 0.512 0.513 39.7322991 32.416765 -0.22895735502243042 23.5042724609375
1753302385224324 22.566178546885762 39.969970703125 0.3457628904816689 -0.0968106061220169 1.6762887239456177 96 1 0.509 0.512 0.513 39.7322991 32.416765 -0.2050265669822693 23.54623031616211
1753302385481355 22.690357424556137 39.94000244140625 0.3222663099202974 -0.09142965227365493 1.6888313293457031 96 1 0.508 0.508 0.512 39.7322864 32.4169021 -0.10408857464790344 23.564008712768555
1753302385727345 22.732541540443084 39.92999267578125 0.2986519100934384 -0.08889625817537308 1.6982330083847046 97 1 0.511 0.512 0.514 39.7322721 32.4170376 -0.03459106385707855 23.56106185913086
1753302385951753 22.454163116717904 39.90997314453125 0.2750058613869653 -0.0955926313996315 1.7046518325805664 97 0.975 0.511 0.512 0.514 39.7322721 32.4170376 -0.1359492838382721 23.563129425048828
1753302386239648 22.564048574842023 39.8800048828125 0.251407384215573 -0.0937517911195755 1.7099376916885376 97 1 0.512 0.509 0.514 39.7322572 32.4171732 -0.13562971353530884 23.56829261779785
1753302386462204 22.76328669402459 39.8499755859375 0.22829937726746163 -0.08927875608205794 1.7126626968383791 98 1 0.512 0.509 0.514 39.7322572 32.4171732 -0.06481904536485672 23.581396102905273
1753302386717548 22.625757286733656 39.8399658203125 0.20580627516722824 -0.08660614714026452 1.7153494358062744 98 1 0.512 0.509 0.514 39.7322572 32.4171732 0.010349527932703495 23.62512969970703
1753302386974161 23.25951379680994 39.8399658203125 0.18401630731284152 -0.09066754579544067 1.7152719497680664 98 1 0.511 0.511 0.514 39.7322419 32.4173107 -0.029752839356660843 23.66944694519043
1753302386975195 23.25951379680994 39.8399658203125 0.16440533624389347 -0.09066754579544067 1.7152719497680664 98 0.958 0.511 0.511 0.514 39.7322419 32.4173107 -0.029752839356660843 23.66944694519043
1753302387227640 23.001906638533296 39.82000732421875 0.14547193260161795 -0.09108989983797072 1.7153056859970093 98 1 0.513 0.508 0.515 39.7322269 32.4174485 -0.05506579205393791 23.7225341796875
1753302387452618 23.26772506037952 39.80999755859375 0.12713079194279361 -0.08354664891958236 1.7125049829483032 98 1 0.513 0.508 0.515 39.7322269 32.4174485 0.055892519652843475 23.743043899536133
1753302387727444 23.247725793938756 39.8399658203125 0.1096080981050597 -0.07781774923205376 1.7103286981582642 97 0.962 0.511 0.507 0.514 39.7322129 32.4175849 0.16304618120193481 23.73274040222168
1753302387960492 22.630825252218713 39.8699951171875 0.09317775747370717 -0.08457371890544892 1.7057807445526123 97 1 0.511 0.507 0.514 39.7322129 32.4175849 0.06877640634775162 23.722164154052734
1753302387962472 22.630825252218713 39.8699951171875 0.0783904509054899 -0.08457371890544892 1.7057807445526123 97 0.983 0.511 0.507 0.514 39.7322129 32.4175849 0.06877640634775162 23.722164154052734
1753302388213323 23.19003517956574 39.8599853515625 0.06417412531142948 -0.09035508036613463 1.6996108293533325 97 0.964 0.515 0.509 0.516 39.7321998 32.4177215 -0.06692162156105042 23.718891143798828
1753302388463852 22.88783527189519 39.8499755859375 0.050648001328994496 -0.08195746764540672 1.6968994140625002 97 1 0.515 0.509 0.516 39.7321998 32.4177215 0.023860810324549675 23.7168025970459
1753302388468493 22.88783527189519 39.8499755859375 0.03847448974480301 -0.08195746764540672 1.6968994140625002 97 0.997 0.515 0.509 0.516 39.7321998 32.4177215 0.023860810324549675 23.7168025970459
1753302388714841 23.11085067782151 39.8800048828125 0.027339100387365256 -0.07738015055656433 1.6924214363098145 96 0.998 0.515 0.509 0.516 39.7321998 32.4177215 0.14736704528331757 23.716604232788086
1753302388967136 23.24169894424801 39.89996337890625 0.01711821664572117 -0.08410326316952706 1.6856005191802979 96 1 0.515 0.508 0.516 39.7321879 32.4178597 0.058780986815690994 23.74653434753418
1753302388968148 23.24169894424801 39.89996337890625 0.00791942127824149 -0.08410326316952706 1.6856005191802979 96 1 0.515 0.508 0.516 39.7321879 32.4178597 0.058780986815690994 23.74653434753418
1753302389216980 23.454146669908503 39.89996337890625 -0.000980518326637255 -0.08587449342012404 1.6799871921539307 96 0.971 0.655 0.509 0.585 39.7321772 32.4179987 0.016848472878336906 23.786422729492188
1753302389465870 23.175403783285418 39.90997314453125 0.006599368543496335 -0.08172795847058296 1.7039133310317993 97 0.974 0.655 0.509 0.585 39.7321772 32.4179987 0.11656156182289124 23.79863929748535
1753302389468268 23.175403783285418 39.90997314453125 0.013421266726616567 -0.08172795847058296 1.7039133310317993 97 0.978 0.655 0.509 0.585 39.7321772 32.4179987 0.11656156182289124 23.79863929748535
1753302389715509 23.36821712599836 39.949951171875 0.059567284094062645 -0.09243922978639602 1.7228792905807495 98 1 0.655 0.509 0.585 39.7321772 32.4179987 0.15919716656208038 23.767566680908203
1753302389966035 23.234071246988396 39.94000244140625 0.13695122436294008 -0.08577076941728591 1.7510139942169192 100 1 0.505 0.585 0.511 39.7321618 32.4181354 -0.2945860028266907 23.843252182006836
1753302389967597 23.234071246988396 39.94000244140625 0.20659677060492979 -0.08577076941728591 1.7510139942169192 100 1 0.505 0.585 0.511 39.7321618 32.4181354 -0.2945860028266907 23.843252182006836
1753302390222715 22.302550159413016 39.82000732421875 0.276694214648142 -0.021179156564176082 1.855237603187561 106 1 0.505 0.576 0.511 39.7321249 32.4182677 -0.40005233883857727 24.248437881469727
1753302390476817 22.32137561433644 39.8699951171875 0.3395926204080592 0.06151022166013718 2.016029119491577 115 0.982 0.505 0.576 0.511 39.7321249 32.4182677 0.8602174520492554 24.812294006347656
1753302390732570 22.48426541546234 40.3399658203125 0.38931262315111254 0.12162344455718993 2.168412685394287 124 0.961 0.511 0.436 0.514 39.7320567 32.4183844 2.425471782684326 25.010828018188477
1753302390957459 22.62526713395651 40.989990234375 0.43005453187939735 0.09254975467920303 2.228163003921509 127 0.990 0.511 0.436 0.514 39.7320567 32.4183844 2.390186071395874 24.96546745300293
1753302390958164 22.62526713395651 40.989990234375 0.4667222497348536 0.09254975467920303 2.228163003921509 127 0.977 0.511 0.436 0.514 39.7320567 32.4183844 2.390186071395874 24.96546745300293
1753302390963395 22.62526713395651 40.989990234375 0.49972319580476426 0.09254975467920303 2.228163003921509 127 1 0.511 0.436 0.514 39.7320567 32.4183844 2.390186071395874 24.96546745300293
1753302391212926 22.999041509916708 41.42999267578125 0.525941574371108 -0.01147288102656603 2.234020948410034 127 1 0.511 0.436 0.514 39.7320567 32.4183844 0.7949127554893494 24.873943328857422
1753302391469540 23.66777035698457 41.42999267578125 0.5499780748452978 -0.07909396961331366 2.2634360790252686 129 1 0.532 0.551 0.524 39.7319802 32.4184923 -0.5013697743415833 24.712066650390625
1753302391472792 23.66777035698457 41.42999267578125 0.5716109252720687 -0.07909396961331366 2.2634360790252686 129 1 0.532 0.551 0.524 39.7319802 32.4184923 -0.5013697743415833 24.712066650390625
1753302391731793 24.04456921065249 41.260009765625 0.5936103382780803 -0.07002177536487579 2.3461661338806152 134 1 0.505 0.532 0.511 39.7318989 32.4185881 -0.6342974901199341 24.540721893310547
1753302391952904 23.05260055776742 41.15997314453125 0.6138828860886085 -0.03615792505443096 2.440195322036743 139 0.975 0.505 0.532 0.511 39.7318989 32.4185881 -0.16526098549365997 24.44359016418457
1753302392238607 22.30309899266504 41.17999267578125 0.6287449896783103 -0.020850057899951934 2.524409770965576 144 1 0.513 0.507 0.515 39.7318068 32.4186628 0.15755076706409454 24.3741397857666
1753302392461851 23.091028524569406 41.239990234375 0.6371840328380886 -0.026590329781174663 2.5881409645080566 148 1 0.513 0.507 0.515 39.7318068 32.4186628 0.20914767682552338 24.27877426147461
1753302392717793 22.980740651389496 41.26995849609375 0.6408984503512463 -0.050598970800638195 2.6457321643829346 151 1 0.515 0.517 0.516 39.7317084 32.4187225 -0.030837194994091988 24.130847930908203
1753302392971804 23.363991762424952 41.219970703125 0.6420961655406547 -0.07024482786655427 2.6929497718811035 154 0.964 0.515 0.517 0.516 39.7317084 32.4187225 -0.3356853425502777 24.018207550048828
1753302393227134 22.929750359060165 41.0999755859375 0.6410291645433062 -0.08148219287395476 2.74787449836731 157 0.983 0.509 0.521 0.513 39.7316064 32.4187691 -0.5253438949584961 23.92816734313965
1753302393473872 22.557797627545593 40.969970703125 0.6376544940625627 -0.07878700122237206 2.801281213760376 160 1 0.509 0.521 0.513 39.7316064 32.4187691 -0.48197129368782043 23.87055778503418
1753302393730132 23.13260436332507 40.8599853515625 0.6310085393328964 -0.07748106345534324 2.8572354316711426 163 0.968 0.507 0.513 0.512 39.7315031 32.4188009 -0.40136367082595825 23.78524398803711
1753302393969514 22.89038043713641 40.76995849609375 0.6211847547298222 -0.0807500958442688 2.903231620788574 166 0.956 0.507 0.513 0.512 39.7315031 32.4188009 -0.386576384305954 23.699769973754883
1753302393972039 22.89038043713641 40.76995849609375 0.6123433485870554 -0.0807500958442688 2.903231620788574 166 1 0.507 0.513 0.512 39.7315031 32.4188009 -0.386576384305954 23.699769973754883
1753302394241259 22.429221938217054 40.67999267578125 0.5998345293323691 -0.08736720010638238 2.950758457183838 169 0.997 0.509 0.512 0.513 39.7313991 32.4188207 -0.4044727683067322 23.608320236206055
1753302394465222 22.47731769016343 40.5899658203125 0.5845864752877201 -0.09153246879577637 2.987997531890869 171 1 0.509 0.512 0.513 39.7313991 32.4188207 -0.42163601517677307 23.530967712402344
1753302394466854 22.47731769016343 40.5899658203125 0.5708632266475361 -0.09153246879577637 2.987997531890869 171 1 0.509 0.512 0.513 39.7313991 32.4188207 -0.42163601517677307 23.530967712402344
1753302394722240 23.333125384057112 40.469970703125 0.5543826546627523 -0.09725688844919203 3.025290489196778 173 1 0.507 0.515 0.512 39.7312943 32.4188312 -0.4622466266155243 23.45826530456543
1753302394979076 22.792367158384717 40.3599853515625 0.5358667546234943 -0.09960610568523406 3.0574338436126713 175 0.985 0.507 0.515 0.512 39.7312943 32.4188312 -0.46521639823913574 23.424434661865234
1753302395235268 22.90761219783833 40.239990234375 0.5151158070912139 -0.09756200015544891 3.0893051624298096 177 1 0.507 0.512 0.512 39.7311884 32.4188339 -0.38452550768852234 23.420963287353516
1753302395461835 22.613713597033005 40.14996337890625 0.49241210487635517 -0.09922455698251724 3.115117311477661 178 1 0.507 0.512 0.512 39.7311884 32.4188339 -0.34769418835639954 23.434585571289062
1753302395717177 22.873220018151656 40.04998779296875 0.4676757288022481 -0.10098380744457244 3.1390535831451416 179 0.988 0.507 0.512 0.512 39.731083 32.4188308 -0.3468437194824219 23.451269149780273
1753302395972033 22.585381608407637 39.969970703125 0.4416834040323177 -0.09981004893779755 -3.1245808601379395 180 0.977 0.507 0.512 0.512 39.731083 32.4188308 -0.2971526086330414 23.447650909423828
1753302396226189 22.386972760588577 39.89996337890625 0.41458044414275397 -0.09704475700855256 -3.105543375015259 182 1 0.507 0.512 0.512 39.731083 32.4188308 -0.2385881543159485 23.43996238708496
1753302396226699 22.386972760588577 39.89996337890625 0.3901877802421466 -0.09704475700855256 -3.105543375015259 182 0.991 0.508 0.506 0.512 39.7309786 32.4188235 -0.2385881543159485 23.43996238708496
1753302396480912 22.456900638487514 39.8599853515625 0.36492536680190113 -0.093834987282753 -3.0904335975646973 182 0.982 0.508 0.506 0.512 39.7309786 32.4188235 -0.15534038841724396 23.443687438964844
1753302396483029 22.456900638487514 39.8599853515625 0.34218919470568016 -0.093834987282753 -3.0904335975646973 182 0.989 0.508 0.506 0.512 39.7309786 32.4188235 -0.15534038841724396 23.443687438964844
1753302396734736 22.69095592224413 39.80999755859375 0.3182351301132993 -0.09610527455806732 -3.078561544418335 183 0.991 0.509 0.510 0.513 39.7308737 32.4188135 -0.169350728392601 23.45319175720215
1753302396958295 22.81465103043267 39.76995849609375 0.29383005067879164 -0.09575737565755844 -3.070793628692627 184 0.966 0.509 0.510 0.513 39.7308737 32.4188135 -0.15809887647628784 23.479888916015625
1753302397215431 22.761226895419867 39.719970703125 0.2691684166953642 -0.09590942561626434 -3.064027786254883 184 0.985 0.509 0.512 0.513 39.7307676 32.4188021 -0.14276227355003357 23.529468536376953
1753302397471442 22.89136783920981 39.67999267578125 0.24470093924096334 -0.0940796211361885 -3.0591115951538086 184 0.971 0.509 0.512 0.513 39.7307676 32.4188021 -0.1000296026468277 23.585058212280273
1753302397735813 22.924560577179882 39.64996337890625 0.2204164089417035 -0.09070854932069777 -3.0565989017486572 184 1 0.512 0.511 0.514 39.7306616 32.4187905 -0.03373133763670921 23.637571334838867
1753302397958793 22.906559316948496 39.63995361328125 0.1966616214056827 -0.09010456353425979 -3.056893825531006 184 1 0.512 0.511 0.514 39.7306616 32.4187905 -0.020513072609901428 23.65969467163086
1753302398244532 23.03291435437947 39.6300048828125 0.1734942988222853 -0.08764448761940002 -3.0580303668975835 184 0.972 0.512 0.508 0.514 39.7305563 32.4187794 0.00619494030252099 23.67743682861328
1753302398465966 22.717168580299987 39.6300048828125 0.1513003729134216 -0.0819882959127426 -3.06044864654541 184 1 0.512 0.508 0.514 39.7305563 32.4187794 0.06366350501775742 23.682632446289062
1753302398467059 22.717168580299987 39.6300048828125 0.13132583959544428 -0.0819882959127426 -3.06044864654541 184 1 0.512 0.508 0.514 39.7305563 32.4187794 0.06366350501775742 23.682632446289062
1753302398721602 22.274572059734744 39.65997314453125 0.11212744292895253 -0.07726922407746314 -3.06379508972168 184 0.993 0.513 0.509 0.515 39.7304507 32.4187696 0.1661861687898636 23.67725944519043
1753302398973057 22.787877475851985 39.67999267578125 0.09379867518496741 -0.08747680708765984 -3.067054510116577 184 1 0.513 0.509 0.515 39.7304507 32.4187696 0.029692096635699272 23.686494827270508
1753302398975055 22.787877475851985 39.67999267578125 0.07730278421538081 -0.08747680708765984 -3.067054510116577 184 0.973 0.513 0.509 0.515 39.7304507 32.4187696 0.029692096635699272 23.686494827270508
1753302399222409 22.908083047317746 39.66998291015625 0.06150306358126109 -0.08733410835266113 -3.073063373565674 183 1 0.513 0.509 0.515 39.7304507 32.4187696 -0.03732140734791756 23.728105545043945
1753302399473924 23.136115368407282 39.67999267578125 0.04655632311869239 -0.07578473165631294 -3.0784497261047368 183 0.952 0.513 0.504 0.515 39.7303438 32.4187612 0.15864847600460052 23.76454734802246
1753302399474926 23.136115368407282 39.67999267578125 0.03310425670238056 -0.07578473165631294 -3.0784497261047368 183 0.989 0.513 0.504 0.515 39.7303438 32.4187612 0.15864847600460052 23.76454734802246
1753302399475922 23.136115368407282 39.67999267578125 0.020997396927699915 -0.07578473165631294 -3.0784497261047368 183 0.975 0.513 0.504 0.515 39.7303438 32.4187612 0.15864847600460052 23.76454734802246
1753302399722087 22.815834427704267 39.739990234375 0.009623555977605705 -0.07560129016637801 -3.084371328353882 183 1 0.513 0.504 0.515 39.7303438 32.4187612 0.22806748747825623 23.79371452331543
1753302399971562 23.01119442230086 39.77996826171875 -0.001181978458646306 -0.08572591692209243 -3.0892601013183594 183 0.963 0.513 0.508 0.515 39.7302367 32.4187548 0.07278721779584885 23.801250457763672
1753302399973560 23.01119442230086 39.77996826171875 -0.010906959451273117 -0.08572591692209243 -3.0892601013183594 183 0.987 0.513 0.508 0.515 39.7302367 32.4187548 0.07278721779584885 23.801250457763672
1753302400224120 23.056222902084357 39.77996826171875 -0.019897306600542397 -0.08853208720684051 -3.0979321002960205 182 1 0.516 0.507 0.516 39.7301304 32.4187503 -0.031049886718392372 23.80744171142578
1753302400470652 22.427762044576294 39.77996826171875 -0.02842664164841014 -0.0791439488530159 -3.1063003540039062 182 0.992 0.516 0.507 0.516 39.7301304 32.4187503 0.09378986805677414 23.805692672729492
1753302400472633 22.427762044576294 39.77996826171875 -0.03610304319149111 -0.0791439488530159 -3.1063003540039062 182 0.977 0.516 0.507 0.516 39.7301304 32.4187503 0.09378986805677414 23.805692672729492
1753302400718544 22.58611358745079 39.82000732421875 -0.04306864803987015 -0.07725213840603828 -3.1144392490386963 181 1 0.516 0.507 0.516 39.730024 32.4187481 0.1718761920928955 23.79599952697754
1753302400966338 22.810831389171888 39.8499755859375 -0.04914121388754788 -0.08292540013790131 -3.122739315032959 181 0.992 0.515 0.508 0.516 39.730024 32.4187481 0.07200947403907776 23.79442024230957
1753302400966849 22.810831389171888 39.8499755859375 -0.054606523150457824 -0.08292540013790131 -3.122739315032959 181 0.988 0.515 0.508 0.516 39.730024 32.4187481 0.07200947403907776 23.79442024230957
1753302400968874 22.810831389171888 39.8499755859375 -0.05952530148707678 -0.08292540013790131 -3.122739315032959 181 0.993 0.515 0.508 0.516 39.730024 32.4187481 0.07200947403907776 23.79442024230957
1753302401246086 23.31472727021024 39.8599853515625 -0.06378903949036761 -0.08382255434989928 -3.13190507888794 180 1 0.517 0.509 0.516 39.7299163 32.4187481 0.04792581498622894 23.81450653076172
1753302401464187 23.11248607219387 39.8699951171875 -0.06755354819096236 -0.08405933380126952 -3.140162467956543 180 1 0.517 0.509 0.516 39.7299163 32.4187481 0.058840062469244 23.840038299560547
1753302401464924 23.11248607219387 39.8699951171875 -0.07094160602149764 -0.08405933380126952 -3.140162467956543 180 0.983 0.517 0.509 0.516 39.7299163 32.4187481 0.058840062469244 23.840038299560547
1753302401466925 23.11248607219387 39.8699951171875 -0.07399085806897937 -0.08405933380126952 -3.140162467956543 180 0.987 0.517 0.509 0.516 39.7299163 32.4187481 0.058840062469244 23.840038299560547
1753302401745626 23.023553392345946 39.88995361328125 -0.07642828283093862 -0.08078013136982919 3.1350934505462646 179 1 0.516 0.508 0.516 39.7298083 32.4187504 0.12124068289995193 23.86961555480957
1753302401963696 22.55814924126079 39.90997314453125 -0.07810970715328298 -0.08306825011968613 3.1281216144561768 179 0.967 0.516 0.508 0.516 39.7298083 32.4187504 0.10285276919603348 23.88105583190918
1753302401967196 22.55814924126079 39.90997314453125 -0.07962298904339293 -0.08306825011968613 3.1281216144561768 179 1 0.516 0.508 0.516 39.7298083 32.4187504 0.10285276919603348 23.88105583190918
1753302402243090 23.136659832379905 39.91998291015625 -0.08060997662973243 -0.08307750746607781 3.119957447052002 178 1 0.516 0.505 0.516 39.7297018 32.4187547 0.0848889872431755 23.869169235229492
1753302402460305 22.980630414455636 39.94000244140625 -0.08113759030132148 -0.07936023697257043 3.1133012771606445 178 1 0.516 0.505 0.516 39.7297018 32.4187547 0.13273932039737701 23.846050262451172
1753302402462359 22.980630414455636 39.94000244140625 -0.08161244260575164 -0.07936023697257043 3.1133012771606445 178 1 0.516 0.505 0.516 39.7297018 32.4187547 0.13273932039737701 23.846050262451172
1753302402740911 22.797786010340296 39.969970703125 -0.08153088361596277 -0.08415503129363061 3.1048238277435303 177 1 0.517 0.511 0.516 39.7295956 32.4187608 0.07043527811765671 23.825836181640625
1753302402959317 23.518505170755315 39.97998046875 -0.08105755347527752 -0.08682092800736427 3.098672866821289 177 1 0.517 0.511 0.516 39.7295956 32.4187608 0.0074475896544754505 23.81633186340332
1753302402960316 23.518505170755315 39.97998046875 -0.0806315563486608 -0.08682092800736427 3.098672866821289 177 0.957 0.517 0.511 0.516 39.7295956 32.4187608 0.0074475896544754505 23.81633186340332
1753302403240739 23.449355570068594 39.989990234375 -0.0733199747718804 -0.0848687544465065 3.1047542095184326 177 0.977 0.502 0.509 0.509 39.7294883 32.4187681 0.02733744867146015 23.827064514160156
1753302403459491 23.432960625134047 40.010009765625 -0.04876265069700178 -0.08329795747995376 3.1105563640594487 178 1 0.502 0.509 0.509 39.7294883 32.4187681 0.11475389450788498 23.83843231201172
1753302403460491 23.432960625134047 40.010009765625 -0.026661059029611023 -0.08329795747995376 3.1105563640594487 178 0.977 0.502 0.509 0.509 39.7294883 32.4187681 0.11475389450788498 23.83843231201172
1753302403740150 22.763099322897954 40.02996826171875 -0.0007711894223499911 -0.07565168142318725 3.1015384197235107 177 0.995 0.510 0.502 0.513 39.7293805 32.4187702 0.0920654684305191 23.859683990478516
1753302403958951 22.822590277790745 40.07000732421875 0.016480286695712037 -0.07440610677003859 3.1105930805206303 178 1 0.510 0.502 0.513 39.7293805 32.4187702 0.15165112912654877 23.873889923095703
1753302403959913 22.822590277790745 40.07000732421875 0.03200661520196786 -0.07440610677003859 3.1105930805206303 178 1 0.510 0.502 0.513 39.7293805 32.4187702 0.15165112912654877 23.873889923095703
1753302403960937 22.822590277790745 40.07000732421875 0.0459803108575981 -0.07440610677003859 3.1105930805206303 178 0.980 0.510 0.502 0.513 39.7293805 32.4187702 0.15165112912654877 23.873889923095703
1753302404240742 23.14734592628048 40.0899658203125 0.05345543153909217 -0.08661365211009979 3.1308705806732178 179 1 0.520 0.514 0.518 39.729274 32.4187694 0.027745477855205536 23.858308792114258
1753302404457892 22.92773332253793 40.0799560546875 0.06026972318733368 -0.09005517363548278 -3.139039993286133 180 0.999 0.520 0.514 0.518 39.729274 32.4187694 -0.0656222477555275 23.84701919555664
1753302404459870 22.92773332253793 40.0799560546875 0.06640258567075104 -0.09005517363548278 -3.139039993286133 180 0.977 0.520 0.514 0.518 39.729274 32.4187694 -0.0656222477555275 23.84701919555664
1753302404740258 23.00522507787447 40.07000732421875 0.07304176363235866 -0.0811234876513481 -3.129261016845703 180 1 0.512 0.502 0.514 39.7291678 32.4187661 0.041518621146678925 23.830703735351562
1753302404960633 23.146772171498878 40.0899658203125 0.07843366717892428 -0.07917929366230964 -3.122190952301026 181 0.954 0.512 0.502 0.514 39.7291678 32.4187661 0.09615781158208847 23.820098876953125
1753302404962633 23.146772171498878 40.0899658203125 0.08328638037083333 -0.07917929366230964 -3.122190952301026 181 0.964 0.512 0.502 0.514 39.7291678 32.4187661 0.09615781158208847 23.820098876953125
1753302404964625 23.146772171498878 40.0899658203125 0.08765382224355148 -0.07917929366230964 -3.122190952301026 181 0.996 0.512 0.502 0.514 39.7291678 32.4187661 0.09615781158208847 23.820098876953125
1753302405243157 22.88270711461527 40.1099853515625 0.09004770953089603 -0.08809510916471482 -3.1115148067474365 181 1 0.516 0.511 0.516 39.7290609 32.41876 -0.028927858918905258 23.815948486328125
1753302405462301 23.413955074643773 40.0899658203125 0.09090769131747431 -0.08687916323542594 -3.102612018585205 182 1 0.516 0.511 0.516 39.7290609 32.41876 -0.04397399351000786 23.8343505859375
1753302405463263 23.413955074643773 40.0899658203125 0.09168167492539478 -0.08687916323542594 -3.102612018585205 182 0.969 0.516 0.511 0.516 39.7290609 32.41876 -0.04397399351000786 23.8343505859375
1753302405464259 23.413955074643773 40.0899658203125 0.09237826017252321 -0.08687916323542594 -3.102612018585205 182 0.995 0.516 0.511 0.516 39.7290609 32.41876 -0.04397399351000786 23.8343505859375
1753302405745899 22.619928600083455 40.0999755859375 0.09214843420128567 -0.08032645881175994 -3.0939407348632817 182 0.959 0.512 0.505 0.514 39.728953 32.4187518 0.09569820761680603 23.85929298400879
1753302405964100 23.202408966397762 40.1300048828125 0.0914297843689371 -0.08388308957219123 -3.087320327758789 183 1 0.512 0.505 0.514 39.728953 32.4187518 0.07877586781978607 23.883502960205078
1753302405965102 23.202408966397762 40.1300048828125 0.09078299951982338 -0.08388308957219123 -3.087320327758789 183 0.983 0.512 0.505 0.514 39.728953 32.4187518 0.07877586781978607 23.883502960205078
1753302406244921 22.83570447327832 40.13995361328125 0.08936713369874812 -0.09386441260576249 -3.0819857120513916 183 0.968 0.516 0.514 0.516 39.7288462 32.418742 -0.08023127168416977 23.891063690185547
1753302406462486 23.149003935970313 40.1300048828125 0.08714489324857583 -0.09041900038719176 -3.0759973526000977 183 1 0.516 0.514 0.516 39.7288462 32.418742 -0.0723574161529541 23.88140869140625
1753302406464524 23.149003935970313 40.1300048828125 0.08514487684342077 -0.09041900038719176 -3.0759973526000977 183 1 0.516 0.514 0.516 39.7288462 32.418742 -0.0723574161529541 23.88140869140625
1753302406742879 22.804134545782656 40.13995361328125 0.0827265205136491 -0.08041581958532333 -3.0686914920806885 184 0.984 0.513 0.505 0.515 39.7287402 32.4187309 0.08534402400255203 23.858373641967773
1753302406961984 22.997413303423468 40.15997314453125 0.07996107388897714 -0.08552487343549728 -3.0640604496002197 184 1 0.513 0.505 0.515 39.7287402 32.4187309 0.05303989723324776 23.832904815673828
1753302406962993 22.997413303423468 40.15997314453125 0.07747217192677239 -0.08552487343549728 -3.0640604496002197 184 1 0.513 0.505 0.515 39.7287402 32.4187309 0.05303989723324776 23.832904815673828
1753302407242661 23.0818061349063 40.14996337890625 0.0743085232325874 -0.0934599995613098 -3.0602517127990723 184 1 0.514 0.512 0.515 39.7286337 32.4187188 -0.11586445569992065 23.818172454833984
1753302407462500 22.715799273200933 40.1300048828125 0.07090481067733308 -0.0876993328332901 -3.055894374847412 184 1 0.514 0.512 0.515 39.7286337 32.4187188 -0.05027947947382927 23.83112335205078
1753302407463158 22.715799273200933 40.1300048828125 0.06784146937760419 -0.0876993328332901 -3.055894374847412 184 1 0.514 0.512 0.515 39.7286337 32.4187188 -0.05027947947382927 23.83112335205078
1753302407464183 22.715799273200933 40.1300048828125 0.06508446220784819 -0.0876993328332901 -3.055894374847412 184 1 0.514 0.512 0.515 39.7286337 32.4187188 -0.05027947947382927 23.83112335205078
1753302407743893 23.29811948737705 40.14996337890625 0.06211837516036125 -0.08026016056537628 -3.0549120903015137 184 1 0.515 0.506 0.516 39.7285262 32.4187057 0.11643020808696747 23.84569549560547
1753302407962715 22.977344342756734 40.17999267578125 0.058763900682090156 -0.08627543821930884 -3.0519418716430664 185 1 0.515 0.506 0.516 39.7285262 32.4187057 0.06010789796710014 23.862823486328125
1753302407963717 22.977344342756734 40.17999267578125 0.05574487365164616 -0.08627543821930884 -3.0519418716430664 185 1 0.515 0.506 0.516 39.7285262 32.4187057 0.06010789796710014 23.862823486328125
1753302407964721 22.977344342756734 40.17999267578125 0.05302774932424657 -0.08627543821930884 -3.0519418716430664 185 1 0.515 0.506 0.516 39.7285262 32.4187057 0.06010789796710014 23.862823486328125
1753302408243686 22.571657932029442 40.17999267578125 0.05011840951985508 -0.0920220285654068 -3.0484933853149414 185 1 0.514 0.507 0.515 39.7284197 32.4186921 -0.057705752551555634 23.87230110168457
1753302408461609 23.44924611142799 40.16998291015625 0.0470847120587205 -0.08644099086523055 -3.0468480587005615 185 1 0.514 0.507 0.515 39.7284197 32.4186921 -0.002355966018512845 23.85893440246582
1753302408463636 23.44924611142799 40.16998291015625 0.04435438434369938 -0.08644099086523055 -3.0468480587005615 185 0.994 0.514 0.507 0.515 39.7284197 32.4186921 -0.002355966018512845 23.85893440246582
1753302408745168 22.974746416431426 40.19000244140625 0.0412429638140283 -0.08206292837858199 -3.0456628799438477 185 0.976 0.515 0.507 0.516 39.728314 32.4186784 0.08446820825338364 23.834978103637695
1753302408963691 23.007163680749585 40.199951171875 0.03801986470218438 -0.08779706954956054 -3.044793128967285 185 1 0.515 0.507 0.516 39.728314 32.4186784 0.00534738227725029 23.82081413269043
1753302408964731 23.007163680749585 40.199951171875 0.03511907550152485 -0.08779706954956054 -3.044793128967285 185 0.972 0.515 0.507 0.516 39.728314 32.4186784 0.00534738227725029 23.82081413269043
1753302408965752 23.007163680749585 40.199951171875 0.03250836522093128 -0.08779706954956054 -3.044793128967285 185 1 0.515 0.507 0.516 39.728314 32.4186784 0.00534738227725029 23.82081413269043
1753302409245298 23.061838669394383 40.19000244140625 0.03002718610765675 -0.0899171009659767 -3.0427968502044678 185 1 0.354 0.508 0.435 39.7282081 32.4186644 -0.06106595695018768 23.813230514526367
1753302409463554 23.40444633140518 40.17999267578125 0.02244756354274278 -0.08593998327851296 -3.0533931255340576 185 0.960 0.354 0.508 0.435 39.7282081 32.4186644 -0.004201909992843866 23.808338165283203
1753302409464632 23.40444633140518 40.17999267578125 0.015625903234320213 -0.08593998327851296 -3.0533931255340576 185 1 0.354 0.508 0.435 39.7282081 32.4186644 -0.004201909992843866 23.808338165283203
1753302409465633 23.40444633140518 40.17999267578125 0.0094864089567399 -0.08593998327851296 -3.0533931255340576 185 1 0.354 0.508 0.435 39.7282081 32.4186644 -0.004201909992843866 23.808338165283203
1753302409745852 23.41199124862428 40.2099609375 -0.030682693188285592 -0.09612624049186706 -3.087859869003296 183 0.967 0.464 0.576 0.490 39.7281006 32.4186549 0.09132760763168335 23.815383911132812
1753302409965777 23.41199124862428 40.2099609375 -0.06683488511880853 -0.09612624049186706 -3.087859869003296 183 1 0.464 0.576 0.490 39.7281006 32.4186549 0.09132760763168335 23.815383911132812
1753302409966511 23.41199124862428 40.2099609375 -0.09937185785627918 -0.09612624049186706 -3.087859869003296 183 1 0.464 0.576 0.490 39.7281006 32.4186549 0.09132760763168335 23.815383911132812
1753302410249452 22.87370257828418 40.03997802734375 -0.1801917931743564 -0.05716283097863198 3.070373296737671 175 0.989 0.531 0.658 0.523 39.7279922 32.4186733 -0.7281654477119446 24.251428604125977
1753302410468248 21.957853622004208 39.94000244140625 -0.25292973496062593 0.03245633728802204 2.876692295074463 164 0.993 0.531 0.658 0.523 39.7279922 32.4186733 0.07946313172578812 25.02111053466797
1753302410470255 21.957853622004208 39.94000244140625 -0.3183938825682685 0.03245633728802204 2.876692295074463 164 0.969 0.531 0.658 0.523 39.7279922 32.4186733 0.07946313172578812 25.02111053466797
1753302410750437 23.43258642502559 40.260009765625 -0.3773116154151468 0.14249018132686614 2.62229323387146 150 0.970 0.526 0.483 0.521 39.7278961 32.4187518 2.3225772380828857 25.698076248168945
1753302410968531 23.217661454231045 41.05999755859375 -0.43033757497733727 0.20423493981361387 2.4410932064056396 139 0.977 0.526 0.483 0.521 39.7278961 32.4187518 3.8680338859558105 25.624629974365234
1753302410969528 23.217661454231045 41.05999755859375 -0.47806093858330867 0.20423493981361387 2.4410932064056396 139 0.954 0.526 0.483 0.521 39.7278961 32.4187518 3.8680338859558105 25.624629974365234
1753302410970539 23.217661454231045 41.05999755859375 -0.5210119658286829 0.20423493981361387 2.4410932064056396 139 0.957 0.526 0.483 0.521 39.7278961 32.4187518 3.8680338859558105 25.624629974365234
1753302411246418 24.07074501983588 42.0899658203125 -0.5596678903495198 0.1718844935297966 2.3668134212493896 135 1 0.505 0.457 0.511 39.7278203 32.4188631 3.5786988735198975 25.431209564208984
1753302411466631 23.702531756825547 42.77996826171875 -0.594458222418273 0.06971573010087012 2.3695127964019775 135 1 0.505 0.457 0.511 39.7278203 32.4188631 1.9574013948440552 25.300579071044922
1753302411467919 23.702531756825547 42.77996826171875 -0.6257695212801508 0.06971573010087012 2.3695127964019775 135 1 0.505 0.457 0.511 39.7278203 32.4188631 1.9574013948440552 25.300579071044922
1753302411748476 23.605745838345424 42.989990234375 -0.6539496902558409 -0.038691705092787736 2.3649990558624268 135 0.979 0.508 0.559 0.512 39.7277464 32.4189756 0.0075470018200576305 25.040714263916016
1753302411966553 24.345002972998955 42.8499755859375 -0.679311842333962 -0.07191679328680038 2.302743434906006 131 1 0.508 0.559 0.512 39.7277464 32.4189756 -0.832918643951416 24.778379440307617
1753302411967789 24.345002972998955 42.8499755859375 -0.702137779204271 -0.07191679328680038 2.302743434906006 131 0.958 0.508 0.559 0.512 39.7277464 32.4189756 -0.832918643951416 24.778379440307617
1753302412246920 23.63365548991213 42.6199951171875 -0.7226811223875491 -0.05889141485095024 2.1882989406585693 125 0.991 0.519 0.553 0.517 39.7276879 32.4190983 -0.8207400441169739 24.64392852783203
1753302412468010 22.8825394881761 42.469970703125 -0.7411701312524995 -0.03380189388990402 2.069242000579834 118 0.972 0.519 0.553 0.517 39.7276879 32.4190983 -0.43004828691482544 24.602373123168945
1753302412470012 22.8825394881761 42.469970703125 -0.7578102392309548 -0.03380189388990402 2.069242000579834 118 1 0.519 0.553 0.517 39.7276879 32.4190983 -0.43004828691482544 24.602373123168945
1753302412717657 23.23442175012767 42.42999267578125 -0.772674093456892 -0.018733981065452095 1.948983073234558 111 1 0.519 0.516 0.517 39.7276538 32.4192329 -0.06912332773208618 24.53230094909668
1753302412965058 23.133893796644454 42.449951171875 -0.7832928983674895 -0.01765740904957056 1.8567672967910767 106 1 0.519 0.516 0.517 39.7276538 32.4192329 0.05166038125753403 24.40430450439453
1753302412967578 23.133893796644454 42.449951171875 -0.7928498227870272 -0.01765740904957056 1.8567672967910767 106 0.989 0.519 0.516 0.517 39.7276538 32.4192329 0.05166038125753403 24.40430450439453
1753302413249367 23.043842488274024 42.4599609375 -0.7982223128803796 -0.03523624539375305 1.7781058549880981 101 0.976 0.515 0.518 0.516 39.7276387 32.4193717 -0.13698901236057281 24.21354866027832
1753302413467774 22.679603114054547 42.38995361328125 -0.8002331461484636 -0.06487809121608734 1.7176456451416016 98 1 0.515 0.518 0.516 39.7276387 32.4193717 -0.5432369709014893 24.021041870117188
1753302413469774 22.679603114054547 42.38995361328125 -0.8020428960897391 -0.06487809121608734 1.7176456451416016 98 0.994 0.515 0.518 0.516 39.7276387 32.4193717 -0.5432369709014893 24.021041870117188
1753302413747493 23.716446258596356 42.17999267578125 -0.8013116847316503 -0.08857433199882507 1.6486700773239138 94 0.952 0.520 0.534 0.518 39.7276372 32.4195119 -0.9350056648254395 23.855512619018555
1753302413965124 22.785995963886997 41.91998291015625 -0.7986683604872298 -0.09350825250148771 1.57746422290802 90 0.977 0.520 0.534 0.518 39.7276372 32.4195119 -1.0396286249160767 23.740764617919922
1753302413966804 22.785995963886997 41.91998291015625 -0.7962893686672513 -0.09350825250148771 1.57746422290802 90 0.978 0.520 0.534 0.518 39.7276372 32.4195119 -1.0396286249160767 23.740764617919922
1753302413967653 22.785995963886997 41.91998291015625 -0.7941482760292707 -0.09350825250148771 1.57746422290802 90 0.951 0.520 0.534 0.518 39.7276372 32.4195119 -1.0396286249160767 23.740764617919922
1753302414246783 22.599183266090012 41.64996337890625 -0.7890810159846322 -0.08800422549247741 1.4980854988098145 85 1 0.527 0.522 0.521 39.7276511 32.4196491 -0.9414742588996887 23.658966064453125
1753302414466380 23.06330258200829 41.44000244140625 -0.7804228712324062 -0.08817735612392424 1.430801510810852 81 1 0.527 0.522 0.521 39.7276511 32.4196491 -0.8646276593208313 23.57430076599121
1753302414467810 23.06330258200829 41.44000244140625 -0.7726305409554026 -0.08817735612392424 1.430801510810852 81 1 0.527 0.522 0.521 39.7276511 32.4196491 -0.8646276593208313 23.57430076599121
1753302414748869 23.15174686883351 41.22998046875 -0.7604244665160819 -0.09243693500757218 1.3653472661972046 78 0.962 0.527 0.516 0.521 39.7276781 32.4197802 -0.8300918936729431 23.461050033569336
1753302414966487 22.669199610699753 41.02996826171875 -0.7444488032926657 -0.09906421452760697 1.3125276565551758 75 0.980 0.527 0.516 0.521 39.7276781 32.4197802 -0.8501787185668945 23.346895217895508
1753302414967466 22.669199610699753 41.02996826171875 -0.7300707063915912 -0.09906421452760697 1.3125276565551758 75 1 0.527 0.516 0.521 39.7276781 32.4197802 -0.8501787185668945 23.346895217895508
1753302415247687 22.846215067207808 40.80999755859375 -0.7116032685496734 -0.10780295133590699 1.2613129615783691 72 1 0.528 0.520 0.522 39.7277147 32.4199062 -0.8858917951583862 23.236797332763672
1753302415461632 22.522531739076964 40.5899658203125 -0.6898533921532326 -0.11759304106235505 1.216880202293396 69 0.993 0.528 0.520 0.522 39.7277147 32.4199062 -0.9553156495094299 23.163455963134766
1753302415462684 22.522531739076964 40.5899658203125 -0.670278503396436 -0.11759304106235505 1.216880202293396 69 0.956 0.528 0.520 0.522 39.7277147 32.4199062 -0.9553156495094299 23.163455963134766
1753302415464681 22.522531739076964 40.5899658203125 -0.6526611035153191 -0.11759304106235505 1.216880202293396 69 0.994 0.528 0.520 0.522 39.7277147 32.4199062 -0.9553156495094299 23.163455963134766
1753302415742169 23.345077751037792 40.3399658203125 -0.6311003999487984 -0.11591166704893112 1.172079086303711 67 1 0.534 0.515 0.525 39.7277591 32.4200287 -0.887297511100769 23.11967658996582
1753302415960214 22.454935385286593 40.1300048828125 -0.6060799899616625 -0.11342969685792922 1.1368340253829956 65 0.954 0.534 0.515 0.525 39.7277591 32.4200287 -0.7687729597091675 23.118240356445312
1753302415962211 22.454935385286593 40.1300048828125 -0.58356162097324 -0.11342969685792922 1.1368340253829956 65 1 0.534 0.515 0.525 39.7277591 32.4200287 -0.7687729597091675 23.118240356445312
1753302416240543 22.26783056590415 39.91998291015625 -0.5567680643761374 -0.11122292280197142 1.1027649641036987 63 1 0.530 0.512 0.523 39.7278094 32.4201482 -0.647209644317627 23.131000518798828
1753302416490605 22.760543991221027 39.760009765625 -0.5265301954833463 -0.11267699897289275 1.0770847797393799 61 0.993 0.530 0.512 0.523 39.7278094 32.4201482 -0.589396059513092 23.155406951904297
1753302416492659 22.760543991221027 39.760009765625 -0.4993161134798344 -0.11267699897289275 1.0770847797393799 61 1 0.530 0.512 0.523 39.7278094 32.4201482 -0.589396059513092 23.155406951904297
1753302416739771 22.430569506667428 39.5999755859375 -0.4688126435469701 -0.11466807425022126 1.0545119047164917 60 0.973 0.530 0.516 0.523 39.7278626 32.420264 -0.558297872543335 23.167850494384766
1753302416988821 23.154523104734547 39.469970703125 -0.4363143763474626 -0.11259358376264571 1.0372378826141357 59 1 0.530 0.516 0.523 39.7278626 32.420264 -0.5045629143714905 23.17853546142578
1753302416990816 23.154523104734547 39.469970703125 -0.40706593586790585 -0.11259358376264571 1.0372378826141357 59 1 0.530 0.516 0.523 39.7278626 32.420264 -0.5045629143714905 23.17853546142578
1753302417237741 23.061429746313614 39.3599853515625 -0.3758230734806183 -0.1011600986123085 1.0218168497085571 58 1 0.530 0.516 0.523 39.7278626 32.420264 -0.31541720032691956 23.201295852661133
1753302417489218 23.088361089380403 39.30999755859375 -0.34370458869107867 -0.10026904642581938 1.0137548446655273 58 0.958 0.528 0.508 0.522 39.7279175 32.4203783 -0.23543165624141693 23.228534698486328
1753302417491215 23.088361089380403 39.30999755859375 -0.3147979523804931 -0.10026904642581938 1.0137548446655273 58 1 0.528 0.508 0.522 39.7279175 32.4203783 -0.23543165624141693 23.228534698486328
1753302417737486 22.38656855904048 39.22998046875 -0.2845616515003575 -0.10381988286972046 1.0093092918395996 57 1 0.528 0.508 0.522 39.7279175 32.4203783 -0.2949315011501312 23.28402328491211
1753302417988565 22.783169919804568 39.14996337890625 -0.2537623564248919 -0.09842499345541 1.0058895349502563 57 0.965 0.526 0.515 0.521 39.7279735 32.4204938 -0.21249766647815704 23.366849899291992
1753302417989601 22.783169919804568 39.14996337890625 -0.22604299085697294 -0.09842499345541 1.0058895349502563 57 1 0.526 0.515 0.521 39.7279735 32.4204938 -0.21249766647815704 23.366849899291992
1753302418237610 22.663362912312458 39.0999755859375 -0.19794633274400913 -0.09259009063243866 1.0075738430023193 57 0.983 0.526 0.515 0.521 39.7279735 32.4204938 -0.09957491606473923 23.45990753173828
1753302418487687 22.8517315685707 39.0899658203125 -0.16993900941423792 -0.08507862240076065 1.0131561756134033 58 1 0.522 0.510 0.519 39.7280297 32.4206112 0.030287539586424828 23.534799575805664
1753302418488684 22.8517315685707 39.0899658203125 -0.1447324184174438 -0.08507862240076065 1.0131561756134033 58 0.995 0.522 0.510 0.519 39.7280297 32.4206112 0.030287539586424828 23.534799575805664
1753302418491698 22.8517315685707 39.0899658203125 -0.1220464865203291 -0.08507862240076065 1.0131561756134033 58 1 0.522 0.510 0.519 39.7280297 32.4206112 0.030287539586424828 23.534799575805664
1753302418736862 22.51598293894982 39.1099853515625 -0.0992218369098535 -0.08127863556146622 1.018247127532959 58 1 0.522 0.510 0.519 39.7280297 32.4206112 0.11369279026985168 23.569589614868164
1753302418990311 22.947142048842004 39.1300048828125 -0.07721472580898082 -0.08528548106551169 1.0255283117294312 58 1 0.522 0.510 0.519 39.7280839 32.420729 0.04071005433797836 23.589824676513672
1753302418993317 22.947142048842004 39.1300048828125 -0.05740832581819544 -0.08528548106551169 1.0255283117294312 58 0.965 0.522 0.510 0.519 39.7280839 32.420729 0.04071005433797836 23.589824676513672
1753302419252000 23.127198752356254 39.1300048828125 -0.03798757905991182 -0.08395420163869857 1.036567211151123 59 1 0.519 0.509 0.517 39.7281361 32.420848 0.03037065826356411 23.609506607055664
1753302419488408 22.74991465113549 39.14996337890625 -0.019393000738900646 -0.07725514248013496 1.0454182624816895 59 1 0.519 0.509 0.517 39.7281361 32.420848 0.12637531757354736 23.626161575317383
1753302419490409 22.74991465113549 39.14996337890625 -0.0026578802499905934 -0.07725514248013496 1.0454182624816895 59 0.996 0.519 0.509 0.517 39.7281361 32.420848 0.12637531757354736 23.626161575317383
1753302419736733 22.868302431605493 39.17999267578125 0.013209280493819501 -0.07633789852261542 1.0567747354507446 60 0.969 0.519 0.509 0.517 39.7281361 32.420848 0.14940539002418518 23.645965576171875
1753302419990394 22.79278165528682 39.2099609375 0.028172094037798457 -0.07428975105285643 1.0683119297027588 61 0.961 0.519 0.508 0.517 39.7281864 32.4209696 0.17494134604930878 23.675968170166016
1753302419992365 22.79278165528682 39.2099609375 0.04163862622737951 -0.07428975105285643 1.0683119297027588 61 0.976 0.519 0.508 0.517 39.7281864 32.4209696 0.17494134604930878 23.675968170166016
1753302420238844 22.651299614181642 39.25 0.05429231545591415 -0.07602440044283867 1.0808709859848022 61 1 0.519 0.508 0.517 39.7281864 32.4209696 0.16605940461158752 23.72784423828125
1753302420489558 22.573255390826496 39.27996826171875 0.06610648710665758 -0.07346118986606598 1.092298150062561 62 0.965 0.517 0.507 0.516 39.7282349 32.4210943 0.19424143433570862 23.77581024169922
1753302420491546 22.573255390826496 39.27996826171875 0.07673924159232666 -0.07346118986606598 1.092298150062561 62 0.955 0.517 0.507 0.516 39.7282349 32.4210943 0.19424143433570862 23.77581024169922
1753302420738407 23.253843931759846 39.3299560546875 0.08651877335808178 -0.07455095425248147 1.106005311012268 63 1 0.517 0.507 0.516 39.7282349 32.4210943 0.2108847051858902 23.817182540893555
1753302420988237 23.251664391417552 39.3699951171875 0.09537164472432287 -0.07878778353333474 1.1182702779769897 64 0.972 0.517 0.512 0.516 39.7282807 32.4212203 0.13911819458007812 23.827375411987305
1753302420990255 23.251664391417552 39.3699951171875 0.10333922895393984 -0.07878778353333474 1.1182702779769897 64 0.987 0.517 0.512 0.516 39.7282807 32.4212203 0.13911819458007812 23.827375411987305
1753302421237787 22.351391316675944 39.40997314453125 0.11034519129337864 -0.07624844387173652 1.1320483684539797 64 0.987 0.517 0.512 0.516 39.7282807 32.4212203 0.13851550221443176 23.826143264770508
1753302421489290 23.264317071851107 39.449951171875 0.11638845789440272 -0.07315869629383089 1.1453983783721924 65 1 0.516 0.506 0.516 39.7283235 32.4213468 0.18817615509033203 23.81800079345703
1753302421490296 23.264317071851107 39.449951171875 0.12182739783532438 -0.07315869629383089 1.1453983783721924 65 0.950 0.516 0.506 0.516 39.7283235 32.4213468 0.18817615509033203 23.81800079345703
1753302421491304 23.264317071851107 39.449951171875 0.1267224437821539 -0.07315869629383089 1.1453983783721924 65 1 0.516 0.506 0.516 39.7283235 32.4213468 0.18817615509033203 23.81800079345703
1753302421738628 22.765510894403928 39.5 0.13082951040523932 -0.07502179592847824 1.1584745645523071 66 1 0.516 0.506 0.516 39.7283235 32.4213468 0.17191514372825623 23.81266212463379
1753302421989735 23.282045723795193 39.53997802734375 0.1340949809383543 -0.0752724327147007 1.1692684888839722 66 1 0.516 0.507 0.516 39.728364 32.4214751 0.15717987716197968 23.820077896118164
1753302421991737 23.282045723795193 39.53997802734375 0.13703390441815777 -0.0752724327147007 1.1692684888839722 66 1 0.516 0.507 0.516 39.728364 32.4214751 0.15717987716197968 23.820077896118164
1753302422238057 23.206717894408104 39.5799560546875 0.13916119023395232 -0.07925794720649719 1.1827614307403567 67 1 0.516 0.507 0.516 39.728364 32.4214751 0.10976376384496689 23.847003936767578
1753302422239056 23.206717894408104 39.5799560546875 0.14107574746816742 -0.07925794720649719 1.1827614307403567 67 1 0.516 0.507 0.516 39.728364 32.4214751 0.10976376384496689 23.847003936767578
1753302422489756 23.338799562694508 39.5999755859375 0.14241382234522154 -0.07661113366484641 1.1944389343261719 68 1 0.516 0.507 0.516 39.7284025 32.421606 0.14830978214740753 23.866558074951172
1753302422490756 23.338799562694508 39.5999755859375 0.14361808973457024 -0.07661113366484641 1.1944389343261719 68 0.998 0.516 0.507 0.516 39.7284025 32.421606 0.14830978214740753 23.866558074951172
1753302422738294 23.054747163654035 39.64996337890625 0.1441104511431361 -0.0771019347012043 1.2057856321334839 69 1 0.516 0.507 0.516 39.7284025 32.421606 0.16003581881523132 23.880733489990234
1753302422988994 23.335264576159737 39.67999267578125 0.14370969385011537 -0.07712184190750121 1.2175300121307373 69 1 0.515 0.498 0.516 39.7284385 32.4217374 0.1581900417804718 23.866649627685547
1753302422990003 23.335264576159737 39.67999267578125 0.1433490122863967 -0.07712184190750121 1.2175300121307373 69 1 0.515 0.498 0.516 39.7284385 32.4217374 0.1581900417804718 23.866649627685547
1753302423239333 23.13664126837759 39.7099609375 0.13151631814324727 -0.08867423832416534 1.208605408668518 69 0.972 0.384 0.503 0.450 39.7284726 32.4218682 0.012930337339639664 23.846694946289062
1753302423487367 23.431085989567528 39.66998291015625 0.08556080814078933 -0.1337704077363014 1.1953736543655396 68 1 0.384 0.503 0.450 39.7284726 32.4218682 -0.4192643463611603 23.803770065307617
1753302423488422 23.431085989567528 39.66998291015625 0.04420084913857714 -0.1337704077363014 1.1953736543655396 68 0.953 0.384 0.503 0.450 39.7284726 32.4218682 -0.4192643463611603 23.803770065307617
1753302423735253 23.586220601123074 39.44000244140625 -0.03459346449117718 -0.1635147675871849 1.1864957809448244 67 0.995 0.384 0.503 0.450 39.7284726 32.4218682 -1.2958464622497559 23.815492630004883
1753302424001199 23.61246509139636 39.05999755859375 -0.1218912391457646 -0.11099588572978974 1.1027804613113403 63 0.991 0.555 0.636 0.535 39.7285151 32.4219952 -1.599403738975525 24.0642032623291
1753302424002208 23.61246509139636 39.05999755859375 -0.2004592363348933 -0.11099588572978974 1.1027804613113403 63 0.972 0.555 0.636 0.535 39.7285151 32.4219952 -1.599403738975525 24.0642032623291
1753302424003201 23.61246509139636 39.05999755859375 -0.2711704338051091 -0.11099588572978974 1.1027804613113403 63 1 0.555 0.636 0.535 39.7285151 32.4219952 -1.599403738975525 24.0642032623291
1753302424252507 22.480060269532693 38.760009765625 -0.3348105115283033 -0.006931631080806255 0.91871577501297 52 0.981 0.520 0.532 0.518 39.7285868 32.4221053 -0.4904584288597107 24.748916625976562
1753302424487212 23.23378010489383 38.88995361328125 -0.38985031508700557 0.08010648861527442 0.7379279732704163 42 0.991 0.520 0.532 0.518 39.7285868 32.4221053 1.425821304321289 25.21207046508789
1753302424488200 23.23378010489383 38.88995361328125 -0.43938613828983764 0.08010648861527442 0.7379279732704163 42 1 0.520 0.532 0.518 39.7285868 32.4221053 1.425821304321289 25.21207046508789
1753302424489202 23.23378010489383 38.88995361328125 -0.4839683791723865 0.08010648861527442 0.7379279732704163 42 1 0.520 0.532 0.518 39.7285868 32.4221053 1.425821304321289 25.21207046508789
1753302424737635 23.191746457345253 39.4599609375 -0.5194785673076228 0.10221762657165527 0.6214262843132019 35 0.980 0.520 0.532 0.518 39.7285868 32.4221053 2.3891239166259766 25.21974754333496
1753302424738637 23.191746457345253 39.4599609375 -0.5514377366293356 0.10221762657165527 0.6214262843132019 35 0.964 0.520 0.532 0.518 39.7285868 32.4221053 2.3891239166259766 25.21974754333496
1753302424991222 23.103784671035775 39.9599609375 -0.5762740681280689 0.030227640271186827 0.601232647895813 34 1 0.512 0.450 0.514 39.7286827 32.4221852 1.4474124908447266 25.10280418395996
1753302424993224 23.103784671035775 39.9599609375 -0.5986267664769289 0.030227640271186827 0.601232647895813 34 0.964 0.512 0.450 0.514 39.7286827 32.4221852 1.4474124908447266 25.10280418395996
1753302425241145 24.60204774444071 40.0799560546875 -0.6168632035320101 -0.07969809100031852 0.5964044928550721 34 0.994 0.505 0.559 0.511 39.7287794 32.4222572 -0.4290052354335785 24.86968231201172
1753302425488806 24.720618634582525 39.8599853515625 -0.6351562850056676 -0.1064497411251068 0.5406556129455566 30 1 0.505 0.559 0.511 39.7287794 32.4222572 -1.145862102508545 24.629383087158203
1753302425489807 24.720618634582525 39.8599853515625 -0.6516200583319594 -0.1064497411251068 0.5406556129455566 30 1 0.505 0.559 0.511 39.7287794 32.4222572 -1.145862102508545 24.629383087158203
1753302425737589 23.633433429254044 39.5999755859375 -0.6683257711953577 -0.07764579728245735 0.43968600034713745 25 1 0.527 0.529 0.521 39.7288805 32.4223113 -0.8415361046791077 24.465669631958008
1753302425985386 23.120057925604453 39.4599609375 -0.6821231031143655 -0.04954285100102424 0.3476513624191285 19 0.963 0.527 0.529 0.521 39.7288805 32.4223113 -0.39001089334487915 24.38605308532715
1753302425986900 23.120057925604453 39.4599609375 -0.6945407018414727 -0.04954285100102424 0.3476513624191285 19 1 0.527 0.529 0.521 39.7288805 32.4223113 -0.39001089334487915 24.38605308532715
1753302426234290 23.417260803506302 39.40997314453125 -0.7013849161879651 -0.04146762862801552 0.26399853825569153 15 1 0.527 0.529 0.521 39.7288805 32.4223113 -0.1383165866136551 24.32399559020996
1753302426485081 22.635021388810543 39.38995361328125 -0.7032772549524694 -0.05411966741085052 0.20317323505878448 11 0.997 0.518 0.508 0.517 39.7289881 32.4223408 -0.17797361314296722 24.23153305053711
1753302426486596 22.635021388810543 39.38995361328125 -0.7049803598405232 -0.05411966741085052 0.20317323505878448 11 0.952 0.518 0.508 0.517 39.7289881 32.4223408 -0.17797361314296722 24.23153305053711
1753302426741587 23.079756076343994 39.30999755859375 -0.7032446620179394 -0.07831004709005356 0.1455655246973038 8 0.951 0.518 0.522 0.516 39.7290966 32.4223535 -0.47168251872062683 24.089569091796875
1753302426984213 23.52594611383396 39.17999267578125 -0.6997850320321184 -0.09560264497995377 0.0937022790312767 5 0.988 0.518 0.522 0.516 39.7290966 32.4223535 -0.7305659651756287 23.93999671936035
1753302426986240 23.52594611383396 39.17999267578125 -0.6966713650448795 -0.09560264497995377 0.0937022790312767 5 0.958 0.518 0.522 0.516 39.7290966 32.4223535 -0.7305659651756287 23.93999671936035
1753302427234135 22.832759269508443 38.97998046875 -0.6916019603690811 -0.09861588776111603 0.033265624195337296 1 1 0.524 0.520 0.520 39.7292026 32.422351 -0.8047457933425903 23.7858829498291
1753302427468520 23.150860925846676 38.80999755859375 -0.6840621547473646 -0.09768368601799012 -0.0225033275783062 358 0.954 0.524 0.520 0.520 39.7292026 32.422351 -0.7613708972930908 23.668201446533203
1753302427726910 23.368626502369665 38.6300048828125 -0.6731798157012323 -0.09888092428445816 -0.0796738788485527 355 1 0.524 0.514 0.520 39.7293066 32.4223339 -0.7074055671691895 23.557310104370117
1753302427983898 22.91051865483967 38.469970703125 -0.6593568538054102 -0.10245313346385955 -0.1264141947031021 352 0.991 0.524 0.514 0.520 39.7293066 32.4223339 -0.6950470209121704 23.465740203857422
1753302427986275 22.91051865483967 38.469970703125 -0.6469161880991703 -0.10245313346385955 -0.1264141947031021 352 0.970 0.524 0.514 0.520 39.7293066 32.4223339 -0.6950470209121704 23.465740203857422
1753302428246855 22.989181892711066 38.28997802734375 -0.6313142841740113 -0.10878205001354216 -0.17230072617530826 350 0.978 0.524 0.517 0.520 39.7294096 32.4223047 -0.7218161821365356 23.397640228271484
1753302428476900 22.69840941256746 38.1099853515625 -0.6134869872644837 -0.11371568888425827 -0.2109672874212265 347 0.987 0.524 0.517 0.520 39.7294096 32.4223047 -0.7469350099563599 23.367334365844727
1753302428731577 23.231925161444845 37.90997314453125 -0.5930294292374219 -0.11541734039783477 -0.2511521279811859 345 0.965 0.524 0.517 0.520 39.7294096 32.4223047 -0.7192842364311218 23.34940528869629
1753302428986514 23.148117937157696 37.739990234375 -0.5704946008804826 -0.11265255957841873 -0.2851178050041199 343 1 0.527 0.513 0.521 39.7295106 32.4222659 -0.6213890910148621 23.338722229003906
1753302429248001 22.7139108540543 37.5899658203125 -0.5458885807529141 -0.11304936856031418 -0.3182259798049927 341 0.995 0.527 0.514 0.521 39.7296084 32.4222199 -0.5714408755302429 23.32099723815918
1753302429480909 22.989994463239217 37.449951171875 -0.5195517848791227 -0.1147158995270729 -0.34509724378585815 340 0.972 0.527 0.514 0.521 39.7296084 32.4222199 -0.5497146248817444 23.311729431152344
1753302429746646 23.27413053321008 37.30999755859375 -0.4911666984136294 -0.11439746767282485 -0.3692735433578491 338 1 0.524 0.512 0.520 39.7297044 32.4221686 -0.5232906341552734 23.31279945373535
1753302429997220 23.23055021844231 37.19000244140625 -0.46175025326985636 -0.11053130775690079 -0.38944000005722046 337 0.987 0.524 0.512 0.520 39.7297044 32.4221686 -0.4308784008026123 23.31852149963379
1753302430246728 23.100907068739705 37.0899658203125 -0.4314360924629437 -0.10802614986896515 -0.40773695707321167 336 1 0.525 0.515 0.520 39.7298001 32.4221131 -0.3396889269351959 23.325241088867188
1753302430480484 23.177287103004737 36.989990234375 -0.40096980256450776 -0.1135317414999008 -0.4187449514865875 336 0.956 0.525 0.515 0.520 39.7298001 32.4221131 -0.40103280544281006 23.36496925354004
1753302430481458 23.177287103004737 36.989990234375 -0.3735501416559154 -0.1135317414999008 -0.4187449514865875 336 0.965 0.525 0.515 0.520 39.7298001 32.4221131 -0.40103280544281006 23.36496925354004
1753302430482493 23.177287103004737 36.989990234375 -0.3488724468381823 -0.1135317414999008 -0.4187449514865875 336 0.977 0.525 0.515 0.520 39.7298001 32.4221131 -0.40103280544281006 23.36496925354004
1753302430751392 23.05809830751219 36.88995361328125 -0.32324188469931076 -0.10948832035064696 -0.4304569363594055 335 1 0.523 0.510 0.519 39.7298962 32.4220548 -0.34749817848205566 23.4382266998291
1753302430996636 22.528764058892275 36.80999755859375 -0.297269725225132 -0.10189935117959976 -0.43853577971458435 334 1 0.523 0.510 0.519 39.7298962 32.4220548 -0.2070152312517166 23.496889114379883
1753302431251214 22.340891687349085 36.76995849609375 -0.271063460116173 -0.09681711494922637 -0.4445527493953705 334 1 0.522 0.508 0.519 39.7299914 32.4219958 -0.09121730923652649 23.53780746459961
1753302431476606 22.452405435334235 36.75 -0.24517279954292048 -0.09872983396053314 -0.44720590114593506 334 0.979 0.522 0.508 0.519 39.7299914 32.4219958 -0.097739078104496 23.55770492553711
1753302431746676 23.088596662706628 36.7099609375 -0.21956334149349632 -0.09966017901897431 -0.4494141340255738 334 0.982 0.521 0.511 0.518 39.7300863 32.4219371 -0.15296758711338043 23.575122833251953
1753302431986786 23.077050312021733 36.67999267578125 -0.19467608584173532 -0.0944433331489563 -0.4498050808906555 334 1 0.521 0.511 0.518 39.7300863 32.4219371 -0.08370596915483475 23.592498779296875
1753302432237872 23.158562393096776 36.65997314453125 -0.17082402403540622 -0.09088630080223084 -0.44758397340774536 334 1 0.521 0.511 0.518 39.7300863 32.4219371 -0.024759631603956223 23.602767944335938
1753302432495492 22.850088577286158 36.64996337890625 -0.14800639938164245 -0.09359625726938248 -0.44458484649658203 334 1 0.520 0.510 0.518 39.7301822 32.4218787 -0.052060358226299286 23.646678924560547
1753302432496577 22.850088577286158 36.64996337890625 -0.12747053719325505 -0.09359625726938248 -0.44458484649658203 334 0.953 0.520 0.510 0.518 39.7301822 32.4218787 -0.052060358226299286 23.646678924560547
1753302432750666 22.80588483707644 36.6300048828125 -0.10751861184922139 -0.09240357726812362 -0.44142669439315796 334 0.955 0.519 0.508 0.517 39.7302798 32.4218208 -0.041011787950992584 23.71392250061035
1753302432975344 22.84516767562115 36.6300048828125 -0.08857949987131906 -0.0856557123363018 -0.4357626736164093 335 1 0.519 0.508 0.517 39.7302798 32.4218208 0.06722279638051987 23.764440536499023
1753302432976398 22.84516767562115 36.6300048828125 -0.07153429909120697 -0.0856557123363018 -0.4357626736164093 335 1 0.519 0.508 0.517 39.7302798 32.4218208 0.06722279638051987 23.764440536499023
1753302432976537 22.84516767562115 36.6300048828125 -0.05619361838910608 -0.0856557123363018 -0.4357626736164093 335 0.970 0.519 0.508 0.517 39.7302798 32.4218208 0.06722279638051987 23.764440536499023
1753302433232461 22.554974984987307 36.65997314453125 -0.041412110697152865 -0.08403602093458176 -0.429636687040329 335 0.987 0.519 0.508 0.517 39.7302798 32.4218208 0.1342235952615738 23.787952423095703
1753302433490358 22.729619982544435 36.67999267578125 -0.027664802733888612 -0.08981828987598418 -0.4239218235015869 335 0.991 0.519 0.509 0.517 39.7303773 32.4217651 0.023930910974740982 23.792945861816406
1753302433747949 23.149244652918572 36.67999267578125 -0.014931180116978632 -0.08648922294378279 -0.4152137041091919 336 1 0.517 0.507 0.516 39.7304748 32.4217116 0.032433416694402695 23.79187774658203
1753302433972276 22.965319296316874 36.699951171875 -0.003109635893208395 -0.08493319079279898 -0.40756055712699896 336 0.996 0.517 0.507 0.516 39.7304748 32.4217116 0.06608157604932785 23.785036087036133
1753302434258515 23.082543904420827 36.7099609375 0.007777531906632235 -0.08280724510550498 -0.3988682329654694 337 0.957 0.517 0.505 0.516 39.7305734 32.42166 0.08832015842199326 23.781686782836914
1753302434481451 23.307209173893412 36.72998046875 0.017511481015087055 -0.08207549750804902 -0.3920266330242157 337 1 0.517 0.505 0.516 39.7305734 32.42166 0.09511086344718933 23.782033920288086
1753302434739609 22.790380527433452 36.739990234375 0.026384173156202635 -0.08859513103961944 -0.383814811706543 338 1 0.516 0.514 0.516 39.7306738 32.4216098 0.017342692241072655 23.812665939331055
1753302434996518 22.992560892521276 36.739990234375 0.03447633161072207 -0.08795648366212844 -0.3760529160499573 338 0.974 0.516 0.514 0.516 39.7306738 32.4216098 -0.0034734392538666725 23.855228424072266
1753302435251869 22.56601429396342 36.75 0.041788630997457554 -0.0807531051337719 -0.3663741052150727 339 0.957 0.514 0.503 0.515 39.7307744 32.4215621 0.12655009329319 23.868513107299805
1753302435474270 22.700859192104115 36.78997802734375 0.047929844244109204 -0.07962862178683282 -0.3587278425693512 339 1 0.514 0.503 0.515 39.7307744 32.4215621 0.17134656012058258 23.860919952392578
1753302435476281 22.700859192104115 36.78997802734375 0.05345693616609568 -0.07962862178683282 -0.3587278425693512 339 0.974 0.514 0.503 0.515 39.7307744 32.4215621 0.17134656012058258 23.860919952392578
1753302435732681 22.76161288893622 36.82000732421875 0.05805463244206424 -0.08737247809767723 -0.3510441482067108 339 0.995 0.516 0.511 0.516 39.7308749 32.4215168 0.038963958621025085 23.853302001953125
1753302435988976 22.94152823477986 36.82000732421875 0.06175001471954628 -0.08627267926931381 -0.3416491448879242 340 1 0.516 0.511 0.516 39.7308749 32.4215168 0.015951279550790787 23.848499298095703
1753302435990144 22.94152823477986 36.82000732421875 0.06507585876928011 -0.08627267926931381 -0.3416491448879242 340 0.986 0.516 0.511 0.516 39.7308749 32.4215168 0.015951279550790787 23.848499298095703
1753302436245126 23.33080326420802 36.8399658203125 0.06778725475442028 -0.08243750408291818 -0.3347900807857514 340 1 0.355 0.527 0.436 39.7309763 32.4214734 0.079271100461483 23.84214210510254
1753302436501129 22.726183883225072 36.8599853515625 0.06485741465125933 -0.07637962177395821 -0.3382693827152252 340 0.986 0.355 0.527 0.436 39.7309763 32.4214734 0.14482606947422028 23.837373733520508
1753302436738758 22.386027435786758 36.9599609375 0.02752732749731351 -0.059908872842788695 -0.36951184272766113 338 0.966 0.355 0.527 0.436 39.7309763 32.4214734 0.6189833283424377 23.81964683532715
1753302436992421 22.555476293813605 37.14996337890625 -0.0446675582294076 -0.041589546576142306 -0.398324579000473 337 0.963 0.440 0.559 0.478 39.7310777 32.4214264 0.8061383962631226 23.822162628173828
1753302437248808 21.855826583464744 37.3299560546875 -0.130957923510172 -0.0021233562380075454 -0.479159414768219 332 1 0.542 0.635 0.529 39.7311714 32.4213551 0.4786970913410187 24.06598663330078
1753302437472761 22.331292297373775 37.47998046875 -0.20861925226285993 0.06947995722293852 -0.6303121447563171 323 0.956 0.542 0.635 0.529 39.7311714 32.4213551 0.8942793011665344 24.666711807250977
1753302437762822 22.415730599766118 37.949951171875 -0.2785144481402791 0.15720110088586806 -0.8397479057312012 311 1 0.527 0.470 0.521 39.7312421 32.421243 2.6453685760498047 25.212785720825195
1753302437976663 23.206601778947004 38.80999755859375 -0.34142012442995634 0.20852909684181214 -0.9924043416976929 303 0.984 0.527 0.470 0.521 39.7312421 32.421243 3.9984569549560547 25.125621795654297
1753302438246774 23.056116719407644 39.8499755859375 -0.39514797668918544 0.16126970201730725 -1.0476495027542114 299 0.954 0.501 0.473 0.509 39.7312913 32.4211125 3.5398242473602295 24.937646865844727
1753302438486791 23.365780698465713 40.510009765625 -0.43971217043338334 0.0471168003976345 -1.0378072261810303 300 1 0.501 0.473 0.509 39.7312913 32.4211125 1.7488287687301636 24.811002731323242
1753302438742256 23.978891440656184 40.69000244140625 -0.48018329471771226 -0.05058011710643767 -1.05353581905365 299 1 0.501 0.473 0.509 39.7312913 32.4211125 -0.08312854170799255 24.59587860107422
1753302438998505 23.829655578331693 40.5799560546875 -0.5193804007508545 -0.05922773033380507 -1.1303012371063235 295 0.970 0.509 0.565 0.513 39.7313391 32.4209811 -0.5119644999504089 24.41718292236328
1753302439253768 22.55781534766971 40.47998046875 -0.5558842213515808 -0.0307824969291687 -1.245490312576294 288 1 0.525 0.536 0.520 39.7313687 32.4208437 -0.19263042509555817 24.359298706054688
1753302439478369 22.561729916471194 40.5 -0.5867496959773633 -0.0020811437163501976 -1.3522636890411377 282 1 0.525 0.536 0.520 39.7313687 32.4208437 0.269657164812088 24.352325439453125
1753302439743883 21.927444425244257 40.64996337890625 -0.6106079786188543 0.008505865652114154 -1.4507133960723877 276 0.992 0.518 0.499 0.517 39.7313755 32.4207035 0.6008285880088806 24.28182601928711
1753302440000212 22.360447791109923 40.80999755859375 -0.6279898317903704 -0.007672179024666547 -1.5161762237548828 273 0.989 0.518 0.499 0.517 39.7313755 32.4207035 0.49178433418273926 24.153945922851562
1753302440254413 22.653083496682974 40.88995361328125 -0.6401437609419608 -0.04619137346744537 -1.5717405080795288 269 1 0.515 0.526 0.516 39.731369 32.4205646 -0.016594761982560158 23.989416122436523
1753302440476336 22.744681266707445 40.8399658203125 -0.6488132079564378 -0.07052170857787132 -1.626213550567627 266 0.952 0.515 0.526 0.516 39.731369 32.4205646 -0.42288312315940857 23.830991744995117
1753302440764171 22.563400006182682 40.719970703125 -0.6551041007151763 -0.07666009068489074 -1.694807767868042 262 1 0.525 0.525 0.520 39.7313503 32.420428 -0.5428054928779602 23.696836471557617
1753302440988103 22.887908338491915 40.5999755859375 -0.6582169234851505 -0.07573709934949875 -1.7586605548858643 259 0.956 0.525 0.525 0.520 39.7313503 32.420428 -0.5214592814445496 23.63547706604004
1753302441244534 22.76674447628702 40.47998046875 -0.6568099469035422 -0.07301267012953759 -1.823765754699707 255 0.987 0.526 0.514 0.521 39.7313184 32.4202956 -0.41683557629585266 23.594173431396484
1753302441498342 22.569813196915433 40.38995361328125 -0.6508179316004713 -0.07738372310996054 -1.8768482208251953 252 0.970 0.526 0.514 0.521 39.7313184 32.4202956 -0.38716191053390503 23.557117462158203
1753302441754117 23.002268820631905 40.28997802734375 -0.6402667530549108 -0.08699903413653373 -1.9287338256835938 249 0.956 0.526 0.516 0.521 39.7312772 32.4201702 -0.4365677833557129 23.48004150390625
1753302441980214 22.270190656091618 40.17999267578125 -0.626317355171371 -0.09543092250823974 -1.9732159376144411 246 0.984 0.526 0.516 0.521 39.7312772 32.4201702 -0.4907335340976715 23.411590576171875
1753302442264201 23.167553948454383 40.04998779296875 -0.6090963808913784 -0.10197368115186692 -2.0162956714630127 244 1 0.528 0.518 0.522 39.7312288 32.4200503 -0.5415659546852112 23.3507022857666
1753302442487360 22.772709106564264 39.91998291015625 -0.5889920766550085 -0.10487368702888489 -2.052539110183716 242 1 0.528 0.518 0.522 39.7312288 32.4200503 -0.5385959148406982 23.31389808654785
1753302442736461 23.157984403842104 39.77996826171875 -0.5655963339267178 -0.10263063460588454 -2.090329885482788 240 1 0.528 0.518 0.522 39.7312288 32.4200503 -0.45491424202919006 23.297779083251953
1753302442992282 23.071884871660895 39.69000244140625 -0.5397186831704978 -0.09804946333169937 -2.120479106903076 238 1 0.530 0.509 0.523 39.7311741 32.419934 -0.31266525387763977 23.309215545654297
1753302443247265 23.167432133049548 39.5999755859375 -0.5109316548173609 -0.10110623389482497 -2.1467411518096924 237 0.991 0.530 0.509 0.523 39.7311741 32.419934 -0.2723138928413391 23.323951721191406
1753302443502828 22.688570870065163 39.52996826171875 -0.48022222433671197 -0.10837061703205109 -2.1659772396087646 235 1 0.527 0.515 0.521 39.7311148 32.4198206 -0.34195882081985474 23.355087280273438
1753302443759173 22.97582448583025 39.44000244140625 -0.44771396441028877 -0.10288186073303224 -2.1850697994232178 234 0.980 0.529 0.510 0.522 39.7310536 32.4197105 -0.25854194164276123 23.369661331176758
1753302443983911 22.409632537345832 39.39996337890625 -0.4147202222594592 -0.09857021123170852 -2.1994922161102295 233 0.973 0.529 0.510 0.522 39.7310536 32.4197105 -0.1433260142803192 23.376571655273438
1753302444239472 22.57675729289844 39.3699951171875 -0.3812355040653622 -0.09892075955867766 -2.2102911472320557 233 0.974 0.523 0.514 0.519 39.7309911 32.4196019 -0.13093510270118713 23.389766693115234
1753302444493986 23.23244993511705 39.3299560546875 -0.3476176572570869 -0.10153103917837142 -2.2170374393463135 232 1 0.523 0.514 0.519 39.7309911 32.4196019 -0.1636568307876587 23.418832778930664
1753302444496502 23.23244993511705 39.3299560546875 -0.3173615951296391 -0.10153103917837142 -2.2170374393463135 232 1 0.523 0.514 0.519 39.7309911 32.4196019 -0.1636568307876587 23.418832778930664
1753302444748591 23.062839663368564 39.28997802734375 -0.2868408220073612 -0.09645795077085494 -2.2227509021759033 232 0.974 0.524 0.509 0.520 39.7309277 32.4194928 -0.09039665758609772 23.45960235595703
1753302444972601 23.024900281585168 39.27996826171875 -0.25679212946245356 -0.0915686011314392 -2.22363543510437 232 1 0.524 0.509 0.520 39.7309277 32.4194928 -0.0024378865491598845 23.507347106933594
1753302445260320 23.025473506106202 39.26995849609375 -0.22736549948348955 -0.08932484984397887 -2.223393201828003 232 1 0.525 0.511 0.520 39.7308638 32.4193818 0.05776029825210571 23.579315185546875
1753302445481963 22.487269613752773 39.27996826171875 -0.19875258907402477 -0.09217713475227357 -2.2225542068481445 232 0.965 0.525 0.511 0.520 39.7308638 32.4193818 0.03432711958885193 23.654766082763672
1753302445482796 22.487269613752773 39.27996826171875 -0.17300096970550646 -0.09217713475227357 -2.2225542068481445 232 1 0.525 0.511 0.520 39.7308638 32.4193818 0.03432711958885193 23.654766082763672
1753302445483805 22.487269613752773 39.27996826171875 -0.14982451227383997 -0.09217713475227357 -2.2225542068481445 232 1 0.525 0.511 0.520 39.7308638 32.4193818 0.03432711958885193 23.654766082763672
1753302445746466 22.528657265009084 39.28997802734375 -0.12691609019408095 -0.08943022191524505 -2.217365264892578 232 1 0.518 0.506 0.517 39.7308008 32.4192699 0.05716822296380997 23.723255157470703
1753302445999904 22.303168657383104 39.30999755859375 -0.10447033900948885 -0.08226848840713501 -2.2119460105895996 233 1 0.518 0.506 0.517 39.7308008 32.4192699 0.1603025496006012 23.75398063659668
1753302446254669 22.98223965566398 39.3499755859375 -0.08318663009046784 -0.08337020650506019 -2.204929828643799 233 1 0.521 0.511 0.518 39.7307397 32.4191575 0.16115447878837585 23.767898559570312
1753302446476218 23.240661419614224 39.3800048828125 -0.06337643892800156 -0.087239620834589 -2.196863889694214 234 1 0.521 0.511 0.518 39.7307397 32.4191575 0.06834474951028824 23.787220001220703
1753302446761524 22.75415963217451 39.39996337890625 -0.04460479302318702 -0.08176843002438544 -2.1878931522369385 234 0.999 0.519 0.505 0.517 39.7306799 32.419043 0.12479636818170547 23.798349380493164
1753302446984577 22.436201050374077 39.42999267578125 -0.026789343206093996 -0.07879819869995117 -2.1783206462860107 235 0.980 0.519 0.505 0.517 39.7306799 32.419043 0.18833807110786438 23.822269439697266
1753302446986111 22.436201050374077 39.42999267578125 -0.010755438370710272 -0.07879819869995117 -2.1783206462860107 235 0.951 0.519 0.505 0.517 39.7306799 32.419043 0.18833807110786438 23.822269439697266
1753302447238098 22.636500057120838 39.47998046875 0.004124560567850777 -0.08076883479952812 -2.1695985794067383 235 0.960 0.519 0.505 0.517 39.7306799 32.419043 0.173873171210289 23.865724563598633
1753302447491973 22.621285368857034 39.51995849609375 0.01760130847672961 -0.0846888281404972 -2.1605896949768066 236 1 0.518 0.510 0.517 39.7306212 32.4189254 0.11328304558992386 23.901050567626953
1753302447746518 22.623348342850967 39.53997802734375 0.02985664211374827 -0.08259750753641128 -2.149394989013672 236 1.000 0.517 0.507 0.516 39.7305647 32.4188068 0.13552026450634003 23.92884635925293
1753302447999634 22.60773008569455 39.5799560546875 0.04079741539951242 -0.07947418317198754 -2.137542724609375 237 1 0.517 0.507 0.516 39.7305647 32.4188068 0.18797971308231354 23.919925689697266
1753302448254261 22.96307921618393 39.6300048828125 0.050671630821192956 -0.08200356140732765 -2.1263866424560547 238 1 0.517 0.507 0.516 39.7305107 32.4186877 0.14637842774391174 23.898544311523438
1753302448477836 22.78387637680955 39.65997314453125 0.05920342837711992 -0.08128683418035507 -2.1159605979919434 238 1 0.517 0.507 0.516 39.7305107 32.4186877 0.12873589992523193 23.87484359741211
1753302448752250 23.449627832457114 39.699951171875 0.06661404879338284 -0.08105707466602326 -2.1056108474731445 239 0.966 0.516 0.509 0.516 39.7304584 32.4185669 0.13523875176906586 23.853302001953125
1753302448976941 22.645575155149444 39.72998046875 0.07299554239016837 -0.08509615138173102 -2.0950446128845215 239 1 0.516 0.509 0.516 39.7304584 32.4185669 0.07320275902748108 23.85453987121582
1753302449266523 23.17034955415378 39.75 0.07829938879879177 -0.08598051741719245 -2.0849149227142334 240 1 0.516 0.509 0.516 39.7304074 32.4184434 0.05255390331149101 23.879995346069336
1753302449488394 22.935458348389783 39.760009765625 0.08271872819607133 -0.08420178741216659 -2.0759847164154053 241 0.997 0.516 0.509 0.516 39.7304074 32.4184434 0.08763807266950607 23.906932830810547
1753302449742983 23.230521546161885 39.77996826171875 0.0860458678407491 -0.08274543210864067 -2.0666632652282715 241 1 0.516 0.509 0.516 39.7304074 32.4184434 0.12533733248710632 23.925046920776367
1753302449998340 23.009246190623777 39.80999755859375 0.08851293174055404 -0.0821266084909439 -2.05645489692688 242 1 0.516 0.506 0.516 39.7303584 32.4183191 0.14073845744132996 23.907394409179688
1753302450253631 22.816466807951823 39.8399658203125 0.08998862905168999 -0.08120854049921035 -2.0478296279907227 242 0.960 0.515 0.510 0.516 39.7303114 32.4181952 0.1371121108531952 23.87548828125
1753302450476373 23.10339251876983 39.8599853515625 0.0908946261066002 -0.08733081221580506 -2.039979934692383 243 0.997 0.515 0.510 0.516 39.7303114 32.4181952 0.04143236204981804 23.855022430419922
1753302450766137 22.574665449121987 39.8599853515625 0.09096162381092926 -0.08814628273248672 -2.0323925018310547 243 0.994 0.516 0.508 0.516 39.7302659 32.4180704 -0.007725127041339874 23.835844039916992
1753302450986361 22.583818422157123 39.8699951171875 0.09033074479389389 -0.08195513635873795 -2.024040937423706 244 0.977 0.516 0.508 0.516 39.7302659 32.4180704 0.07743144780397415 23.825672149658203
1753302450987367 22.583818422157123 39.8699951171875 0.08976295367856203 -0.08195513635873795 -2.024040937423706 244 0.966 0.516 0.508 0.516 39.7302659 32.4180704 0.07743144780397415 23.825672149658203
1753302451241407 22.62165775767704 39.89996337890625 0.08862143629174869 -0.08128218725323677 -2.0173048973083496 244 1 0.516 0.508 0.516 39.7302659 32.4180704 0.11755618453025818 23.8297061920166
1753302451498167 22.924917246819227 39.91998291015625 0.08705181068225003 -0.08482704684138297 -2.011671304702759 244 1 0.515 0.508 0.516 39.730221 32.4179433 0.07661287486553192 23.851093292236328
1753302451759133 22.769232286030654 39.91998291015625 0.0849814841393527 -0.08930310159921646 -2.005593776702881 245 0.961 0.514 0.508 0.515 39.7301771 32.4178151 0.0036764852702617645 23.882335662841797
1753302451984576 22.643405160069292 39.91998291015625 0.08247219548319847 -0.0846782512962818 -2.000845432281494 245 0.951 0.514 0.508 0.515 39.7301771 32.4178151 0.062066324055194855 23.89737319946289
1753302451986086 22.643405160069292 39.91998291015625 0.08021383569265965 -0.0846782512962818 -2.000845432281494 245 1 0.514 0.508 0.515 39.7301771 32.4178151 0.062066324055194855 23.89737319946289
1753302452238695 22.798163638106466 39.949951171875 0.0774677455630204 -0.08150413930416106 -1.995542645454407 245 1 0.514 0.504 0.515 39.7301346 32.4176879 0.12725871801376343 23.88951873779297
1753302452492638 23.03332921307056 39.97998046875 0.07439459504541464 -0.08210735842585562 -1.9915874004364014 245 0.951 0.514 0.504 0.515 39.7301346 32.4176879 0.1156964898109436 23.87286949157715
1753302452749055 22.820835638434687 40.0 0.07105381541124023 -0.08541432246565818 -1.9874898195266724 246 0.954 0.514 0.504 0.515 39.7301346 32.4176879 0.054208897054195404 23.85667610168457
1753302453005956 23.01459293377334 40.010009765625 0.06764138119820687 -0.08799259513616561 -1.9826904535293581 246 0.980 0.515 0.510 0.516 39.7300929 32.4175607 -0.0021528336219489574 23.846630096435547
1753302453261051 23.119445524870077 40.010009765625 0.0640836447692269 -0.08547567650675773 -1.9808064699172974 246 1 0.516 0.506 0.516 39.7300513 32.4174316 0.029989667236804962 23.851648330688477
1753302453484826 23.512955908416764 40.02996826171875 0.06015943108198231 -0.08528753593564033 -1.977259635925293 246 1 0.516 0.506 0.516 39.7300513 32.4174316 0.06493492424488068 23.864416122436523
1753302453486347 23.512955908416764 40.02996826171875 0.056627638763462176 -0.08528753593564033 -1.977259635925293 246 1 0.516 0.506 0.516 39.7300513 32.4174316 0.06493492424488068 23.864416122436523
1753302453738515 22.672812946079436 40.04998779296875 0.06395465221369982 -0.0905563324689865 -1.9533765316009521 248 0.964 0.516 0.506 0.516 39.7300513 32.4174316 0.046793606132268906 23.888790130615234
1753302453993888 23.608775277081914 40.07000732421875 0.10563440400092053 -0.10246106088161468 -1.924345374107361 249 1 0.626 0.534 0.571 39.7300107 32.4173016 0.026317764073610306 23.89982032775879
1753302453996479 23.608775277081914 40.07000732421875 0.14314618060941917 -0.10246106088161468 -1.924345374107361 249 0.951 0.626 0.534 0.571 39.7300107 32.4173016 0.026317764073610306 23.89982032775879
1753302454250449 22.823475041483373 40.02996826171875 0.2116682799156495 -0.0811332456767559 -1.8911668062210085 251 0.969 0.477 0.584 0.496 39.7299827 32.417167 -0.3766155540943146 24.013593673706055
1753302454506440 22.594234714310474 39.92999267578125 0.2792256717231263 -0.013334549032151697 -1.799130439758301 256 0.966 0.477 0.584 0.496 39.7299827 32.417167 -0.20180879533290863 24.37728500366211
1753302454752686 22.28744775203126 40.05999755859375 0.3302451769423237 0.05920558050274849 -1.6622244119644165 264 0.954 0.477 0.584 0.496 39.7299827 32.417167 1.1509979963302612 24.775680541992188
1753302455009025 22.215906963920304 40.469970703125 0.3685803174893633 0.0722446285188198 -1.5748950242996216 269 0.980 0.511 0.458 0.514 39.7299799 32.417024 1.930500864982605 24.81793975830078
1753302455263868 23.071329599860686 40.90997314453125 0.398219027512125 0.005105342762544751 -1.5428173542022705 271 0.957 0.530 0.529 0.523 39.7299915 32.4168804 1.1544325351715088 24.725757598876953
1753302455488062 23.99363272133875 41.010009765625 0.4235471770699488 -0.07451521307229995 -1.5265152454376223 272 1 0.530 0.529 0.523 39.7299915 32.4168804 -0.21269537508487701 24.603683471679688
1753302455742524 23.515881058315795 40.8399658203125 0.44748594333550334 -0.0861154243350029 -1.4687030315399172 275 1 0.530 0.529 0.523 39.7299915 32.4168804 -0.6530823111534119 24.493051528930664
1753302455999732 23.3547232553542 40.719970703125 0.46986407610614 -0.05549336373806 -1.3978649377822876 279 1 0.505 0.527 0.511 39.73001 32.4167383 -0.25161299109458923 24.436267852783203
1753302456254738 23.2762334561327 40.719970703125 0.4870088032439849 -0.03539093434810639 -1.3305588960647583 283 0.965 0.507 0.505 0.512 39.7300429 32.4166031 0.12823064625263214 24.381980895996094
1753302456479224 22.66525444910229 40.76995849609375 0.49736775739987205 -0.04219416342675686 -1.2813334465026855 286 1 0.507 0.505 0.512 39.7300429 32.4166031 0.13675683736801147 24.302257537841797
1753302456766479 23.07496647839415 40.78997802734375 0.5015409509897188 -0.062047491967678066 -1.2327431440353394 289 0.959 0.514 0.512 0.515 39.7300847 32.4164743 -0.048447880893945694 24.170154571533203
1753302456990523 23.55784177783023 40.75 0.502364205172058 -0.07590453475713729 -1.1929678916931152 291 1 0.514 0.512 0.515 39.7300847 32.4164743 -0.25506532192230225 24.036699295043945
1753302457246095 23.037473667045184 40.66998291015625 0.5004882396910155 -0.08393604159355163 -1.148969054222107 294 1 0.514 0.512 0.515 39.7300847 32.4164743 -0.3696906566619873 23.913829803466797
1753302457502877 22.681463526691754 40.5799560546875 0.4959457917499749 -0.08217620700597762 -1.1115423440933228 296 1 0.506 0.515 0.512 39.7301338 32.4163504 -0.3526097238063812 23.849788665771484
1753302457766755 22.81563548598801 40.5 0.48776142032339054 -0.08139971122145652 -1.0732593536376953 298 1 0.508 0.508 0.512 39.7301899 32.4162309 -0.27874597907066345 23.810611724853516
1753302457990914 23.34210044011079 40.44000244140625 0.47633364705497516 -0.0823219671845436 -1.041823387145996 300 1 0.508 0.508 0.512 39.7301899 32.4162309 -0.22721251845359802 23.783763885498047
1753302458245998 22.973896150704284 40.38995361328125 0.461704667582403 -0.08909348398447037 -1.0093357563018799 302 1 0.508 0.508 0.512 39.7301899 32.4162309 -0.2647874057292938 23.73471450805664
1753302458502581 22.7958962247559 40.32000732421875 0.44507726684894305 -0.09305404275655745 -0.9838622808456421 303 0.976 0.510 0.511 0.513 39.7302502 32.4161172 -0.3098950982093811 23.67724609375
1753302458759428 22.487573456600046 40.239990234375 0.4266557841511322 -0.09488700777292251 -0.9585461020469666 305 0.998 0.509 0.509 0.513 39.7303137 32.416008 -0.31365305185317993 23.626691818237305
1753302458984508 22.979355328104695 40.16998291015625 0.40683098128543077 -0.09089025408029557 -0.9372325539588928 306 0.994 0.509 0.509 0.513 39.7303137 32.416008 -0.24659161269664764 23.58663558959961
1753302458986045 22.979355328104695 40.16998291015625 0.38898865870629945 -0.09089025408029557 -0.9372325539588928 306 1 0.509 0.509 0.513 39.7303137 32.416008 -0.24659161269664764 23.58663558959961
1753302459240198 22.689159454748214 40.1099853515625 0.3694111480593253 -0.09019224494695664 -0.9166600108146667 307 1 0.509 0.509 0.513 39.7303137 32.416008 -0.1927034705877304 23.56123924255371
1753302459496465 22.50712503369182 40.05999755859375 0.34865701713677366 -0.09394216388463973 -0.9014140963554382 308 1 0.507 0.510 0.512 39.73038 32.4159016 -0.21687708795070648 23.545745849609375
1753302459752323 22.704888894115037 40.0 0.3267745153771292 -0.09401369839906693 -0.8895857334136963 309 0.972 0.511 0.512 0.514 39.7304491 32.4157959 -0.22075827419757843 23.573413848876953
1753302460007352 22.723075662925645 39.90997314453125 0.3016857089102076 -0.09066853672266006 -0.8690552711486816 310 0.952 0.511 0.512 0.514 39.7304491 32.4157959 -0.12002851814031601 23.635181427001953
1753302460262272 22.723075662925645 39.90997314453125 0.279105783089978 -0.09066853672266006 -0.8690552711486816 310 0.993 0.511 0.506 0.514 39.730519 32.4156919 -0.12002851814031601 23.635181427001953
1753302460469687 22.593117738603155 39.88995361328125 0.2564907656624757 -0.08454472124576569 -0.8619289994239807 310 0.964 0.511 0.506 0.514 39.730519 32.4156919 -0.020031888037919998 23.631244659423828
1753302460472299 22.593117738603155 39.88995361328125 0.23613724997772362 -0.08454472124576569 -0.8619289994239807 310 1 0.511 0.506 0.514 39.730519 32.4156919 -0.020031888037919998 23.631244659423828
1753302460476497 22.593117738603155 39.88995361328125 0.21781908586144672 -0.08454472124576569 -0.8619289994239807 310 1 0.511 0.506 0.514 39.730519 32.4156919 -0.020031888037919998 23.631244659423828
1753302460749929 22.732569339273333 39.8800048828125 0.20141104115116798 -0.08764052391052245 -0.8522945642471313 311 0.988 0.651 0.524 0.583 39.730589 32.4155891 -0.023921899497509003 23.623600006103516
1753302461006136 22.800021803699874 39.8699951171875 0.21399538147212452 -0.09960298687219618 -0.8136434555053711 313 1 0.651 0.524 0.583 39.730589 32.4155891 -0.04629306495189667 23.625606536865234
1753302461262848 22.899128127293473 39.82000732421875 0.26666481877352044 -0.10309002846479416 -0.7858965396881105 314 1 0.474 0.628 0.495 39.7306666 32.4154947 -0.3373112082481384 23.678503036499023
1753302461488472 22.790802688451304 39.67999267578125 0.33075545799987355 -0.055598219484090806 -0.7064552307128906 319 0.973 0.474 0.628 0.495 39.7306666 32.4154947 -0.6592718958854675 23.96520233154297
1753302461766508 22.023072043293617 39.5799560546875 0.3884370333035913 0.03877443186938762 -0.5296346545219421 329 0.965 0.513 0.538 0.515 39.7307661 32.4154297 0.25512638688087463 24.712371826171875
1753302461989956 22.84328386958148 39.8699951171875 0.43987816030503457 0.12268957793712613 -0.34928488731384283 339 1 0.513 0.538 0.515 39.7307661 32.4154297 2.0504133701324463 25.209821701049805
1753302462246771 23.45482849650574 40.5799560546875 0.4819069277172191 0.14735223352909085 -0.22639904916286469 347 0.968 0.520 0.443 0.518 39.7308785 32.4154057 3.034954786300659 25.22554588317871
1753302462501084 23.55791208340174 41.25 0.515914735578737 0.07653549984097481 -0.20045855641365054 348 1 0.520 0.443 0.518 39.7308785 32.4154057 2.146613359451294 25.125362396240234
1753302462749488 23.152469787804353 41.57000732421875 0.5444066918342483 -0.03374661058187485 -0.19599495828151706 348 1 0.520 0.443 0.518 39.7308785 32.4154057 0.25133752822875977 24.92022132873535
1753302463007151 24.188981198517094 41.5 0.5717683490916347 -0.07134779766201972 -0.14576193690299988 351 1 0.529 0.555 0.522 39.7309891 32.4153905 -0.6319310665130615 24.670940399169922
1753302463011229 24.188981198517094 41.5 0.5963938406232823 -0.07134779766201972 -0.14576193690299988 351 1 0.529 0.555 0.522 39.7309891 32.4153905 -0.6319310665130615 24.670940399169922
1753302463261479 23.11162025799421 41.3399658203125 0.620510378878459 -0.05174754932522773 -0.048020578920841224 357 1 0.507 0.534 0.512 39.7310983 32.4153928 -0.5142064094543457 24.50328826904297
1753302463483275 23.32464279567623 41.26995849609375 0.6413624996553163 -0.024818312004208566 0.04648289456963539 2 0.990 0.507 0.534 0.512 39.7310983 32.4153928 -0.131281316280365 24.439327239990234
1753302463484285 23.32464279567623 41.26995849609375 0.660129408354488 -0.024818312004208566 0.04648289456963539 2 0.976 0.507 0.534 0.512 39.7310983 32.4153928 -0.131281316280365 24.439327239990234
1753302463747810 23.12824343528061 41.28997802734375 0.6733014586403313 -0.013467135094106197 0.1365634649991989 7 1 0.512 0.509 0.514 39.7312061 32.4154218 0.15104201436042786 24.404420852661133
1753302464006018 23.027903315655465 41.3299560546875 0.6812910797745892 -0.021769578382372853 0.20391634106636047 11 1 0.512 0.509 0.514 39.7312061 32.4154218 0.16559961438179016 24.331937789916992
1753302464260126 23.379255978943196 41.3299560546875 0.68491444848933 -0.046019546687603004 0.2630334198474884 15 1 0.515 0.521 0.516 39.731309 32.4154681 -0.1257791519165039 24.20428466796875
1753302464483526 23.105123221846615 41.26995849609375 0.6859919058945018 -0.06537341922521592 0.3177758455276489 18 1 0.515 0.521 0.516 39.731309 32.4154681 -0.4168798625469208 24.05389976501465
1753302464486244 23.105123221846615 41.26995849609375 0.6869616175591562 -0.06537341922521592 0.3177758455276489 18 0.976 0.515 0.521 0.516 39.731309 32.4154681 -0.4168798625469208 24.05389976501465
1753302464741254 23.051100130341354 41.13995361328125 0.6856090067237269 -0.07314423397183417 0.3810376822948456 21 1 0.510 0.522 0.513 39.7314049 32.4155274 -0.5544649362564087 23.89297103881836
1753302464996711 23.16923493626755 41.010009765625 0.6814776454934166 -0.07360243350267409 0.4381321668624878 25 1 0.510 0.522 0.513 39.7314049 32.4155274 -0.5575558543205261 23.774978637695312
1753302465252199 23.095493522686766 40.8800048828125 0.6740339035900252 -0.07375391498208046 0.49773961305618286 28 0.987 0.507 0.516 0.512 39.7314942 32.4155998 -0.4928487539291382 23.662111282348633
1753302465507095 22.773740476252183 40.760009765625 0.6633652301232652 -0.07889097556471823 0.5468292236328125 31 0.954 0.507 0.516 0.512 39.7314942 32.4155998 -0.5055773854255676 23.566997528076172
1753302465762218 22.50056199046965 40.6199951171875 0.6494233773589704 -0.08389963284134863 0.5966320633888245 34 0.983 0.507 0.513 0.512 39.7315783 32.4156832 -0.5255918502807617 23.49146842956543
1753302465986672 22.279602603146916 40.47998046875 0.6329215109146155 -0.08685557395219803 0.6390353441238403 36 0.961 0.507 0.513 0.512 39.7315783 32.4156832 -0.5169869661331177 23.456897735595703
1753302465987732 22.279602603146916 40.47998046875 0.618069831114696 -0.08685557395219803 0.6390353441238403 36 1 0.507 0.513 0.512 39.7315783 32.4156832 -0.5169869661331177 23.456897735595703
1753302466241622 23.00406815175923 40.3399658203125 0.6002858342960655 -0.09100480526685714 0.6803079843521118 38 0.959 0.507 0.513 0.512 39.7315783 32.4156832 -0.49814602732658386 23.437965393066406
1753302466499751 22.693044588652594 40.19000244140625 0.5799912120910149 -0.09588655084371567 0.7130605578422546 40 1 0.505 0.518 0.511 39.7316573 32.4157751 -0.5423733592033386 23.43579864501953
1753302466770012 22.47759228921289 40.04998779296875 0.557190111816972 -0.09235993474721908 0.7485918402671814 42 0.997 0.505 0.509 0.511 39.731731 32.4158719 -0.45157086849212646 23.41563606262207
1753302466996639 22.65860518160585 39.9599609375 0.5325439705321635 -0.08835635930299758 0.7776023149490356 44 1 0.505 0.509 0.511 39.731731 32.4158719 -0.3270781636238098 23.383243560791016
1753302467250918 22.300081783275377 39.8800048828125 0.5056027502300839 -0.09170991778373717 0.8045809864997864 46 1 0.505 0.509 0.511 39.731731 32.4158719 -0.30786460638046265 23.352764129638672
1753302467511174 23.141798989876072 39.78997802734375 0.4773355943395944 -0.09686741232872009 0.8250797390937805 47 1 0.508 0.513 0.512 39.7318006 32.4159727 -0.3578522503376007 23.33682632446289
1753302467766481 22.37727197982038 39.69000244140625 0.44799464843579395 -0.09595250487327575 0.8437615036964417 48 1 0.507 0.511 0.512 39.7318685 32.4160773 -0.3406657576560974 23.3465518951416
1753302467990172 23.02280873837474 39.6199951171875 0.41815766008414273 -0.08845669329166413 0.8596583604812623 49 1 0.507 0.511 0.512 39.7318685 32.4160773 -0.19369715452194214 23.37276268005371
1753302467991707 23.02280873837474 39.6199951171875 0.39130437056765655 -0.08845669329166413 0.8596583604812623 49 1 0.507 0.511 0.512 39.7318685 32.4160773 -0.19369715452194214 23.37276268005371
1753302468248121 22.464840459214475 39.57000732421875 0.36363635075580214 -0.08708533868193626 0.8737737536430359 50 0.988 0.507 0.510 0.512 39.7319351 32.4161848 -0.12035080045461655 23.407379150390625
1753302468504758 22.6685986377458 39.53997802734375 0.3356771777196926 -0.08725330606102943 0.8827606439590454 50 0.988 0.507 0.510 0.512 39.7319351 32.4161848 -0.08388552069664001 23.443920135498047
1753302468505805 22.6685986377458 39.53997802734375 0.31051392198719396 -0.08725330606102943 0.8827606439590454 50 1 0.507 0.510 0.512 39.7319351 32.4161848 -0.08388552069664001 23.443920135498047
1753302468745986 22.730851775295033 39.510009765625 0.2844807025741143 -0.08813042789697648 0.8888348340988159 50 0.960 0.507 0.510 0.512 39.7319351 32.4161848 -0.10385937243700027 23.459957122802734
1753302469014595 23.008856857785336 39.489990234375 0.2584262058392706 -0.07927343174815177 0.893989086151123 51 0.954 0.511 0.507 0.514 39.7320003 32.4162921 0.019594203680753708 23.46657943725586
1753302469016109 23.008856857785336 39.489990234375 0.2349771587779113 -0.07927343174815177 0.893989086151123 51 0.975 0.511 0.507 0.514 39.7320003 32.4162921 0.019594203680753708 23.46657943725586
1753302469270059 22.618978040107525 39.5 0.21184458386439728 -0.08054787889122964 0.8983674049377443 51 0.969 0.509 0.515 0.513 39.7320652 32.4163993 0.04406962916254997 23.4691162109375
1753302469494223 22.59200473187393 39.489990234375 0.18909617652629598 -0.08837488442659379 0.8988767862319946 51 0.979 0.509 0.515 0.513 39.7320652 32.4163993 -0.08156510442495346 23.48561668395996
1753302469495807 22.59200473187393 39.489990234375 0.16862260992200478 -0.08837488442659379 0.8988767862319946 51 0.951 0.509 0.515 0.513 39.7320652 32.4163993 -0.08156510442495346 23.48561668395996
1753302469768348 22.428805866498568 39.4599609375 0.1482692765731034 -0.08339955359697342 0.8979382514953613 51 0.996 0.511 0.508 0.514 39.7321309 32.4165071 -0.04728015884757042 23.50796127319336
1753302469994684 22.361588485665138 39.4599609375 0.12827777929947534 -0.07569019719958305 0.8954347968101501 51 0.952 0.511 0.508 0.514 39.7321309 32.4165071 0.09915558993816376 23.541650772094727
1753302469996251 22.361588485665138 39.4599609375 0.11028543175321005 -0.07569019719958305 0.8954347968101501 51 1 0.511 0.508 0.514 39.7321309 32.4165071 0.09915558993816376 23.541650772094727
1753302470249640 22.865373779634112 39.489990234375 0.09271932149882182 -0.07518403679132461 0.8926039934158325 51 0.987 0.511 0.508 0.514 39.7321309 32.4165071 0.1559068113565445 23.591562271118164
1753302470504901 22.373918164421482 39.510009765625 0.07575600822229742 -0.0781871773302555 0.8882794976234437 50 0.976 0.513 0.510 0.515 39.7321982 32.4166155 0.11417300254106522 23.648229598999023
1753302470506001 22.373918164421482 39.510009765625 0.06048902627342545 -0.0781871773302555 0.8882794976234437 50 1 0.513 0.510 0.515 39.7321982 32.4166155 0.11417300254106522 23.648229598999023
1753302470761503 23.12207013078577 39.53997802734375 0.05698494116080048 -0.07365107238292692 0.9041444063186646 51 0.972 0.649 0.520 0.582 39.7322655 32.4167225 0.17796342074871063 23.674190521240234
1753302470986691 23.09990142703636 39.5999755859375 0.08912754654537655 -0.08460184037685393 0.9256529808044434 53 1 0.649 0.520 0.582 39.7322655 32.4167225 0.266310453414917 23.659719467163086
1753302471274217 22.598787826698416 39.6099853515625 0.15972074806378203 -0.09010924696922303 0.9515657424926758 54 1 0.477 0.642 0.496 39.7323238 32.416838 -0.18004556000232697 23.718225479125977
1753302471498036 22.551224173949862 39.5 0.23450579436110894 -0.0449990376830101 1.040147304534912 59 0.995 0.477 0.642 0.496 39.7323238 32.416838 -0.5714690089225769 24.037372589111328
1753302471752763 22.69472153481174 39.44000244140625 0.30181233602870317 0.05176523998379707 1.238856315612793 70 1 0.514 0.552 0.515 39.7323535 32.4169769 0.43332022428512573 24.830028533935547
1753302472006026 23.14490381809978 39.77996826171875 0.36238822352953803 0.14365942329168319 1.444960594177246 82 1 0.514 0.552 0.515 39.7323535 32.4169769 2.3697147369384766 25.349184036254883
1753302472259864 23.32246830779889 40.6199951171875 0.41690652228028935 0.184275683760643 1.5938758850097656 91 0.992 0.514 0.552 0.515 39.7323535 32.4169769 3.5785868167877197 25.331995010375977
1753302472516945 23.340764908157382 41.42999267578125 0.4626757799681845 0.12420013695955275 1.6283009052276611 93 0.975 0.516 0.425 0.516 39.732344 32.417126 2.842710494995117 25.238603591918945
1753302472763085 22.804528923359833 41.90997314453125 0.5003429501441261 0.00019370088702999058 1.6208229064941406 92 1 0.533 0.554 0.524 39.7323278 32.4172713 0.8384891748428345 25.0703182220459
1753302473001989 24.387666597154407 41.91998291015625 0.535557536708159 -0.06967813223600387 1.6511962413787842 94 1 0.533 0.554 0.524 39.7323278 32.4172713 -0.5540111064910889 24.773029327392578
1753302473273909 23.17014492223698 41.719970703125 0.5699828521253252 -0.06499053537845612 1.7454199790954592 100 1 0.508 0.549 0.512 39.7323018 32.4174094 -0.7764327526092529 24.532367706298828
1753302473495978 23.341358601257888 41.5799560546875 0.6010306825496183 -0.03535881787538528 1.8532696962356567 106 0.990 0.508 0.549 0.512 39.7323018 32.4174094 -0.39175185561180115 24.438945770263672
1753302473751550 22.29470367981231 41.54998779296875 0.626155914389261 -0.014452311024069787 1.9623898267745974 112 0.966 0.512 0.513 0.514 39.732254 32.4175366 0.020712193101644516 24.388702392578125
1753302474006637 22.569112275625542 41.5899658203125 0.6447615219859795 -0.010120666958391667 2.045538902282715 117 1 0.512 0.513 0.514 39.732254 32.4175366 0.2004130631685257 24.309072494506836
1753302474261284 22.70271464366172 41.6300048828125 0.6574021154977545 -0.028195391967892645 2.11678409576416 121 0.999 0.516 0.515 0.516 39.7321911 32.4176525 0.06836547702550888 24.1771183013916
1753302474486137 23.29197905467199 41.5999755859375 0.6658651805821953 -0.056108573079109186 2.1689860820770264 124 1 0.516 0.515 0.516 39.7321911 32.4176525 -0.322184294462204 24.031763076782227
1753302474772447 23.10518850285872 41.4599609375 0.6711302915427594 -0.07758377566933632 2.227639675140381 127 0.998 0.511 0.529 0.514 39.7321202 32.4177567 -0.6828154921531677 23.87706756591797
1753302474994238 22.851293639121984 41.27996826171875 0.6738103675139108 -0.08322255834937095 2.290602922439575 131 0.981 0.511 0.529 0.514 39.7321202 32.4177567 -0.7612625956535339 23.746456146240234
1753302474995754 22.851293639121984 41.27996826171875 0.676222435887947 -0.08322255834937095 2.290602922439575 131 1 0.511 0.529 0.514 39.7321202 32.4177567 -0.7612625956535339 23.746456146240234
1753302475248656 23.012785504577117 41.0999755859375 0.67548990153339 -0.0781943067908287 2.360369443893433 135 0.997 0.511 0.529 0.514 39.7321202 32.4177567 -0.6861663460731506 23.636308670043945
1753302475506383 22.822893017042084 40.9599609375 0.670699416724442 -0.07217148765921592 2.4190447330474854 138 0.982 0.504 0.514 0.510 39.7320413 32.4178469 -0.5319802761077881 23.539945602416992
1753302475776327 23.16835022794444 40.8299560546875 0.6609936229535329 -0.08301777020096779 2.4727480411529545 141 0.982 0.508 0.517 0.512 39.7319559 32.4179247 -0.5558812022209167 23.44184684753418
1753302476002820 22.997850972563075 40.69000244140625 0.6477639501227487 -0.09508813470602034 2.5181984901428223 144 0.971 0.508 0.517 0.512 39.7319559 32.4179247 -0.6805364489555359 23.3597354888916
1753302476005847 22.997850972563075 40.69000244140625 0.6358572445750428 -0.09508813470602034 2.5181984901428223 144 0.960 0.508 0.517 0.512 39.7319559 32.4179247 -0.6805364489555359 23.3597354888916
1753302476258690 23.026064265052952 40.489990234375 0.6207051666772537 -0.09918552488088608 2.565958261489868 147 0.955 0.503 0.516 0.510 39.731865 32.4179934 -0.6919794082641602 23.304000854492188
1753302476511927 22.504635386480494 40.30999755859375 0.602744289534942 -0.09980169385671617 2.604304075241089 149 0.952 0.503 0.516 0.510 39.731865 32.4179934 -0.6535621881484985 23.288053512573242
1753302476765882 22.47395990787917 40.1300048828125 0.5811825260200999 -0.09885360598564148 2.6424715518951416 151 1 0.505 0.513 0.511 39.7317705 32.4180535 -0.5731726288795471 23.29098129272461
1753302477001547 22.435750071284346 39.989990234375 0.5565299956213445 -0.10009001195430756 2.672505140304566 153 0.982 0.505 0.513 0.511 39.7317705 32.4180535 -0.516640305519104 23.29121208190918
1753302477273880 22.836887551769383 39.8599853515625 0.528987828035147 -0.10341695100069045 2.7031316757202153 154 1 0.506 0.512 0.511 39.7316749 32.4181067 -0.5029416084289551 23.281864166259766
1753302477497825 23.039057827180436 39.75 0.49985597861318976 -0.0989026203751564 2.725954055786133 156 0.950 0.506 0.512 0.511 39.7316749 32.4181067 -0.41155746579170227 23.271757125854492
1753302477756090 22.29257893370587 39.64996337890625 0.4690503194854485 -0.0963001012802124 2.746849060058594 157 1 0.507 0.511 0.512 39.7315781 32.4181554 -0.31103911995887756 23.261009216308594
1753302478013563 22.58179718158948 39.57000732421875 0.4371941669218982 -0.09819312691688536 2.7617805004119873 158 1 0.507 0.511 0.512 39.7315781 32.4181554 -0.31761491298675537 23.26206398010254
1753302478015645 22.58179718158948 39.57000732421875 0.4085236296147029 -0.09819312691688536 2.7617805004119873 158 0.985 0.507 0.511 0.512 39.7315781 32.4181554 -0.31761491298675537 23.26206398010254
1753302478270890 22.8014109882119 39.47998046875 0.3787147213599015 -0.09693385660648346 2.775750160217285 159 0.963 0.507 0.512 0.512 39.7314792 32.4182023 -0.2707264721393585 23.294309616088867
1753302478494490 22.70234497402044 39.40997314453125 0.3485433013362523 -0.09263346195220946 2.7854983806610107 159 0.975 0.507 0.512 0.512 39.7314792 32.4182023 -0.1850598305463791 23.34869384765625
1753302478496001 22.70234497402044 39.40997314453125 0.321389023314968 -0.09263346195220946 2.7854983806610107 159 1 0.507 0.512 0.512 39.7314792 32.4182023 -0.1850598305463791 23.34869384765625
1753302478752034 22.344102069237916 39.3699951171875 0.2935154453823464 -0.08713259547948837 2.7910859584808354 159 0.999 0.508 0.508 0.512 39.7313793 32.4182483 -0.071571484208107 23.41425132751465
1753302479009158 22.44570805626094 39.3499755859375 0.26537310744385395 -0.08559673652052878 2.7960615158081055 160 0.973 0.508 0.508 0.512 39.7313793 32.4182483 -0.02188209816813469 23.453088760375977
1753302479266265 22.76017994836789 39.3499755859375 0.2372909742263896 -0.08478779047727583 2.798016786575318 160 0.960 0.511 0.512 0.514 39.7312804 32.4182939 -0.0004916531615890563 23.474164962768555
1753302479492097 23.18630343387951 39.3399658203125 0.20978544683765854 -0.08760581016540527 2.7971382141113286 160 1 0.511 0.512 0.514 39.7312804 32.4182939 -0.04236185550689697 23.496652603149414
1753302479748040 23.130043459333628 39.3299560546875 0.18281794591109296 -0.081909804046154 2.793095350265503 160 1 0.511 0.512 0.514 39.7312804 32.4182939 0.013893854804337025 23.52097511291504
1753302480005828 22.951364496117208 39.3399658203125 0.15693584758067436 -0.079121533036232 2.7903099060058594 159 1 0.513 0.507 0.515 39.7311817 32.4183407 0.06882790476083755 23.547733306884766
1753302480262981 23.113976915877018 39.3599853515625 0.13270818899295606 -0.08069733157753944 2.786271333694458 159 1 0.511 0.509 0.514 39.7310824 32.4183896 0.055252280086278915 23.583189010620117
1753302480518286 22.508226996972663 39.3699951171875 0.1096791323443223 -0.07769649103283882 2.7786681652069096 159 1 0.511 0.509 0.514 39.7310824 32.4183896 0.0992511436343193 23.631139755249023
1753302480774191 22.811911475658658 39.38995361328125 0.08760269773781022 -0.07808182090520858 2.7719972133636475 158 1 0.514 0.510 0.515 39.7309824 32.4184413 0.12197134643793106 23.688322067260742
1753302481001875 23.189496974963085 39.41998291015625 0.06675241776805868 -0.0774399347603321 2.763435125350952 158 0.979 0.514 0.510 0.515 39.7309824 32.4184413 0.13469740748405457 23.740568161010742
1753302481257894 23.206141235820773 39.469970703125 0.04726673860998526 -0.0736959457397461 2.754236936569214 157 0.984 0.515 0.504 0.516 39.7308841 32.4184951 0.1986357569694519 23.758808135986328
1753302481513548 22.264788821734754 39.52996826171875 0.029484838542207258 -0.07201418578624726 2.745116710662842 157 0.968 0.515 0.504 0.516 39.7308841 32.4184951 0.2340785264968872 23.75522232055664
1753302481515595 22.264788821734754 39.52996826171875 0.013481128481207054 -0.07201418578624726 2.745116710662842 157 1 0.515 0.504 0.516 39.7308841 32.4184951 0.2340785264968872 23.75522232055664
1753302481760305 23.123450374571476 39.57000732421875 -0.0009533838029106621 -0.07887292504310608 2.73465633392334 156 0.985 0.515 0.504 0.516 39.7308841 32.4184951 0.12281833589076996 23.73482322692871
1753302482017840 23.012753076035963 39.5899658203125 -0.013984819554871335 -0.0806771531701088 2.724771499633789 156 0.990 0.513 0.512 0.515 39.7307872 32.418551 0.06137770786881447 23.736337661743164
1753302482274140 22.838008861752588 39.6099853515625 -0.025701122257339372 -0.07319792136549948 2.7137820720672607 155 1 0.516 0.504 0.516 39.7306906 32.4186098 0.16344387829303741 23.727977752685547
1753302482498699 22.534136970606923 39.65997314453125 -0.03623642185916968 -0.07448147982358932 2.706571578979492 155 1 0.516 0.504 0.516 39.7306906 32.4186098 0.191021129488945 23.741634368896484
1753302482755710 23.041878627442806 39.699951171875 -0.04556567513576568 -0.08431767374277115 2.6964101791381836 154 1 0.516 0.504 0.516 39.7306906 32.4186098 0.054361920803785324 23.782068252563477
1753302482755790 23.041878627442806 39.699951171875 -0.05396200308470209 -0.08431767374277115 2.6964101791381836 154 0.951 0.516 0.504 0.516 39.7306906 32.4186098 0.054361920803785324 23.782068252563477
1753302483014099 23.266607344353197 39.7099609375 -0.061606388592138406 -0.08076003119349479 2.6864259243011475 153 1 0.517 0.511 0.516 39.7305939 32.4186716 0.07234381884336472 23.815580368041992
1753302483015625 23.266607344353197 39.7099609375 -0.0684863355488311 -0.08076003119349479 2.6864259243011475 153 1 0.517 0.511 0.516 39.7305939 32.4186716 0.07234381884336472 23.815580368041992
1753302483270304 23.274481483272165 39.75 -0.07440093845701791 -0.07338914945721627 2.674391508102417 153 1 0.518 0.505 0.517 39.730499 32.4187354 0.22878849506378174 23.819782257080078
1753302483491807 22.539613055043063 39.79998779296875 -0.07931334174194851 -0.07690052092075347 2.666300535202027 152 1 0.518 0.505 0.517 39.730499 32.4187354 0.18416081368923187 23.807016372680664
1753302483493599 22.539613055043063 39.79998779296875 -0.08373450469838607 -0.07690052092075347 2.666300535202027 152 0.994 0.518 0.505 0.517 39.730499 32.4187354 0.18416081368923187 23.807016372680664
1753302483779163 22.570832447018546 39.8399658203125 -0.08704753650904026 -0.08103842958807946 2.6550536155700684 152 0.952 0.519 0.510 0.517 39.7304057 32.418801 0.097812220454216 23.79037857055664
1753302484003697 22.931439651415502 39.8599853515625 -0.0895588436753779 -0.0825932465493679 2.646887063980103 151 1 0.519 0.510 0.517 39.7304057 32.418801 0.06399039924144745 23.776111602783203
1753302484005705 22.931439651415502 39.8599853515625 -0.09181902012508178 -0.0825932465493679 2.646887063980103 151 0.967 0.519 0.510 0.517 39.7304057 32.418801 0.06399039924144745 23.776111602783203
1753302484260327 22.634086676427135 39.8699951171875 -0.09325904951644898 -0.08060022592544555 2.63686203956604 151 0.990 0.517 0.509 0.516 39.7303131 32.4188687 0.0930296927690506 23.76198387145996
1753302484516219 22.514799694250282 39.88995361328125 -0.09396022459405326 -0.08315171748399734 2.6288154125213623 150 0.986 0.517 0.509 0.516 39.7303131 32.4188687 0.06139039993286133 23.75657844543457
1753302484770610 22.492577827845846 39.88995361328125 -0.09413377553705272 -0.0851519927382469 2.6211822032928467 150 1 0.517 0.508 0.516 39.7302201 32.4189391 0.019891852512955666 23.78338623046875
1753302484991963 23.29082023067515 39.89996337890625 -0.09359263951018956 -0.0826718010008335 2.614685297012329 149 1 0.517 0.508 0.516 39.7302201 32.4189391 0.07178361713886261 23.807601928710938
1753302485277938 23.135666511336044 39.92999267578125 -0.09240357867868697 -0.08099169433116911 2.606729745864868 149 0.994 0.518 0.507 0.517 39.7301284 32.4190106 0.12816274166107178 23.82127571105957
1753302485501256 22.667525913406813 39.949951171875 -0.0909324910520788 -0.08183436840772629 2.59923005104065 148 1 0.518 0.507 0.517 39.7301284 32.4190106 0.10866327583789825 23.815227508544922
1753302485757638 23.03908490308189 39.969970703125 -0.08911163818352902 -0.08342594876885415 2.592328548431397 148 1 0.517 0.510 0.516 39.730038 32.4190831 0.07688786834478378 23.799959182739258
1753302486006414 23.026902227466433 39.989990234375 -0.08660247962039844 -0.08599720671772956 2.5885086059570312 148 0.951 0.517 0.510 0.516 39.730038 32.4190831 0.021299246698617935 23.787466049194336
1753302486009971 23.026902227466433 39.989990234375 -0.08434423691358094 -0.08599720671772956 2.5885086059570312 148 0.997 0.517 0.510 0.516 39.730038 32.4190831 0.021299246698617935 23.787466049194336
1753302486282080 23.323709394615854 39.989990234375 -0.08148682202094129 -0.08358785584568977 2.5820953845977783 147 1 0.516 0.505 0.516 39.7299479 32.4191568 0.04745491221547127 23.779918670654297
1753302486506727 23.020559408731156 40.010009765625 -0.078418447093904 -0.08163704872131347 2.577504873275757 147 0.958 0.516 0.505 0.516 39.7299479 32.4191568 0.09025110304355621 23.77535057067871
1753302486761700 22.93834680679746 40.01995849609375 -0.07523156383640169 -0.08497395440936087 2.5727407932281494 147 0.976 0.516 0.505 0.516 39.7299479 32.4191568 0.04560915753245354 23.797075271606445
1753302487017372 23.017312293687137 40.02996826171875 -0.07196102116113841 -0.08743549585342407 2.5707399845123295 147 0.985 0.518 0.509 0.517 39.7298573 32.4192323 0.01769309863448143 23.823579788208008
1753302487274592 22.73997132071871 40.02996826171875 -0.06850339351838178 -0.08548783883452415 2.5659165382385254 147 1 0.520 0.506 0.518 39.729767 32.4193084 0.04308183863759041 23.85622787475586
1753302487497588 23.01772514078052 40.04998779296875 -0.06503207388888609 -0.08240149170160294 2.562547206878662 146 1 0.520 0.506 0.518 39.729767 32.4193084 0.09899464249610901 23.86176872253418
1753302487765941 22.680370324386143 40.07000732421875 -0.06147053024951349 -0.08484911322593688 2.560643434524536 146 0.974 0.517 0.509 0.516 39.7296782 32.4193842 0.0726528987288475 23.84316635131836
1753302488019554 23.11675966735325 40.07000732421875 -0.05767513284936902 -0.08721875920891761 2.5583035945892334 146 0.978 0.517 0.509 0.516 39.7296782 32.4193842 0.005252504255622625 23.823820114135742
1753302488276263 22.99078526969158 40.0799560546875 -0.05361144161840102 -0.0855382040143013 2.5556275844573975 146 0.993 0.353 0.506 0.435 39.7295896 32.4194603 0.015538791194558144 23.806795120239258
1753302488500085 22.788590594966916 40.0899658203125 -0.054584243893204515 -0.08452530950307846 2.5435788631439213 145 0.969 0.353 0.506 0.435 39.7295896 32.4194603 0.047083448618650436 23.794599533081055
1753302488757243 23.00868664137085 40.1099853515625 -0.09002457469664073 -0.09607195854187012 2.5064868927001953 143 0.990 0.541 0.572 0.528 39.7295021 32.4195417 0.09036760777235031 23.796401977539062
1753302489012581 23.131666469092757 40.0899658203125 -0.1566535032686179 -0.09359920918941497 2.485074758529663 142 1 0.541 0.572 0.528 39.7295021 32.4195417 -0.3054693043231964 23.8825740814209
1753302489015689 23.131666469092757 40.0899658203125 -0.21661953898339736 -0.09359920918941497 2.485074758529663 142 1 0.541 0.572 0.528 39.7295021 32.4195417 -0.3054693043231964 23.8825740814209
1753302489268522 21.885365131356625 39.97998046875 -0.28077314590277613 -0.025527385622262953 2.4071991443634033 137 0.984 0.531 0.532 0.523 39.7294257 32.4196428 -0.31039559841156006 24.22028350830078
1753302489493373 22.276077521462227 40.03997802734375 -0.3298020687239976 0.0389368187636137 2.2925517559051514 131 1 0.531 0.532 0.523 39.7294257 32.4196428 0.8067867159843445 24.57503890991211
1753302489780473 22.452381662802274 40.41998291015625 -0.3647274905327807 0.060358341783285134 2.196606397628784 125 1 0.512 0.465 0.514 39.7293661 32.4197627 1.7551326751708984 24.636119842529297
1753302490004185 23.00798750903859 40.82000732421875 -0.3913883448139295 0.0062138914130628106 2.16560959815979 124 1 0.512 0.465 0.514 39.7293661 32.4197627 1.2001341581344604 24.557859420776367
1753302490005695 23.00798750903859 40.82000732421875 -0.4153831136669634 0.0062138914130628106 2.16560959815979 124 1 0.512 0.465 0.514 39.7293661 32.4197627 1.2001341581344604 24.557859420776367
1753302490260738 23.845078619623997 40.949951171875 -0.4350682198207901 -0.07591750025749205 2.14568829536438 122 1 0.512 0.465 0.514 39.7293127 32.4198864 -0.17236238718032837 24.43040657043457
1753302490516137 23.60444473815607 40.8299560546875 -0.4539241939069027 -0.08993884921073914 2.0968708992004395 120 0.982 0.510 0.546 0.513 39.7293127 32.4198864 -0.6292542815208435 24.310012817382812
1753302490517149 23.60444473815607 40.8299560546875 -0.470894570584404 -0.08993884921073914 2.0968708992004395 120 0.951 0.510 0.546 0.513 39.7293127 32.4198864 -0.6292542815208435 24.310012817382812
1753302490757553 22.61583611468401 40.72998046875 -0.48686630913791734 -0.05367600321769714 2.02530837059021 116 0.957 0.510 0.546 0.513 39.7293127 32.4198864 -0.1652989685535431 24.21683120727539
1753302491015370 22.897478519055014 40.78997802734375 -0.49251788308481287 -0.05552309677004814 1.9261531829833984 110 1 0.532 0.502 0.524 39.7292695 32.4200167 0.04511364549398422 24.13348960876465
1753302491270474 22.897478519055014 40.78997802734375 -0.49760429963701885 -0.05552309677004814 1.9261531829833984 110 0.975 0.516 0.516 0.516 39.7292371 32.4201524 0.04511364549398422 24.13348960876465
1753302491521575 23.240910910222752 40.76995849609375 -0.4977453312745743 -0.07528095990419388 1.8868961334228516 108 0.968 0.516 0.516 0.516 39.7292371 32.4201524 -0.18510089814662933 24.080116271972656
1753302491777765 22.706519541199395 40.719970703125 -0.4953745122079003 -0.07913247495889662 1.8425718545913696 105 1 0.525 0.512 0.520 39.7292128 32.4202881 -0.23635248839855194 23.97935676574707
1753302492001550 23.280064762064242 40.66998291015625 -0.49099736946737305 -0.08156395480036735 1.805458426475525 103 1 0.525 0.512 0.520 39.7292128 32.4202881 -0.24687384068965912 23.88327407836914
1753302492005684 23.280064762064242 40.66998291015625 -0.48705794100089855 -0.08156395480036735 1.805458426475525 103 0.992 0.525 0.512 0.520 39.7292128 32.4202881 -0.24687384068965912 23.88327407836914
1753302492257578 23.123708632327467 40.6099853515625 -0.4799792619120239 -0.0836430922150612 1.7685047388076782 101 1 0.524 0.511 0.520 39.7291961 32.4204243 -0.26388153433799744 23.795381546020508
1753302492511747 22.76975959857412 40.54998779296875 -0.4698183165405237 -0.08696630746126174 1.7355490922927856 99 0.985 0.524 0.511 0.520 39.7291961 32.4204243 -0.26129668951034546 23.731882095336914
1753302492767058 23.259381267665518 40.47998046875 -0.45680517790443087 -0.09090161323547363 1.7037322521209717 97 1 0.524 0.511 0.520 39.7291961 32.4204243 -0.2723063826560974 23.686275482177734
1753302493023651 22.669147548917596 40.42999267578125 -0.44160874340885625 -0.09172965288162231 1.677308201789856 96 0.997 0.522 0.511 0.519 39.7291853 32.4205622 -0.24666325747966766 23.67214012145996
1753302493025673 22.669147548917596 40.42999267578125 -0.42793195236283904 -0.09172965288162231 1.677308201789856 96 0.980 0.522 0.511 0.519 39.7291853 32.4205622 -0.24666325747966766 23.67214012145996
1753302493280005 23.178303235357962 40.3699951171875 -0.412175382273421 -0.09324218332767487 1.6524375677108765 94 1 0.523 0.508 0.519 39.7291794 32.4207011 -0.23473960161209106 23.66640853881836
1753302493503521 22.616596955661162 40.32000732421875 -0.3948228941235173 -0.09419771879911422 1.6322273015975954 93 1 0.523 0.508 0.519 39.7291794 32.4207011 -0.20213201642036438 23.66584014892578
1753302493505555 22.616596955661162 40.32000732421875 -0.3792056547886039 -0.09419771879911422 1.6322273015975954 93 0.958 0.523 0.508 0.519 39.7291794 32.4207011 -0.20213201642036438 23.66584014892578
1753302493780892 23.300967734776798 40.26995849609375 -0.3616225636559044 -0.09608864784240723 1.6110559701919556 92 0.999 0.523 0.509 0.519 39.7291771 32.4208384 -0.20954658091068268 23.64543342590332
1753302494001685 23.120064622480967 40.219970703125 -0.3429424464604838 -0.09632574021816252 1.5952330827713015 91 1 0.523 0.509 0.519 39.7291771 32.4208384 -0.20530229806900024 23.620702743530273
1753302494257897 22.994479584934155 40.16998291015625 -0.32296399771287293 -0.0965867817401886 1.579909682273865 90 0.993 0.523 0.510 0.519 39.7291774 32.4209751 -0.19921554625034332 23.604854583740234
1753302494512969 22.81858799661947 40.1300048828125 -0.3022865012208901 -0.09607339799404144 1.568259596824646 89 0.959 0.523 0.510 0.519 39.7291774 32.4209751 -0.1725054234266281 23.59547233581543
1753302494768965 23.325881105359077 40.0899658203125 -0.2812315267253174 -0.09478653818368912 1.5576610565185547 89 1 0.523 0.510 0.519 39.7291774 32.4209751 -0.1622932404279709 23.597148895263672
1753302495025343 22.83438115236958 40.05999755859375 -0.2599620752270449 -0.09041123986244202 1.549034595489502 88 0.967 0.523 0.506 0.519 39.7291793 32.4211126 -0.07769585400819778 23.6051025390625
1753302495280362 22.96001649558086 40.03997802734375 -0.2385253697099175 -0.09367434233427047 1.542913794517517 88 1 0.522 0.512 0.519 39.7291823 32.4212515 -0.08517497032880783 23.63857078552246
1753302495504127 23.310052159919085 40.01995849609375 -0.21728015112536128 -0.09660280346870422 1.5378113985061646 88 1 0.522 0.512 0.519 39.7291823 32.4212515 -0.1343587338924408 23.682374954223633
1753302495505692 23.310052159919085 40.01995849609375 -0.1981594543992607 -0.09660280346870422 1.5378113985061646 88 0.977 0.522 0.512 0.519 39.7291823 32.4212515 -0.1343587338924408 23.682374954223633
1753302495760255 23.10549704868711 39.989990234375 -0.17907192377239123 -0.09087874889373779 1.5355079174041748 87 0.974 0.374 0.509 0.445 39.7291856 32.4213894 -0.04978949949145317 23.704742431640625
1753302496013366 23.398916107596914 39.989990234375 -0.17671544016590404 -0.09043659716844558 1.5073413848876953 86 1 0.374 0.509 0.445 39.7291856 32.4213894 0.04106762260198593 23.7004451751709
1753302496015383 23.398916107596914 39.989990234375 -0.1745946049200656 -0.09043659716844558 1.5073413848876953 86 1 0.374 0.509 0.445 39.7291856 32.4213894 0.04106762260198593 23.7004451751709
1753302496266682 22.812037007009856 40.0 -0.21235831137065547 -0.10644940733909608 1.482330560684204 84 0.952 0.374 0.509 0.445 39.7291856 32.4213894 -0.1009865254163742 23.69131088256836
1753302496523897 23.10479984073601 39.90997314453125 -0.2713992377123039 -0.07312470227479935 1.451663136482239 83 0.980 0.565 0.580 0.540 39.7291949 32.4215264 -0.5066676139831543 23.813884735107422
1753302496525471 23.10479984073601 39.90997314453125 -0.3245360714197876 -0.07312470227479935 1.451663136482239 83 0.997 0.565 0.580 0.540 39.7291949 32.4215264 -0.5066676139831543 23.813884735107422
1753302496774143 22.048639564416337 39.8299560546875 -0.37003109413391844 0.002438153442926705 1.3561725616455078 77 0.953 0.524 0.490 0.520 39.7292241 32.4216618 0.10729366540908813 24.154321670532227
1753302496997938 22.41707497254454 40.0 -0.39997402630454154 0.042775464802980424 1.2607730627059939 72 1 0.524 0.490 0.520 39.7292241 32.4216618 1.206689715385437 24.35590171813965
1753302497286994 22.115434755235018 40.3699951171875 -0.41937119187896715 0.016307892650365828 1.204002022743225 68 1 0.508 0.503 0.512 39.7292692 32.421793 1.3105852603912354 24.387176513671875
1753302497510819 23.129463525508545 40.5799560546875 -0.4340265609799498 -0.05304906964302063 1.181281328201294 67 0.988 0.508 0.503 0.512 39.7292692 32.421793 0.3384361267089844 24.35422706604004
1753302497515333 23.129463525508545 40.5799560546875 -0.4472163931708342 -0.05304906964302063 1.181281328201294 67 1 0.508 0.503 0.512 39.7292692 32.421793 0.3384361267089844 24.35422706604004
1753302497766409 23.42249906769116 40.51995849609375 -0.4588780059976107 -0.09175285100936889 1.145947813987732 65 0.995 0.523 0.528 0.519 39.7293193 32.4219195 -0.48885074257850647 24.286991119384766
1753302498021330 23.535619862692034 40.41998291015625 -0.4698410142567211 -0.06866564452648162 1.0912717580795288 62 0.973 0.523 0.528 0.519 39.7293193 32.4219195 -0.27701136469841003 24.212276458740234
1753302498275817 22.556623337853473 40.41998291015625 -0.4778485932147313 -0.0429704375565052 1.0331135988235474 59 1 0.527 0.498 0.521 39.7293784 32.4220363 0.18371209502220154 24.115686416625977
1753302498497341 22.948446582397708 40.469970703125 -0.48003587468229014 -0.05228161737322807 0.993530809879303 56 1 0.527 0.498 0.521 39.7293784 32.4220363 0.1805502027273178 24.03377342224121
1753302498785838 23.316606812072795 40.47998046875 -0.47655062088753836 -0.0756545603275299 0.9557632207870483 54 0.963 0.519 0.516 0.517 39.7294441 32.4221468 -0.11063805967569351 23.954851150512695
1753302499009835 23.07765880525574 40.42999267578125 -0.4704120416288321 -0.08298446461558343 0.9203015565872192 52 0.985 0.519 0.516 0.517 39.7294441 32.4221468 -0.22139717638492584 23.886720657348633
1753302499262703 22.666199382783542 40.3699951171875 -0.4626286827485035 -0.0825105406343937 0.8832083940505981 50 1 0.519 0.516 0.517 39.7294441 32.4221468 -0.18037725985050201 23.835050582885742
1753302499518373 22.76889472835591 40.3399658203125 -0.45267460670712023 -0.07972028255462646 0.8550698757171631 48 1 0.526 0.508 0.521 39.7295153 32.4222521 -0.11286894232034683 23.814144134521484
1753302499775391 23.305799798354723 40.30999755859375 -0.4391370438931206 -0.08481596931815147 0.8256412148475647 47 0.952 0.522 0.510 0.519 39.7295903 32.4223513 -0.1270514726638794 23.79642105102539
1753302499999776 23.19344029685756 40.27996826171875 -0.42341841966490323 -0.08676175400614738 0.8010626435279846 45 0.952 0.522 0.510 0.519 39.7295903 32.4223513 -0.14097319543361664 23.756122589111328
1753302500005008 23.19344029685756 40.27996826171875 -0.40927165785950764 -0.08676175400614738 0.8010626435279846 45 0.999 0.522 0.510 0.519 39.7295903 32.4223513 -0.14097319543361664 23.756122589111328
1753302500285740 23.226025239293193 40.260009765625 -0.3933885935502262 -0.08812068551778794 0.7761151194572449 44 0.989 0.524 0.510 0.520 39.7296673 32.4224453 -0.12149229645729065 23.698467254638672
1753302500509004 22.51662510282931 40.239990234375 -0.37627178372952447 -0.09418833106756211 0.7572643160820007 43 0.961 0.524 0.510 0.520 39.7296673 32.4224453 -0.18647848069667816 23.65656852722168
1753302500765748 22.700401687603463 40.19000244140625 -0.3575916359604577 -0.09353481978178023 0.7400697469711304 42 0.997 0.524 0.508 0.520 39.7297464 32.422536 -0.1986483484506607 23.630041122436523
1753302501022162 22.75671510947052 40.15997314453125 -0.33805016903112944 -0.09140216708183287 0.7243002653121948 41 0.973 0.524 0.508 0.520 39.7297464 32.422536 -0.12290716171264648 23.608701705932617
1753302501025694 22.75671510947052 40.15997314453125 -0.320462848794734 -0.09140216708183287 0.7243002653121948 41 0.974 0.524 0.508 0.520 39.7297464 32.422536 -0.12290716171264648 23.608701705932617
1753302501278180 22.72117132783636 40.1300048828125 -0.3019069740643581 -0.09095118045806885 0.7103404402732849 40 0.985 0.522 0.509 0.519 39.729828 32.4226253 -0.09542132169008255 23.606443405151367
1753302501502894 22.991965850857216 40.1099853515625 -0.28264635364447355 -0.09400338232517243 0.7007187604904175 40 0.987 0.522 0.509 0.519 39.729828 32.4226253 -0.10455136001110077 23.623493194580078
1753302501505471 22.991965850857216 40.1099853515625 -0.2653117952665775 -0.09400338232517243 0.7007187604904175 40 1 0.522 0.509 0.519 39.729828 32.4226253 -0.10455136001110077 23.623493194580078
1753302501760339 22.88742147719023 40.0799560546875 -0.24708784472236833 -0.09707187712192535 0.6926120519638062 39 0.973 0.521 0.510 0.518 39.7299107 32.4227133 -0.15378184616565704 23.65737533569336
1753302502017601 22.879058503726426 40.04998779296875 -0.22858800159057796 -0.09344162046909332 0.6856507658958435 39 1 0.521 0.510 0.518 39.7299107 32.4227133 -0.09275022149085999 23.68292236328125
1753302502275620 22.626610320079767 40.02996826171875 -0.2098293989851548 -0.0888413608074188 0.6790923476219178 38 0.971 0.522 0.506 0.519 39.7299931 32.4227997 -0.011125732213258743 23.689109802246094
1753302502499235 23.336690707107252 40.03997802734375 -0.19132171965728467 -0.08862376362085342 0.6749305129051208 38 1 0.522 0.506 0.519 39.7299931 32.4227997 -0.001739121857099235 23.688322067260742
1753302502765339 22.777100438410667 40.02996826171875 -0.17306894214084984 -0.09115588515996932 0.6741788387298584 38 1 0.520 0.510 0.518 39.7300754 32.4228856 -0.04541186988353729 23.68024253845215
1753302503022261 22.75437295431487 40.01995849609375 -0.1550803307917527 -0.09167882353067397 0.6723213791847229 38 0.952 0.520 0.510 0.518 39.7300754 32.4228856 -0.060902100056409836 23.67877960205078
1753302503278323 23.454397751348484 40.0 -0.13753460825027333 -0.0918729931116104 0.6723983287811279 38 0.966 0.349 0.489 0.433 39.7301586 32.4229728 -0.06033053249120712 23.696163177490234
1753302503505434 23.098627083949467 39.97998046875 -0.12569299248344876 -0.09775097519159316 0.6614978313446046 37 1 0.349 0.489 0.433 39.7301586 32.4229728 -0.11863544583320618 23.72805404663086
1753302503761176 23.08900787844138 39.91998291015625 -0.14956073976296644 -0.13927071094512938 0.6320708990097047 36 1 0.503 0.569 0.510 39.7302438 32.4230578 -0.47465282678604126 23.75656509399414
1753302504015434 24.187595401864115 39.699951171875 -0.20893991306488333 -0.16764297038316725 0.6233922839164734 35 1 0.503 0.569 0.510 39.7302438 32.4230578 -1.2909010648727417 23.824527740478516
1753302504019569 24.187595401864115 39.699951171875 -0.26238116903660846 -0.16764297038316725 0.6233922839164734 35 0.952 0.503 0.569 0.510 39.7302438 32.4230578 -1.2909010648727417 23.824527740478516
1753302504270933 23.2202241654482 39.26995849609375 -0.32690017323665277 -0.11516851335763931 0.5495466589927673 31 0.988 0.526 0.578 0.521 39.7303386 32.423124 -1.715682029724121 24.13052749633789
1753302504524137 22.77943010190256 38.94000244140625 -0.3833666405168693 -0.043486614152789115 0.4154622554779053 23 0.984 0.526 0.578 0.521 39.7303386 32.423124 -0.8804885149002075 24.701723098754883
1753302504525766 22.77943010190256 38.94000244140625 -0.4341864610690642 -0.043486614152789115 0.4154622554779053 23 0.962 0.526 0.578 0.521 39.7303386 32.423124 -0.8804885149002075 24.701723098754883
1753302504780108 22.559334999086797 38.91998291015625 -0.47214084490943864 0.014879480190575124 0.26927649974823 15 1 0.518 0.455 0.517 39.7304475 32.4231558 0.5713016986846924 25.076343536376953
1753302505005394 23.11148324725452 39.14996337890625 -0.5025993254018627 0.013321472704410553 0.19326727092266083 11 1 0.518 0.455 0.517 39.7304475 32.4231558 0.9538508057594299 25.06914710998535
1753302505260296 23.5068799264411 39.27996826171875 -0.5275202750771764 -0.06314153298735617 0.16900460422039032 9 0.962 0.518 0.455 0.517 39.7304475 32.4231558 -0.15358401834964752 24.95046043395996
1753302505534314 24.807824024698768 39.0899658203125 -0.5491313302167823 -0.11698420494794846 0.136793851852417 7 1 0.502 0.542 0.509 39.7305593 32.4231701 -1.2040423154830933 24.797630310058594
1753302505535332 24.807824024698768 39.0899658203125 -0.5685812798424278 -0.11698420494794846 0.136793851852417 7 1 0.502 0.542 0.509 39.7305593 32.4231701 -1.2040423154830933 24.797630310058594
1753302505760383 24.0251174593661 38.72998046875 -0.5870305568531496 -0.11164670586585997 0.06018126010894776 3 0.958 0.502 0.542 0.509 39.7305593 32.4231701 -1.2825075387954712 24.67278480529785
1753302506015345 23.511215578600186 38.4599609375 -0.6036702517171512 -0.08560545146465301 -0.022657696157693866 358 0.964 0.525 0.528 0.520 39.7306711 32.4231707 -0.8795478343963623 24.598556518554688
1753302506272327 23.685687849798967 38.27996826171875 -0.6155144980698654 -0.07047204226255416 -0.10075468569993973 354 0.999 0.522 0.509 0.519 39.7307796 32.4231485 -0.5657117366790771 24.509519577026367
1753302506528812 23.01310470658239 38.16998291015625 -0.6215612957909549 -0.07509653791785241 -0.16147050261497498 350 0.992 0.522 0.509 0.519 39.7307796 32.4231485 -0.5182490348815918 24.38477325439453
1753302506788518 24.02652034683205 38.02996826171875 -0.6227336946160953 -0.08842777907848358 -0.21779976785182956 347 1 0.519 0.514 0.517 39.7308835 32.4231108 -0.6379396915435791 24.197900772094727
1753302507013676 24.060164429692218 37.8599853515625 -0.6209014376727963 -0.10357239097356796 -0.26567378640174866 344 0.971 0.519 0.514 0.517 39.7308835 32.4231108 -0.8167029023170471 24.01531219482422
1753302507015198 24.060164429692218 37.8599853515625 -0.6192524064238273 -0.10357239097356796 -0.26567378640174866 344 0.994 0.519 0.514 0.517 39.7308835 32.4231108 -0.8167029023170471 24.01531219482422
1753302507269011 23.281211887440243 37.6300048828125 -0.6151003743996087 -0.1120262622833252 -0.31685659289360046 341 0.973 0.519 0.514 0.517 39.7308835 32.4231108 -0.9444297552108765 23.84189224243164
1753302507525332 23.309911730703007 37.40997314453125 -0.6084204112699505 -0.11256539970636367 -0.36328777670860296 339 0.977 0.523 0.518 0.519 39.7309834 32.423061 -0.9368487000465393 23.73768424987793
1753302507527369 23.309911730703007 37.40997314453125 -0.6024084444532583 -0.11256539970636367 -0.36328777670860296 339 0.987 0.523 0.518 0.519 39.7309834 32.423061 -0.9368487000465393 23.73768424987793
1753302507782418 23.219308015756777 37.16998291015625 -0.5933671315631083 -0.11299268752336501 -0.4122355282306671 336 0.972 0.524 0.515 0.520 39.7310795 32.4229997 -0.8765273094177246 23.663349151611328
1753302508005951 23.597827894710626 36.969970703125 -0.5813608664382229 -0.11330666542053223 -0.45330336689949036 334 1 0.524 0.515 0.520 39.7310795 32.4229997 -0.8190763592720032 23.608417510986328
1753302508262152 23.33859815703174 36.760009765625 -0.5660176007248815 -0.1155544638633728 -0.4946286976337433 331 0.956 0.524 0.515 0.520 39.7310795 32.4229997 -0.7871291637420654 23.545333862304688
1753302508519518 23.269259974445312 36.5799560546875 -0.5483792628316155 -0.11636713892221451 -0.5295897722244263 329 0.973 0.524 0.512 0.520 39.7311702 32.4229299 -0.739269495010376 23.474395751953125
1753302508786641 23.269977230783287 36.40997314453125 -0.5283201907993619 -0.11984840184450149 -0.5631190538406372 327 0.974 0.524 0.514 0.520 39.7312566 32.4228541 -0.7382223606109619 23.40719223022461
1753302509010254 23.39283630883401 36.239990234375 -0.5064080066908536 -0.1212188959121704 -0.5911433696746826 326 1 0.524 0.514 0.520 39.7312566 32.4228541 -0.72916179895401 23.363861083984375
1753302509267208 23.018844810536155 36.07000732421875 -0.48299375242851417 -0.11900994181632996 -0.6188035607337952 324 1 0.524 0.514 0.520 39.7312566 32.4228541 -0.6497374773025513 23.338830947875977
1753302509524181 22.856406310171582 35.92999267578125 -0.458441898824533 -0.11570664942264555 -0.6417589783668519 323 1 0.527 0.509 0.521 39.7313404 32.4227726 -0.5673961043357849 23.334983825683594
1753302509525220 22.856406310171582 35.92999267578125 -0.43634523058095 -0.11570664942264555 -0.6417589783668519 323 1 0.527 0.509 0.521 39.7313404 32.4227726 -0.5673961043357849 23.334983825683594
1753302509781045 22.582337651077996 35.78997802734375 -0.41248744372271084 -0.1162791758775711 -0.6601707935333252 322 1 0.524 0.513 0.520 39.7314227 32.4226865 -0.5200566649436951 23.357715606689453
1753302510005692 22.859493772742276 35.65997314453125 -0.38750103840597794 -0.11813727915287017 -0.6763660907745361 321 0.989 0.524 0.513 0.520 39.7314227 32.4226865 -0.5214399695396423 23.391948699951172
1753302510260170 23.44414735423288 35.52996826171875 -0.36169200446636973 -0.11410503983497619 -0.6911627054214478 320 0.969 0.524 0.513 0.520 39.7314227 32.4226865 -0.448388010263443 23.424236297607422
1753302510516081 23.18291690471321 35.44000244140625 -0.3526355383375123 -0.11773795634508133 -0.7313121557235718 318 1 0.373 0.516 0.444 39.731503 32.4225987 -0.3459681570529938 23.43779182434082
1753302510771932 23.343582493123087 35.3299560546875 -0.3838774702768476 -0.13135033398866652 -0.768724799156189 315 1 0.373 0.516 0.444 39.731503 32.4225987 -0.5817166566848755 23.455862045288086
1753302511028640 22.70172520444286 35.13995361328125 -0.43428613619395656 -0.082395900785923 -0.8245742321014404 312 0.967 0.566 0.605 0.541 39.7315774 32.4225033 -0.8988193273544312 23.650392532348633
1753302511286980 21.514772038261608 34.989990234375 -0.4755853105460575 0.006929750926792622 -0.9549493789672853 305 0.995 0.524 0.494 0.520 39.7316346 32.4223849 -0.012541315518319607 24.13849639892578
1753302511511621 22.167948222948585 35.16998291015625 -0.502646579343823 0.06313188970088959 -1.078381061553955 298 1 0.524 0.494 0.520 39.7316346 32.4223849 1.41141939163208 24.383636474609375
1753302511515252 22.167948222948585 35.16998291015625 -0.527001721261812 0.06313188970088959 -1.078381061553955 298 0.981 0.524 0.494 0.520 39.7316346 32.4223849 1.41141939163208 24.383636474609375
1753302511793000 22.155626663977742 35.6199951171875 -0.5423622393001968 0.044236722588539126 -1.1450785398483276 294 1 0.506 0.493 0.512 39.7316744 32.422251 1.6751919984817505 24.38486671447754
1753302512018529 23.043983595361883 35.8800048828125 -0.5525273200920094 -0.042663896828889845 -1.1573618650436401 293 1 0.506 0.493 0.512 39.7316744 32.422251 0.4367186427116394 24.3354549407959
1753302512275683 24.117828416591053 35.79998779296875 -0.5613250419840994 -0.1037933573126793 -1.1905492544174194 291 1 0.517 0.543 0.516 39.731709 32.422116 -0.7398500442504883 24.235776901245117
1753302512531314 23.861457426491434 35.6199951171875 -0.5708411293040915 -0.08359899595379829 -1.2571524381637573 287 0.995 0.517 0.543 0.516 39.731709 32.422116 -0.6199224591255188 24.145700454711914
1753302512534250 23.861457426491434 35.6199951171875 -0.5794056078920845 -0.08359899595379829 -1.2571524381637573 287 0.977 0.517 0.543 0.516 39.731709 32.422116 -0.6199224591255188 24.145700454711914
1753302512788688 23.15199955981911 35.53997802734375 -0.5867459792909102 -0.046331876516342164 -1.3339028358459475 283 1 0.530 0.502 0.522 39.7317294 32.4219789 -0.0369514524936676 24.06173324584961
1753302513013628 22.89635551778644 35.5799560546875 -0.5886361079529294 -0.04077816493809223 -1.3877284526824951 280 1 0.530 0.502 0.522 39.7317294 32.4219789 0.17182162404060364 23.99873924255371
1753302513015231 22.89635551778644 35.5799560546875 -0.5903372237487466 -0.04077816493809223 -1.3877284526824951 280 1 0.530 0.502 0.522 39.7317294 32.4219789 0.17182162404060364 23.99873924255371
1753302513271906 23.400971142607034 35.6099853515625 -0.5855893733564465 -0.0660513438284397 -1.4313708543777466 277 1 0.516 0.517 0.516 39.7317388 32.4218407 -0.0697723776102066 23.917367935180664
1753302513526350 22.649844886908124 35.57000732421875 -0.5777124740895733 -0.0833875685930252 -1.4738568067550661 275 1 0.516 0.517 0.516 39.7317388 32.4218407 -0.28463509678840637 23.817485809326172
1753302513782312 23.328844039451628 35.469970703125 -0.5686670790508781 -0.08615412786602974 -1.517640233039856 273 1 0.526 0.514 0.521 39.7317402 32.4217009 -0.3357335925102234 23.747121810913086
1753302514005827 22.903220084198534 35.38995361328125 -0.5580459788795168 -0.08427047431468963 -1.5564677715301514 270 0.994 0.526 0.514 0.521 39.7317402 32.4217009 -0.28557685017585754 23.70374870300293
1753302514292045 22.63613078598771 35.30999755859375 -0.5443303574939837 -0.08398536890745163 -1.594920039176941 268 1 0.522 0.507 0.519 39.7317336 32.4215624 -0.22637374699115753 23.673809051513672
1753302514515653 23.228147900240966 35.260009765625 -0.5277325293261055 -0.08367385789752006 -1.6294084787368774 266 1 0.522 0.507 0.519 39.7317336 32.4215624 -0.17266544699668884 23.628116607666016
1753302514769778 23.176997050380034 35.219970703125 -0.5085358632360318 -0.0885626494884491 -1.6611919403076172 264 0.957 0.522 0.507 0.519 39.7317336 32.4215624 -0.16836179792881012 23.569538116455078
1753302515026005 22.664641048633683 35.15997314453125 -0.48789721543381387 -0.10116700381040572 -1.686034440994263 263 0.984 0.523 0.515 0.519 39.731721 32.4214267 -0.32040879130363464 23.534242630004883
1753302515286338 22.822182574379696 35.0799560546875 -0.46591926349511537 -0.1006722182035446 -1.7119494676589966 261 0.969 0.527 0.508 0.521 39.731704 32.4212922 -0.33827880024909973 23.51824188232422
1753302515507197 22.390194701970746 35.01995849609375 -0.44301043212393637 -0.09328259229660034 -1.7356550693511963 260 1 0.527 0.508 0.521 39.731704 32.4212922 -0.18746832013130188 23.50823974609375
1753302515764412 22.657638609188368 34.97998046875 -0.41877291583996756 -0.09357783645391463 -1.7547509670257568 259 0.978 0.527 0.508 0.521 39.731704 32.4212922 -0.13081899285316467 23.504117965698242
1753302516021692 23.06497276623125 34.94000244140625 -0.3936411602853097 -0.10014932155609128 -1.7688581943511963 258 0.976 0.524 0.512 0.520 39.7316831 32.4211572 -0.1947227418422699 23.525548934936523
1753302516025306 23.06497276623125 34.94000244140625 -0.3710225802861177 -0.10014932155609128 -1.7688581943511963 258 0.981 0.524 0.512 0.520 39.7316831 32.4211572 -0.1947227418422699 23.525548934936523
1753302516276912 22.482986778804598 34.88995361328125 -0.3474884598436227 -0.10165881663560868 -1.784663200378418 257 1.000 0.524 0.512 0.520 39.7316831 32.4211572 -0.21133722364902496 23.563907623291016
1753302516533491 22.555199254382902 34.8499755859375 -0.3237435097082499 -0.09491682946681976 -1.795566439628601 257 1 0.523 0.509 0.519 39.7316596 32.421022 -0.09061065316200256 23.59415054321289
1753302516535501 22.555199254382902 34.8499755859375 -0.3023730545864144 -0.09491682946681976 -1.795566439628601 257 1 0.523 0.509 0.519 39.7316596 32.421022 -0.09061065316200256 23.59415054321289
1753302516787735 22.434112259396223 34.8399658203125 -0.28030949052801485 -0.09141177386045456 -1.806033730506897 256 0.974 0.521 0.509 0.518 39.7316348 32.4208888 0.004248605575412512 23.591733932495117
1753302517013746 23.06842311849284 34.8299560546875 -0.25798042312232333 -0.09579832702875136 -1.8119091987609866 256 0.981 0.521 0.509 0.518 39.7316348 32.4208888 -0.05830613151192665 23.58250617980957
1753302517015260 23.06842311849284 34.8299560546875 -0.23788426245720098 -0.09579832702875136 -1.8119091987609866 256 0.985 0.521 0.509 0.518 39.7316348 32.4208888 -0.05830613151192665 23.58250617980957
1753302517271216 23.40016075216354 34.79998779296875 -0.2173885759753368 -0.09834184944629669 -1.817063570022583 255 1 0.520 0.509 0.518 39.7316094 32.4207562 -0.13006441295146942 23.58591079711914
1753302517528409 22.93006684840288 34.77996826171875 -0.19726287915936547 -0.09101748913526535 -1.82118821144104 255 0.962 0.520 0.509 0.518 39.7316094 32.4207562 -0.033069223165512085 23.592735290527344
1753302517783754 23.106155824454493 34.77996826171875 -0.1774520860190613 -0.08588781356811524 -1.8221957683563232 255 0.972 0.521 0.508 0.518 39.7315836 32.4206223 0.07115700840950012 23.6094970703125
1753302518007918 23.26134001699934 34.78997802734375 -0.15818265263292994 -0.09237996190786361 -1.8235191106796267 255 1 0.521 0.508 0.518 39.7315836 32.4206223 0.011199709959328175 23.6480770111084
1753302518264448 22.731181845169 34.76995849609375 -0.1394035750691933 -0.09892869740724564 -1.8237884044647217 255 0.986 0.519 0.511 0.517 39.7315579 32.420487 -0.10678493976593018 23.71036148071289
1753302518520666 23.390282494356043 34.75 -0.12120632051511192 -0.0898492693901062 -1.820135474205017 255 1 0.519 0.511 0.517 39.7315579 32.420487 0.01095780823379755 23.77045249938965
1753302518775637 23.040602740898 34.76995849609375 -0.1035720055021368 -0.08399354666471481 -1.816860318183899 255 1 0.519 0.511 0.517 39.7315579 32.420487 0.12520621716976166 23.78206443786621
1753302519031121 22.55863194103293 34.78997802734375 -0.08713820454932951 -0.08520912751555443 -1.8136276006698608 256 1 0.518 0.504 0.517 39.7315334 32.4203527 0.10994688421487808 23.77559471130371
1753302519286399 22.65571073135184 34.79998779296875 -0.07155904213301274 -0.08863984793424606 -1.807355523109436 256 1 0.516 0.512 0.516 39.7315099 32.4202186 0.02875646762549877 23.76964569091797
1753302519509565 23.05624465278145 34.79998779296875 -0.05685079282264649 -0.09103142470121384 -1.8018468618392944 256 0.984 0.516 0.512 0.516 39.7315099 32.4202186 -0.027824508026242256 23.76563262939453
1753302519768870 23.21036389226805 34.79998779296875 -0.04319556596047348 -0.08592846766114234 -1.7955380678176882 257 0.970 0.517 0.505 0.516 39.7314877 32.4200833 0.027632251381874084 23.7624454498291
1753302520023587 22.456263478350575 34.80999755859375 -0.030789689351618285 -0.08318397998809815 -1.7897435426712036 257 0.973 0.517 0.505 0.516 39.7314877 32.4200833 0.08456448465585709 23.770183563232422
1753302520025231 22.456263478350575 34.80999755859375 -0.019624400403648608 -0.08318397998809815 -1.7897435426712036 257 1 0.517 0.505 0.516 39.7314877 32.4200833 0.08456448465585709 23.770183563232422
1753302520281303 22.65401553087832 34.8299560546875 -0.009651917159453027 -0.08518989831209182 -1.7851275205612183 257 0.994 0.517 0.509 0.516 39.7314666 32.4199461 0.06945129483938217 23.809066772460938
1753302520506250 22.680506015778818 34.8399658203125 -0.00060764217963367 -0.08670337796211243 -1.7791721820831299 258 0.968 0.517 0.509 0.516 39.7314666 32.4199461 0.051447540521621704 23.84803009033203
1753302520507285 22.680506015778818 34.8399658203125 0.007532205302203752 -0.08670337796211243 -1.7791721820831299 258 1 0.517 0.509 0.516 39.7314666 32.4199461 0.051447540521621704 23.84803009033203
1753302520784824 22.5938958373456 34.8599853515625 0.01523421134235119 -0.08609989807009698 -1.7727251052856445 258 0.968 0.353 0.506 0.435 39.7314469 32.4198098 0.059136372059583664 23.858701705932617
1753302520785342 22.5938958373456 34.8599853515625 0.02216601677848388 -0.08609989807009698 -1.7727251052856445 258 0.970 0.353 0.506 0.435 39.7314469 32.4198098 0.059136372059583664 23.858701705932617
1753302521010419 22.601006987045857 34.8699951171875 0.02343046046596905 -0.08250761479139328 -1.776582956314087 258 0.993 0.353 0.506 0.435 39.7314469 32.4198098 0.09083054959774017 23.84821319580078
1753302521266611 23.449534462354308 34.90997314453125 -0.010197439396660265 -0.09183864444494247 -1.8055906295776367 256 1 0.353 0.506 0.435 39.7314469 32.4198098 0.18782076239585876 23.802701950073242
1753302521525151 23.39373275191763 34.90997314453125 -0.07126401538039512 -0.0914130464196205 -1.807068943977356 256 0.976 0.563 0.550 0.539 39.7314251 32.4196747 -0.21452395617961884 23.803524017333984
1753302521781592 22.142977096872528 34.8299560546875 -0.12896309501873196 -0.03425705023109912 -1.8486912250518799 254 0.975 0.527 0.493 0.521 39.73139 32.4195428 -0.10523239523172379 23.971837997436523
1753302522006022 21.780411568984228 34.90997314453125 -0.16936072892201012 -0.002856025658547878 -1.9152214527130127 250 1 0.527 0.493 0.521 39.73139 32.4195428 0.7076026201248169 24.10133171081543
1753302522295585 22.207148139516583 35.14996337890625 -0.19706306027995407 -0.02803991548717022 -1.9627385139465332 247 1 0.508 0.513 0.512 39.731344 32.4194138 0.7868849039077759 24.142250061035156
1753302522519979 23.200797357900598 35.260009765625 -0.21963266284132177 -0.07656574398279188 -1.9890676736831665 246 1 0.508 0.513 0.512 39.731344 32.4194138 0.0913032591342926 24.14733123779297
1753302522778959 23.422574576218935 35.2099609375 -0.240476302065231 -0.09030256122350692 -2.0218443870544434 244 1 0.524 0.513 0.520 39.7312934 32.419289 -0.2896343767642975 24.13016128540039
1753302523035447 23.19564983531379 35.15997314453125 -0.2586741701583066 -0.06948991864919661 -2.058624505996704 242 0.982 0.524 0.513 0.520 39.7312934 32.419289 -0.020623475313186646 24.084556579589844
1753302523290445 22.450513490962223 35.19000244140625 -0.27219426236927496 -0.06022533848881721 -2.094621419906616 239 1 0.521 0.504 0.518 39.7312368 32.4191707 0.20159971714019775 24.02260971069336
1753302523515812 23.526135753739453 35.239990234375 -0.2802996182654499 -0.07074440643191338 -2.122204303741455 238 0.976 0.521 0.504 0.518 39.7312368 32.4191707 0.10524719208478928 23.97088050842285
1753302523784073 23.224455798260834 35.25 -0.28418336607940786 -0.08317385166883468 -2.1521663665771484 236 1 0.522 0.513 0.519 39.7311757 32.4190564 -0.0498298741877079 23.90451431274414
1753302524007386 23.32568862947577 35.22998046875 -0.2856242355519038 -0.08542371541261673 -2.1765873432159424 235 0.968 0.522 0.513 0.519 39.7311757 32.4190564 -0.09851108491420746 23.86342430114746
1753302524281669 23.584128934746374 35.2099609375 -0.28450055093885973 -0.08365855067968367 -2.200953245162964 233 0.989 0.522 0.506 0.519 39.7311103 32.4189449 -0.05634317174553871 23.84343910217285
1753302524522027 23.087349045042345 35.2099609375 -0.28056308929313584 -0.08284584432840347 -2.2210752964019775 232 1 0.522 0.506 0.519 39.7311103 32.4189449 0.005650071427226067 23.826980590820312
1753302524525224 23.087349045042345 35.2099609375 -0.2770193738119843 -0.08284584432840347 -2.2210752964019775 232 1 0.522 0.506 0.519 39.7311103 32.4189449 0.005650071427226067 23.826980590820312
1753302524780032 23.24551734208976 35.219970703125 -0.2707581927517393 -0.08619869872927664 -2.242546558380127 231 0.973 0.522 0.506 0.519 39.7311103 32.4189449 -0.004208759870380163 23.806533813476562
1753302525038483 23.398304906348315 35.219970703125 -0.26268594951683333 -0.08828479349613189 -2.257794141769409 230 0.971 0.522 0.506 0.519 39.7310424 32.4188374 -0.02187737450003624 23.773494720458984
1753302525296676 22.94691075756679 35.2099609375 -0.25289462349939984 -0.09451405405998231 -2.275120258331299 229 1 0.523 0.510 0.519 39.7309731 32.4187335 -0.10908724367618561 23.74326515197754
1753302525521940 23.210610752819676 35.19000244140625 -0.24215934284444432 -0.09253745675086976 -2.289058208465576 228 1.000 0.523 0.510 0.519 39.7309731 32.4187335 -0.10587647557258606 23.72590446472168
1753302525779183 22.99469540326388 35.17999267578125 -0.23010174728556676 -0.08778679519891738 -2.30141019821167 228 0.958 0.523 0.510 0.519 39.7309731 32.4187335 -5.536769822356291e-05 23.701873779296875
1753302526036918 23.051525053580782 35.16998291015625 -0.21707228166274015 -0.09436625987291336 -2.310213804244995 227 0.978 0.519 0.508 0.517 39.7309022 32.4186315 -0.08284276723861694 23.69181251525879
1753302526293805 23.153306629314198 35.13995361328125 -0.20344186060796782 -0.09827391356229782 -2.318504571914673 227 0.974 0.520 0.508 0.518 39.7308294 32.4185295 -0.16476184129714966 23.70929527282715
1753302526517409 22.91425306115311 35.1099853515625 -0.18976239248964732 -0.09234182685613633 -2.3256969451904297 226 1 0.520 0.508 0.518 39.7308294 32.4185295 -0.05840395390987396 23.73395538330078
1753302526770758 23.25711669459993 35.1099853515625 -0.17575032310056876 -0.09144471436738967 -2.330199956893921 226 0.984 0.520 0.508 0.518 39.7308294 32.4185295 -0.01149516087025404 23.768573760986328
1753302527025393 23.44711717950718 35.1099853515625 -0.16138894897432499 -0.09310173243284225 -2.3330740928649902 226 0.957 0.519 0.511 0.517 39.7307557 32.418428 -0.0233593862503767 23.797382354736328
1753302527279897 22.867821721035178 35.1099853515625 -0.146942500211877 -0.09139011949300765 -2.337599754333496 226 1 0.519 0.511 0.517 39.7307557 32.418428 -0.020068852230906487 23.796497344970703
1753302527535390 22.752926615152607 35.1199951171875 -0.1330478383047125 -0.08681399673223494 -2.3390214443206787 225 0.966 0.518 0.504 0.517 39.7306826 32.4183279 0.05855829268693924 23.781190872192383
1753302527536434 22.752926615152607 35.1199951171875 -0.12054264258826446 -0.08681399673223494 -2.3390214443206787 225 0.952 0.518 0.504 0.517 39.7306826 32.4183279 0.05855829268693924 23.781190872192383
1753302527789176 23.003196509686752 35.1300048828125 -0.10822126956680123 -0.09127741456031799 -2.3392112255096436 225 1 0.520 0.513 0.518 39.7306097 32.4182281 0.004850624594837427 23.757774353027344
1753302528015046 22.714941045945583 35.1099853515625 -0.09634958649261627 -0.09724541455507278 -2.3386573791503906 226 1 0.520 0.513 0.518 39.7306097 32.4182281 -0.13359718024730682 23.75214958190918
1753302528269135 22.994183641601015 35.0799560546875 -0.08476831435040087 -0.09228091090917587 -2.3369903564453125 226 0.994 0.520 0.513 0.518 39.7306097 32.4182281 -0.07005766034126282 23.776884078979492
1753302528527505 22.607097605958803 35.0799560546875 -0.07373044883944496 -0.08676206693053244 -2.336766004562378 226 1 0.517 0.506 0.516 39.7305362 32.4181267 0.0391978994011879 23.808141708374023
1753302528783088 23.200153651259807 35.0899658203125 -0.06342097777787958 -0.08895279318094253 -2.3364906311035156 226 1 0.517 0.506 0.516 39.7305362 32.4181267 0.050600990653038025 23.845232009887695
1753302529039558 23.40223417384656 35.0999755859375 -0.05344977036414249 -0.09516714811325074 -2.3331072330474854 226 1 0.518 0.513 0.516 39.7304628 32.4180244 -0.05964067205786705 23.876205444335938
1753302529296732 22.618494346246734 35.0899658203125 -0.04373359319833848 -0.0870074100792408 -2.3308255672454834 226 1 0.518 0.499 0.516 39.7303906 32.4179228 0.0210835263133049 23.874895095825195
1753302529521451 23.18657546272842 35.1199951171875 -0.03477557200730979 -0.08228975683450697 -2.326026678085327 226 1 0.518 0.499 0.516 39.7303906 32.4179228 0.12358801066875458 23.849254608154297
1753302529783409 23.13182766425006 35.1300048828125 -0.026527237804601842 -0.09437422901391983 -2.3240396976470947 226 0.984 0.517 0.514 0.516 39.7303192 32.4178208 -0.054511405527591705 23.83024787902832
1753302530008859 23.509694974950143 35.0999755859375 -0.018999637882593505 -0.094900943338871 -2.320244789123535 227 0.964 0.517 0.514 0.516 39.7303192 32.4178208 -0.11573036760091782 23.830717086791992
1753302530300588 22.50885377355942 35.0899658203125 -0.011977588433638124 -0.08373439833521842 -2.3149900436401367 227 1 0.516 0.501 0.516 39.7302478 32.4177173 0.040959641337394714 23.82536506652832
1753302530525307 23.393424478051593 35.1099853515625 -0.005424452094985464 -0.08344213217496872 -2.3130502700805664 227 0.981 0.516 0.501 0.516 39.7302478 32.4177173 0.09303046017885208 23.840927124023438
1753302530781539 22.969278090599957 35.1199951171875 0.00043881593458048874 -0.09523833841085434 -2.3094501495361333 227 0.970 0.516 0.501 0.516 39.7302478 32.4177173 -0.07179918140172958 23.88692855834961
1753302531039673 22.630907646829712 35.0999755859375 0.005909763201882176 -0.0929055392742157 -2.306274890899658 227 1 0.516 0.514 0.516 39.7301764 32.4176122 -0.08134664595127106 23.916709899902344
1753302531296584 22.903585766327385 35.1099853515625 0.010875436968931318 -0.08237297385931015 -2.300841808319092 228 1 0.517 0.502 0.516 39.7301063 32.4175073 0.09948094934225082 23.90749168395996
1753302531520927 22.903585766327385 35.1099853515625 0.015344543359275544 -0.08237297385931015 -2.300841808319092 228 1 0.517 0.502 0.516 39.7301063 32.4175073 0.09948094934225082 23.90749168395996
1753302531776682 23.141411723889934 35.14996337890625 0.01914073915922274 -0.09094933420419693 -2.292762517929077 228 0.985 0.517 0.502 0.516 39.7301063 32.4175073 -0.028113195672631264 23.866914749145508
1753302532035506 23.521365347481286 35.1300048828125 0.022368152215870886 -0.09261583387851714 -2.288257122039795 228 0.982 0.516 0.512 0.516 39.7300371 32.4174022 -0.08894924819469452 23.853178024291992
1753302532293097 23.49409582823449 35.1300048828125 0.025242436773889664 -0.08487687483429907 -2.28326153755188 229 0.972 0.516 0.505 0.516 39.7299682 32.4172956 0.021635837852954865 23.837085723876953
1753302532518761 22.669550267962904 35.13995361328125 0.02773346797881729 -0.08638834655284881 -2.2805647850036626 229 0.993 0.516 0.505 0.516 39.7299682 32.4172956 0.038075435906648636 23.847576141357422
1753302532801903 23.46740901301428 35.13995361328125 0.029553828056975064 -0.09031770676374434 -2.2780449390411377 229 1 0.516 0.510 0.516 39.7298991 32.4171874 -0.010649275034666061 23.881061553955078
1753302533025928 22.651605997084214 35.1300048828125 0.030893230735949153 -0.09027044475078583 -2.273925304412842 229 1 0.516 0.510 0.516 39.7298991 32.4171874 -0.028062351047992706 23.906686782836914
1753302533285458 22.73838257138632 35.1300048828125 0.03211500433059764 -0.08509992733597754 -2.269552230834961 229 1 0.516 0.503 0.516 39.7298312 32.4170795 0.05834999680519104 23.916624069213867
1753302533510367 22.659199190799526 35.14996337890625 0.033117572399725605 -0.08375427946448326 -2.265911102294922 230 1 0.516 0.503 0.516 39.7298312 32.4170795 0.0874454602599144 23.90340232849121
1753302533799824 23.254454570414175 35.15997314453125 0.03360752494581052 -0.08890826404094695 -2.2617342472076416 230 1 0.516 0.509 0.516 39.7297645 32.4169718 0.006403063889592886 23.881315231323242
1753302534025468 22.834392720361397 35.14996337890625 0.03359075619084396 -0.08917112052440643 -2.2585737705230713 230 1 0.516 0.509 0.516 39.7297645 32.4169718 -0.030284306034445763 23.863550186157227
1753302534282383 22.80266795781229 35.14996337890625 0.03323833759846769 -0.08689406365156173 -2.254767656326294 230 0.998 0.516 0.507 0.516 39.7296978 32.416863 -0.004374448210000992 23.852792739868164
1753302534538892 22.741731549817104 35.14996337890625 0.03260453372796609 -0.08882414996623991 -2.251553535461426 231 0.992 0.516 0.507 0.516 39.7296978 32.416863 -0.013781650923192501 23.866147994995117
1753302534795558 23.26465539395918 35.13995361328125 0.03164515063554258 -0.09158276617527009 -2.250621795654297 231 1 0.515 0.511 0.516 39.7296308 32.4167526 -0.04257834330201149 23.90230941772461
1753302535021034 22.848721047012976 35.1300048828125 0.030530950043113923 -0.08877678364515304 -2.2492058277130127 231 0.982 0.515 0.511 0.516 39.7296308 32.4167526 -0.014818237163126469 23.93122673034668
1753302535025143 22.848721047012976 35.1300048828125 0.029528169509928134 -0.08877678364515304 -2.2492058277130127 231 0.995 0.515 0.511 0.516 39.7296308 32.4167526 -0.014818237163126469 23.93122673034668
1753302535279099 23.238504588589134 35.14996337890625 0.028466517226839697 -0.08301875591278075 -2.247999906539917 231 0.986 0.516 0.506 0.516 39.7295646 32.4166429 0.09507928043603897 23.940107345581055
1753302535533950 23.301392945020805 35.16998291015625 0.027230671157191372 -0.08673787787556649 -2.2467083930969243 231 1 0.516 0.506 0.516 39.7295646 32.4166429 0.05141614377498627 23.927278518676758
1753302535534988 23.301392945020805 35.16998291015625 0.026118409694507877 -0.08673787787556649 -2.2467083930969243 231 0.989 0.516 0.506 0.516 39.7295646 32.4166429 0.05141614377498627 23.927278518676758
1753302535785241 22.74295744696599 35.16998291015625 0.025067729762591567 -0.09152443706989288 -2.244187831878662 231 0.997 0.516 0.506 0.516 39.7295646 32.4166429 -0.06059624254703522 23.908933639526367
1753302536038874 23.50377512095893 35.15997314453125 0.024011603734401744 -0.0865779995918274 -2.243016004562378 231 0.962 0.515 0.508 0.516 39.729499 32.4165338 -0.02171577513217926 23.893657684326172
1753302536297263 22.74832763201063 35.17999267578125 0.022837275147296082 -0.08106620162725447 -2.241546630859375 231 1 0.516 0.504 0.516 39.7294335 32.4164242 0.09785379469394684 23.87241554260254
1753302536521586 22.737842497648977 35.199951171875 0.021576670021436 -0.08528697788715361 -2.2395308017730713 231 0.975 0.516 0.504 0.516 39.7294335 32.4164242 0.04921850189566612 23.862646102905273
1753302536525297 22.737842497648977 35.199951171875 0.020442125408161923 -0.08528697788715361 -2.2395308017730713 231 0.971 0.516 0.504 0.516 39.7294335 32.4164242 0.04921850189566612 23.862646102905273
1753302536778175 23.123483083393726 35.199951171875 0.01922498254103295 -0.09057450294494629 -2.239159107208252 231 1 0.516 0.504 0.516 39.7294335 32.4164242 -0.05124596133828163 23.884904861450195
1753302537035483 22.83851507438906 35.17999267578125 0.017980705423261214 -0.08931692242622376 -2.23919939994812 231 1 0.515 0.508 0.516 39.7293675 32.4163132 -0.01942153088748455 23.9058780670166
1753302537292363 22.783734058316483 35.17999267578125 0.016639169067313213 -0.08991080075502395 -2.2388060092926025 231 1 0.516 0.508 0.516 39.7293015 32.4162022 -0.015353210270404816 23.931657791137695
1753302537512845 23.270755115379096 35.17999267578125 0.01531008269615764 -0.0879760518670082 -2.238529920578003 231 1 0.516 0.508 0.516 39.7293015 32.4162022 0.009623461402952671 23.927778244018555
1753302537514856 23.270755115379096 35.17999267578125 0.014113904962117625 -0.0879760518670082 -2.238529920578003 231 0.957 0.516 0.508 0.516 39.7293015 32.4162022 0.009623461402952671 23.927778244018555
1753302537796660 23.23088956189425 35.199951171875 0.01284896048205732 -0.08564329966902733 -2.2379631996154785 231 0.971 0.516 0.505 0.516 39.7292363 32.4160925 0.04101995751261711 23.90566062927246
1753302538018879 22.982230266889133 35.2099609375 0.011652778386424607 -0.08691461235284804 -2.2383759021759033 231 1 0.516 0.505 0.516 39.7292363 32.4160925 0.026856282725930214 23.889245986938477
1753302538277516 22.732813011364225 35.199951171875 0.0105413086117493 -0.09121933579444885 -2.2375848293304443 231 0.979 0.516 0.508 0.516 39.7291712 32.4159829 -0.056863024830818176 23.867937088012695
1753302538535404 22.72409062675861 35.199951171875 0.009451127534279544 -0.08723428547382354 -2.23763918876648 231 1 0.516 0.508 0.516 39.7291712 32.4159829 -0.015020661056041718 23.85537338256836
1753302538785562 23.319453521933877 35.199951171875 0.008454447112290698 -0.08629829734563826 -2.2385025024414062 231 0.980 0.516 0.508 0.516 39.7291712 32.4159829 0.026623284444212914 23.862863540649414
1753302539043536 22.70060514895088 35.199951171875 0.007459577875618164 -0.08950117230415343 -2.238085985183716 231 1 0.514 0.509 0.515 39.7291052 32.4158718 -0.008464649319648743 23.883235931396484
1753302539045048 22.70060514895088 35.199951171875 0.006564195562612884 -0.08950117230415343 -2.238085985183716 231 0.956 0.514 0.509 0.515 39.7291052 32.4158718 -0.008464649319648743 23.883235931396484
1753302539295831 23.417135401486092 35.199951171875 0.005559871238510494 -0.08725173100829124 -2.239039421081543 231 0.992 0.516 0.503 0.516 39.7290393 32.415761 0.01693447306752205 23.902667999267578
1753302539518210 23.158241280910662 35.2099609375 0.004478298133573549 -0.08375529646873475 -2.238553285598755 231 1 0.516 0.503 0.516 39.7290393 32.415761 0.09332537651062012 23.89582633972168
1753302539806918 23.477409978360864 35.22998046875 0.0035674104520335356 -0.09045333862304687 -2.2387213706970215 231 0.996 0.516 0.513 0.516 39.7289741 32.4156516 -0.001993706449866295 23.87583351135254
1753302540027336 22.704295538488395 35.2099609375 0.0027976892191458845 -0.09365406483411788 -2.239874839782715 231 0.951 0.516 0.513 0.516 39.7289741 32.4156516 -0.10893391072750092 23.862497329711914
1753302540283712 23.407280385836163 35.17999267578125 0.0020985650668253696 -0.08455400988459587 -2.240140676498413 231 1 0.517 0.502 0.516 39.7289089 32.4155423 0.006836254149675369 23.843645095825195
1753302540537830 23.359310905297665 35.199951171875 0.0013528137229123888 -0.0819997489452362 -2.240892887115479 231 1 0.517 0.502 0.516 39.7289089 32.4155423 0.08875957131385803 23.824743270874023
1753302540793532 23.3262358904876 35.2099609375 0.00085142909729384 -0.09056350886821746 -2.2414138317108154 231 1 0.516 0.512 0.516 39.728843 32.4154321 -0.04551346227526665 23.82837677001953
1753302541015969 22.896569789752952 35.19000244140625 0.0004270453972196812 -0.09092922359704972 -2.2412161827087402 231 0.977 0.516 0.512 0.516 39.728843 32.4154321 -0.0806729719042778 23.852514266967773
1753302541303365 23.23761713952535 35.19000244140625 0.0001370101499998183 -0.08138437271118164 -2.2417657375335693 231 1 0.516 0.507 0.516 39.7287766 32.4153212 0.10480295866727829 23.877052307128906
1753302541527406 23.481795301381563 35.2099609375 -3.014033378047246e-05 -0.08900217264890671 -2.242004156112671 231 1 0.516 0.507 0.516 39.7287766 32.4153212 0.02635655552148819 23.907306671142578
1753302541792685 23.319741880593924 35.2099609375 -0.0003250751116056666 -0.08942043781280518 -2.243529796600342 231 0.991 0.517 0.504 0.516 39.7287109 32.4152115 -0.01283121109008789 23.909502029418945
1753302542016315 22.538138720067266 35.2099609375 -0.0005675375405188882 -0.0842600330710411 -2.2422943115234375 231 0.984 0.517 0.504 0.516 39.7287109 32.4152115 0.050645068287849426 23.895492553710938
1753302542302580 22.628483468174306 35.22998046875 -0.0006795424288610951 -0.08640468642115594 -2.2417988777160645 231 1 0.714 0.510 0.614 39.7286455 32.4151024 0.04303273186087608 23.876392364501953
1753302542524765 22.96552536531817 35.22998046875 -0.0004777898796327712 -0.09196616113185882 -2.241279363632202 231 1 0.714 0.510 0.614 39.7286455 32.4151024 -0.07105880975723267 23.864055633544922
1753302542778744 23.30973481133342 35.2099609375 0.023497114443070195 -0.09636703580617904 -2.2068631649017334 233 1 0.606 0.551 0.561 39.728581 32.4149907 -0.012322603724896908 23.860681533813477
1753302543026501 23.69510847008949 35.2099609375 0.08308247017558203 -0.10533656477928163 -2.1846420764923096 234 1 0.606 0.551 0.561 39.728581 32.4149907 -0.1403135359287262 23.90262222290039
1753302543280609 22.880701258743233 35.1199951171875 0.16553134426172897 -0.07247951477766036 -2.1233789920806885 238 0.970 0.606 0.551 0.561 39.728581 32.4149907 -0.5650720000267029 24.14971923828125
1753302543535310 22.252647171741266 35.010009765625 0.23973533093926122 0.0057768488302826874 -1.9861338138580322 246 0.967 0.487 0.618 0.502 39.7285299 32.4148652 -0.13092075288295746 24.7386531829834
1753302543789383 22.313111168952723 35.199951171875 0.30620173734423645 0.09696577489376067 -1.7958824634552002 257 1 0.487 0.618 0.502 39.7285299 32.4148652 1.6041067838668823 25.341411590576172
1753302544044673 23.032905854873167 35.76995849609375 0.3612041126668197 0.13631827980279923 -1.664264440536499 264 0.963 0.506 0.462 0.511 39.7285114 32.4147211 2.807995080947876 25.365915298461914
1753302544299145 23.04036110471394 36.47998046875 0.40639436700759013 0.08030467405915259 -1.619675636291504 267 0.986 0.532 0.504 0.524 39.728515 32.4145752 2.2107620239257812 25.20393943786621
1753302544523687 23.086768899432307 36.80999755859375 0.44390834980146004 -0.024101316183805465 -1.6165961027145386 267 0.974 0.532 0.504 0.524 39.728515 32.4145752 0.5094961524009705 25.009807586669922
1753302544524782 23.086768899432307 36.80999755859375 0.477670934315943 -0.024101316183805465 -1.6165961027145386 267 1 0.532 0.504 0.524 39.728515 32.4145752 0.5094961524009705 25.009807586669922
1753302544787070 24.051221502418493 36.760009765625 0.5090353487578838 -0.08089091703295706 -1.5730265378952029 269 1 0.516 0.551 0.516 39.7285232 32.414431 -0.6748371720314026 24.736671447753906
1753302545036991 24.10465109882124 36.57000732421875 0.5396480439884492 -0.06781337410211563 -1.492002248764038 274 1 0.516 0.551 0.516 39.7285232 32.414431 -0.6984941959381104 24.5836181640625
1753302545038000 24.10465109882124 36.57000732421875 0.567199469695958 -0.06781337410211563 -1.492002248764038 274 0.997 0.516 0.551 0.516 39.7285232 32.414431 -0.6984941959381104 24.5836181640625
1753302545293305 23.41162097643648 36.44000244140625 0.5918195793841534 -0.03875996172428131 -1.391639232635498 280 1 0.506 0.520 0.512 39.7285498 32.4142912 -0.2707687318325043 24.530969619750977
1753302545516474 22.7131555171128 36.42999267578125 0.6105319455099928 -0.023816599324345586 -1.3084129095077517 285 0.971 0.506 0.520 0.512 39.7285498 32.4142912 0.03956243768334389 24.50834846496582
1753302545805544 22.603250894553 36.469970703125 0.6226593668609406 -0.027193006500601767 -1.2334797382354739 289 1 0.515 0.506 0.516 39.7285925 32.4141613 0.14040729403495789 24.396188735961914
1753302546029899 22.794467558456773 36.489990234375 0.6335740460767936 -0.027193006500601767 -1.2334797382354739 292 0.956 0.515 0.506 0.516 39.7285925 32.4141613 -0.06974459439516068 24.233654022216797
1753302546284828 23.283177004015958 36.42999267578125 0.6366403139067821 -0.06929857060313224 -1.1222338676452637 295 0.976 0.515 0.506 0.516 39.7285925 32.4141613 -0.3856244385242462 24.042203903198242
1753302546541607 23.436533701958094 36.32000732421875 0.6369861754566252 -0.08321619555354118 -1.0731011629104614 298 1 0.513 0.522 0.515 39.7286448 32.4140401 -0.6161288022994995 23.890235900878906
1753302546800201 22.729914721233577 36.14996337890625 0.634699987720533 -0.08605500906705855 -1.014101266860962 301 0.989 0.508 0.517 0.512 39.728706 32.4139269 -0.6594966650009155 23.7648983001709
1753302547024888 23.44400269052398 36.0 0.629436624662057 -0.08361597210168838 -0.9613875150680542 304 1 0.508 0.517 0.512 39.728706 32.4139269 -0.5820618271827698 23.688621520996094
1753302547279764 23.301336596272925 35.8599853515625 0.6203463190340777 -0.08358325585722923 -0.9099997282028198 307 0.997 0.508 0.517 0.512 39.728706 32.4139269 -0.5035511255264282 23.646474838256836
1753302547535542 22.79951503680759 35.739990234375 0.6076981049964232 -0.08928881138563155 -0.8679414391517639 310 0.954 0.507 0.514 0.512 39.7287759 32.4138218 -0.5188621878623962 23.618122100830078
1753302547807149 23.23077587568594 35.5899658203125 0.5917706151773992 -0.09230893850326537 -0.8257821798324585 312 1 0.507 0.512 0.512 39.7288514 32.4137251 -0.5133244395256042 23.576576232910156
1753302548029440 23.363802281489033 35.469970703125 0.5734104388925847 -0.09601726979017257 -0.789186418056488 314 0.985 0.507 0.512 0.512 39.7288514 32.4137251 -0.4990808069705963 23.517141342163086
1753302548285408 22.82742854646797 35.3399658203125 0.5525960839366988 -0.0996885821223259 -0.7544333934783936 316 1 0.506 0.514 0.511 39.7289303 32.4136359 -0.5181089043617249 23.462486267089844
1753302548539399 22.959380723461074 35.219970703125 0.5297953024425573 -0.09941181093454361 -0.7250012159347534 318 1 0.506 0.514 0.511 39.7289303 32.4136359 -0.48759227991104126 23.42344093322754
1753302548792888 22.772491828663185 35.0999755859375 0.5047822745071472 -0.09788884967565536 -0.6965723037719727 320 0.970 0.506 0.514 0.511 39.7289303 32.4136359 -0.4106399118900299 23.392473220825195
1753302549047585 22.924509613992306 35.0 0.4781795368874032 -0.09888019412755966 -0.6730801463127137 321 0.996 0.505 0.512 0.511 39.7290128 32.4135518 -0.3674244284629822 23.388216018676758
1753302549301128 22.329360287697323 34.89996337890625 0.4502635472670757 -0.09853343218564986 -0.6538345813751221 322 1 0.506 0.510 0.511 39.7290985 32.4134707 -0.3439801037311554 23.414161682128906
1753302549525431 22.910756688797232 34.82000732421875 0.42144176277419 -0.09422202259302138 -0.6376688480377197 323 1 0.506 0.510 0.511 39.7290985 32.4134707 -0.23541449010372162 23.449142456054688
1753302549780639 22.884882717990706 34.75 0.39167023670286 -0.09498663246631622 -0.6233665943145752 324 1 0.506 0.510 0.511 39.7290985 32.4134707 -0.20294788479804993 23.488723754882812
1753302550046733 22.350388227216325 34.699951171875 0.36167973478087834 -0.09416894018650054 -0.6132637262344361 324 0.959 0.509 0.511 0.513 39.7291853 32.4133924 -0.18401718139648438 23.5024356842041
1753302550303001 22.645577454742167 34.64996337890625 0.3316842868129824 -0.08916056454181671 -0.603905439376831 325 1 0.377 0.484 0.446 39.7292723 32.413316 -0.10151689499616623 23.509780883789062
1753302550526432 23.184547559712506 34.6199951171875 0.28754816912416353 -0.10361164212226866 -0.6253968477249146 324 0.951 0.377 0.484 0.446 39.7292723 32.413316 -0.18318651616573334 23.515716552734375
1753302550784109 23.365762115156272 34.5 0.20788760002974033 -0.15501419752836226 -0.6359845399856567 323 1 0.509 0.599 0.513 39.729357 32.4132347 -0.8177260756492615 23.526065826416016
1753302551041708 23.99262328281385 34.19000244140625 0.09931956246367118 -0.1677861019968986 -0.6617003679275513 322 1 0.509 0.599 0.513 39.729357 32.4132347 -1.6531583070755005 23.641738891601562
1753302551044729 23.99262328281385 34.19000244140625 0.0016083286542089743 -0.1677861019968986 -0.6617003679275513 322 1 0.509 0.599 0.513 39.729357 32.4132347 -1.6531583070755005 23.641738891601562
1753302551299630 23.294545871557474 33.67999267578125 -0.08930962531491705 -0.10572627037763593 -0.7869171500205994 314 0.988 0.508 0.644 0.512 39.729429 32.4131279 -1.9487061500549316 24.164165496826172
1753302551524744 22.85027271438494 33.3399658203125 -0.1711357838871305 -0.014833329059183598 -0.9936960935592651 303 0.999 0.508 0.644 0.512 39.729429 32.4131279 -0.7225253582000732 25.131723403930664
1753302551525126 22.85027271438494 33.3399658203125 -0.24477932660212257 -0.014833329059183598 -0.9936960935592651 303 1 0.508 0.644 0.512 39.729429 32.4131279 -0.7225253582000732 25.131723403930664
1753302551526157 22.85027271438494 33.3399658203125 -0.3110585150456155 -0.014833329059183598 -0.9936960935592651 303 0.952 0.508 0.644 0.512 39.729429 32.4131279 -0.7225253582000732 25.131723403930664
1753302551781839 23.239324083178435 33.47998046875 -0.3707097846447591 0.08218818679451942 -1.2345662117004395 289 0.952 0.508 0.644 0.512 39.7294627 32.4129837 1.4656256437301636 25.80188751220703
1753302552035734 23.419724799152323 34.01995849609375 -0.42439592728398834 0.11894837915897369 -1.3877557516098022 280 0.974 0.513 0.481 0.515 39.7294627 32.4129837 2.4532299041748047 25.87181854248047
1753302552039793 23.419724799152323 34.01995849609375 -0.4727134556592947 0.11894837915897369 -1.3877557516098022 280 0.966 0.513 0.481 0.515 39.7294627 32.4129837 2.4532299041748047 25.87181854248047
1753302552290970 24.047497139751332 34.6199951171875 -0.5161992311970703 0.07609438598155975 -1.4537354707717896 276 0.985 0.513 0.481 0.515 39.7294627 32.4129837 1.8137385845184326 25.92931365966797
1753302552548096 24.162777738934036 34.92999267578125 -0.5553364291810684 0.017109608836472032 -1.4952077865600586 274 0.958 0.511 0.534 0.514 39.7294672 32.412833 0.6839895248413086 25.969755172729492
1753302552805373 24.291507054140535 35.01995849609375 -0.5905599073666669 -0.006010590307414531 -1.5873780250549319 269 1 0.510 0.533 0.513 39.7294571 32.4126841 0.1323632150888443 25.84992218017578
1753302553028944 23.74048050188955 35.04998779296875 -0.6222610377337052 -0.011847425438463687 -1.6916944980621338 263 1 0.510 0.533 0.513 39.7294571 32.4126841 0.024206746369600296 25.642431259155273
1753302553030946 23.74048050188955 35.04998779296875 -0.6507920550640399 -0.011847425438463687 -1.6916944980621338 263 0.956 0.510 0.533 0.513 39.7294571 32.4126841 0.024206746369600296 25.642431259155273
1753302553280048 23.521698100596346 35.03997802734375 -0.6764699706613412 -0.02280663326382637 -1.799182415008545 256 1 0.511 0.541 0.514 39.7294238 32.4125418 -0.17618899047374725 25.44097137451172
1753302553530285 23.853072513680928 34.97998046875 -0.6995800946989124 -0.03505254834890366 -1.8990529775619507 251 1 0.511 0.541 0.514 39.7294238 32.4125418 -0.388573557138443 25.289804458618164
1753302553532289 23.853072513680928 34.97998046875 -0.7203792063327262 -0.03505254834890366 -1.8990529775619507 251 1 0.511 0.541 0.514 39.7294238 32.4125418 -0.388573557138443 25.289804458618164
1753302553781888 24.125859001350623 34.8699951171875 -0.7390984068031589 -0.044045275449752806 -2.0101699829101562 244 0.968 0.509 0.539 0.513 39.7293693 32.4124133 -0.5532821416854858 25.129161834716797
1753302554031654 23.555179437428837 34.72998046875 -0.7559456872265482 -0.053456038236618035 -2.1114342212677 239 0.964 0.509 0.539 0.513 39.7293693 32.4124133 -0.698499321937561 24.962493896484375
1753302554032738 23.555179437428837 34.72998046875 -0.7711082396075987 -0.053456038236618035 -2.1114342212677 239 0.961 0.509 0.539 0.513 39.7293693 32.4124133 -0.698499321937561 24.962493896484375
1753302554033708 23.555179437428837 34.72998046875 -0.784754536750544 -0.053456038236618035 -2.1114342212677 239 0.971 0.509 0.539 0.513 39.7293693 32.4124133 -0.698499321937561 24.962493896484375
1753302554280952 23.260876903495305 34.53997802734375 -0.7970362041791947 -0.06564553305506705 -2.220810651779175 232 1 0.509 0.539 0.513 39.7293693 32.4124133 -0.8988226056098938 24.7694149017334
1753302554531082 24.054504844114646 34.3299560546875 -0.8080897048649806 -0.0714413046836853 -2.323881149291992 226 0.995 0.509 0.543 0.513 39.7292974 32.4123053 -1.0213327407836914 24.602191925048828
1753302554536636 24.054504844114646 34.3299560546875 -0.8180378554821877 -0.0714413046836853 -2.323881149291992 226 1 0.509 0.543 0.513 39.7292974 32.4123053 -1.0213327407836914 24.602191925048828
1753302554781597 23.921992542028807 34.07000732421875 -0.8269911910376742 -0.07798093929886818 -2.4370853900909424 220 1 0.513 0.544 0.515 39.7292107 32.412221 -1.1060465574264526 24.43566131591797
1753302555028776 23.943817575139605 33.79998779296875 -0.8350491930376118 -0.08518275842070579 -2.5400171279907227 214 0.963 0.513 0.544 0.515 39.7292107 32.412221 -1.2127982378005981 24.295631408691406
1753302555030756 23.943817575139605 33.79998779296875 -0.8423013948375558 -0.08518275842070579 -2.5400171279907227 214 0.999 0.513 0.544 0.515 39.7292107 32.412221 -1.2127982378005981 24.295631408691406
1753302555308708 23.474221626193103 33.47998046875 -0.8488283764575055 -0.08684882000088691 -2.6494998931884766 208 0.977 0.518 0.536 0.517 39.7291126 32.4121624 -1.269417405128479 24.16154670715332
1753302555528368 23.367072510190866 33.15997314453125 -0.8547026599154602 -0.09113416820764542 -2.748056650161743 202 1 0.518 0.536 0.517 39.7291126 32.4121624 -1.2937586307525635 24.056167602539062
1753302555530366 23.367072510190866 33.15997314453125 -0.8599895150276194 -0.09113416820764542 -2.748056650161743 202 0.995 0.518 0.536 0.517 39.7291126 32.4121624 -1.2937586307525635 24.056167602539062
1753302555779206 23.539144488613122 32.79998779296875 -0.8646128097902689 -0.09848828762769699 -2.849294662475586 196 0.959 0.523 0.532 0.519 39.7290076 32.4121303 -1.3392213582992554 23.938831329345703
1753302556027505 23.351378476976066 32.449951171875 -0.865320478653695 -0.10873567461967469 -2.9328570365905766 191 0.992 0.523 0.532 0.519 39.7290076 32.4121303 -1.451027274131775 23.80553436279297
1753302556028476 23.351378476976066 32.449951171875 -0.8659573806307785 -0.10873567461967469 -2.9328570365905766 191 1 0.523 0.532 0.519 39.7290076 32.4121303 -1.451027274131775 23.80553436279297
1753302556030136 23.351378476976066 32.449951171875 -0.8665305924101538 -0.10873567461967469 -2.9328570365905766 191 0.968 0.523 0.532 0.519 39.7290076 32.4121303 -1.451027274131775 23.80553436279297
1753302556308508 23.886006632258937 32.03997802734375 -0.8624547974780679 -0.11575448513031004 -3.0192718505859375 187 1 0.524 0.526 0.520 39.7289023 32.4121218 -1.5090749263763428 23.63350486755371
1753302556525925 23.366503804906557 31.65997314453125 -0.8542873254283202 -0.12204311788082123 -3.094364643096924 182 0.974 0.524 0.526 0.520 39.7289023 32.4121218 -1.5259058475494385 23.469202041625977
1753302556526945 23.366503804906557 31.65997314453125 -0.8469366005835472 -0.12204311788082123 -3.094364643096924 182 1 0.524 0.526 0.520 39.7289023 32.4121218 -1.5259058475494385 23.469202041625977
1753302556527920 23.366503804906557 31.65997314453125 -0.8403209482232517 -0.12204311788082123 -3.094364643096924 182 0.959 0.524 0.526 0.520 39.7289023 32.4121218 -1.5259058475494385 23.469202041625977
1753302556805785 23.402895534740125 31.25 -0.8290727944314289 -0.12963420450687407 3.1141421794891357 178 1 0.527 0.526 0.521 39.7287987 32.4121331 -1.5454472303390503 23.303878784179688
1753302557022580 23.004155556003575 30.8599853515625 -0.8139319251006671 -0.13383039534091948 3.0503218173980713 174 1 0.527 0.526 0.521 39.7287987 32.4121331 -1.5366714000701904 23.17096710205078
1753302557025096 23.004155556003575 30.8599853515625 -0.8003051427029814 -0.13383039534091948 3.0503218173980713 174 1 0.527 0.526 0.521 39.7287987 32.4121331 -1.5366714000701904 23.17096710205078
1753302557305177 22.717288814055312 30.449951171875 -0.7822253060659687 -0.13443791717290876 2.9859402179718018 171 0.993 0.527 0.522 0.521 39.7286972 32.4121609 -1.4562979936599731 23.06127166748047
1753302557526108 23.075605189429638 30.0799560546875 -0.7605582790661682 -0.1344708576798439 2.9301135540008545 167 0.964 0.527 0.522 0.521 39.7286972 32.4121609 -1.3515758514404297 23.01176643371582
1753302557528085 23.075605189429638 30.0799560546875 -0.7410579547663477 -0.1344708576798439 2.9301135540008545 167 0.953 0.527 0.522 0.521 39.7286972 32.4121609 -1.3515758514404297 23.01176643371582
1753302557802235 22.96389081146974 29.7099609375 -0.7178990744394017 -0.1331096887588501 2.8771972656250004 164 1 0.527 0.523 0.521 39.7285977 32.4122022 -1.2394465208053589 22.9998722076416
1753302558021195 23.08272722115681 29.38995361328125 -0.6919356765903788 -0.12975640147924425 2.8338160514831543 162 1 0.527 0.523 0.521 39.7285977 32.4122022 -1.1227896213531494 23.015600204467773
1753302558023216 23.08272722115681 29.38995361328125 -0.6685686185262582 -0.12975640147924425 2.8338160514831543 162 1 0.527 0.523 0.521 39.7285977 32.4122022 -1.1227896213531494 23.015600204467773
1753302558302776 22.95114981852975 29.0999755859375 -0.6421261019380671 -0.12255378961563108 2.7890512943267822 159 0.951 0.556 0.516 0.536 39.7285019 32.4122533 -0.9188450574874878 23.032546997070312
1753302558521318 22.686708681599782 28.8800048828125 -0.6121544915621087 -0.11553344577550888 2.7558579444885254 157 0.999 0.556 0.516 0.536 39.7285019 32.4122533 -0.7576079368591309 23.040332794189453
1753302558523317 22.686708681599782 28.8800048828125 -0.585180042223746 -0.11553344577550888 2.7558579444885254 157 1 0.556 0.516 0.536 39.7285019 32.4122533 -0.7576079368591309 23.040332794189453
1753302558804605 22.683841978201638 28.69000244140625 -0.5500449356764088 -0.11144636124372481 2.730834484100342 156 0.970 0.539 0.507 0.527 39.7284087 32.4123105 -0.6113324761390686 23.04656410217285
1753302559050660 23.129401916001413 28.55999755859375 -0.5069007531401095 -0.10884227752685546 2.7114124298095703 155 1 0.539 0.507 0.527 39.7284087 32.4123105 -0.4373006522655487 23.045129776000977
1753302559307349 22.627816887441732 28.44000244140625 -0.45829995995133316 -0.10968749672174453 2.695542573928833 154 0.976 0.535 0.517 0.525 39.7283153 32.4123693 -0.36663514375686646 23.052370071411133
1753302559531389 23.10541396385263 28.3299560546875 -0.40810298569830533 -0.11267897039651871 2.689719676971436 154 0.962 0.535 0.517 0.525 39.7283153 32.4123693 -0.4112571179866791 23.107004165649414
1753302559799239 22.572959756059927 28.2099609375 -0.35683364627807396 -0.10473583340644835 2.6925852298736572 154 0.983 0.531 0.515 0.523 39.7282198 32.4124272 -0.3090895414352417 23.20709800720215
1753302560023147 22.647055438665582 28.13995361328125 -0.30531251243992796 -0.09101894944906236 2.702024221420288 154 0.950 0.531 0.515 0.523 39.7282198 32.4124272 -0.0956282913684845 23.304636001586914
1753302560024657 22.647055438665582 28.13995361328125 -0.25894349198559663 -0.09101894944906236 2.702024221420288 154 1 0.531 0.515 0.523 39.7282198 32.4124272 -0.0956282913684845 23.304636001586914
1753302560310212 22.498905010279216 28.1199951171875 -0.2122446600885964 -0.08227619677782058 2.7129056453704834 155 0.976 0.527 0.515 0.521 39.7281232 32.4124811 0.045227013528347015 23.392324447631836
1753302560535050 22.462434950190367 28.1300048828125 -0.16678475477919968 -0.0797778032720089 2.7274422645568848 156 0.962 0.527 0.515 0.521 39.7281232 32.4124811 0.07076630741357803 23.460371017456055
1753302560791216 22.430690020331657 28.13995361328125 -0.12282219653093211 -0.0763600692152977 2.7459261417388916 157 0.970 0.522 0.514 0.519 39.728025 32.4125296 0.0816919356584549 23.532461166381836
1753302561046618 22.24366273717637 28.16998291015625 -0.08099278025117568 -0.06768075674772263 2.768101215362549 158 1 0.522 0.514 0.519 39.728025 32.4125296 0.19443225860595703 23.588022232055664
1753302561303401 22.07843178684268 28.22998046875 -0.04177738915938483 -0.06028862223029136 2.792440176010132 159 1 0.521 0.512 0.518 39.7279242 32.4125718 0.30580776929855347 23.63675880432129
1753302561527185 22.58140034527975 28.29998779296875 -0.005272227743789675 -0.06276716068387031 2.8146138191223145 161 1 0.521 0.512 0.518 39.7279242 32.4125718 0.271760493516922 23.683748245239258
1753302561813351 22.82726377104189 28.3599853515625 0.02813785831374664 -0.06390868797898293 2.8413681983947754 162 0.971 0.519 0.514 0.517 39.7278203 32.4126077 0.24442236125469208 23.75935173034668
1753302562039920 22.27449558784423 28.41998291015625 0.058817701580310515 -0.060004445165395735 2.8667705059051514 164 1 0.519 0.514 0.517 39.7278203 32.4126077 0.3061188757419586 23.823055267333984
1753302562295157 22.964363773403022 28.5 0.08696588311390697 -0.05698710307478905 2.89593768119812 165 0.983 0.516 0.510 0.516 39.7277149 32.4126361 0.36387208104133606 23.876981735229492
1753302562535406 23.03434051113436 28.5899658203125 0.11242973596271831 -0.056371194869279856 2.9212265014648438 167 1 0.516 0.510 0.516 39.7277149 32.4126361 0.38285598158836365 23.89430046081543
1753302562791307 22.37978392858169 28.699951171875 0.1347565155364599 -0.05472700670361519 2.948967695236206 168 0.968 0.516 0.510 0.516 39.7277149 32.4126361 0.39282792806625366 23.882375717163086
1753302563047343 22.936748906771065 28.77996826171875 0.15398886213936144 -0.05847322270274162 2.9740123748779297 170 1 0.517 0.508 0.516 39.7276097 32.4126569 0.3339719772338867 23.86360740661621
1753302563302524 22.739716733105077 28.8599853515625 0.17050784298990132 -0.06395326405763625 3.000220775604248 171 1 0.516 0.509 0.516 39.727504 32.4126708 0.24727940559387207 23.848352432250977
1753302563527202 22.681828272544934 28.91998291015625 0.18475374402893152 -0.05994352921843529 3.0265386104583745 173 1 0.516 0.509 0.516 39.727504 32.4126708 0.2883114218711853 23.826398849487305
1753302563786553 22.696085972158073 28.989990234375 0.1964700325336388 -0.06322550624608994 3.0514228343963623 174 1 0.516 0.514 0.516 39.7273965 32.412678 0.2781790494918823 23.828739166259766
1753302564043004 22.356076246787268 29.03997802734375 0.20559738612231593 -0.06863377317786216 3.072594404220581 176 0.971 0.516 0.514 0.516 39.7273965 32.412678 0.1849965751171112 23.846281051635742
1753302564044592 22.356076246787268 29.03997802734375 0.21381200435212538 -0.06863377317786216 3.072594404220581 176 0.983 0.516 0.514 0.516 39.7273965 32.412678 0.1849965751171112 23.846281051635742
1753302564315168 22.424975083948514 29.0799560546875 0.21985013260648806 -0.06523456424474716 3.097706556320191 177 0.978 0.514 0.505 0.515 39.7272892 32.412679 0.24105091392993927 23.85304832458496
1753302564553139 22.476177285456927 29.13995361328125 0.22426418042963292 -0.062357839941978445 3.117798328399658 178 1 0.514 0.505 0.515 39.7272892 32.412679 0.30815139412879944 23.836755752563477
1753302564554649 22.476177285456927 29.13995361328125 0.22823682347046328 -0.062357839941978445 3.117798328399658 178 1 0.514 0.505 0.515 39.7272892 32.412679 0.30815139412879944 23.836755752563477
1753302564810106 22.90583101255952 29.2099609375 0.23043305205500417 -0.06852185055613516 3.1390037536621094 179 1 0.515 0.512 0.516 39.7271834 32.4126747 0.22529497742652893 23.803512573242188
1753302565034603 23.18274122930316 29.25 0.23100745553251767 -0.07264736220240592 -3.1258175373077393 180 0.962 0.515 0.512 0.516 39.7271834 32.4126747 0.1373814344406128 23.775283813476562
1753302565291622 22.9304195556206 29.28997802734375 0.23016994185277817 -0.07155064567923546 -3.105135917663574 182 0.985 0.515 0.512 0.516 39.7271834 32.4126747 0.1516955941915512 23.746204376220703
1753302565550634 23.24955394098306 29.32000732421875 0.22799390244807896 -0.0715450756251812 -3.0887756347656254 183 0.960 0.513 0.508 0.515 39.7270778 32.4126655 0.1467672735452652 23.721080780029297
1753302565789533 22.616886246185764 29.3499755859375 0.22449089904123037 -0.07323255687952042 -3.0719330310821538 184 1 0.513 0.508 0.515 39.7270778 32.4126655 0.14038433134555817 23.706924438476562
1753302566045256 22.609729084569995 29.3699951171875 0.2199790923550143 -0.07430017665028571 -3.0572621822357178 184 0.974 0.513 0.509 0.515 39.7269717 32.4126518 0.1227431446313858 23.71227264404297
1753302566303995 22.410818931778437 29.39996337890625 0.21439272601196896 -0.07486510947346686 -3.0431203842163086 185 0.982 0.512 0.507 0.514 39.7268656 32.4126344 0.13727180659770966 23.73240852355957
1753302566527474 22.946230663325032 29.44000244140625 0.2079122284542596 -0.07429210320115089 -3.028918981552124 186 1 0.512 0.507 0.514 39.7268656 32.4126344 0.15422625839710236 23.731243133544922
1753302566784787 23.156672787535754 29.47998046875 0.20043328429678758 -0.07579041123390198 -3.0175156593322754 187 1 0.512 0.511 0.514 39.7267608 32.4126141 0.14174440503120422 23.712390899658203
1753302567041088 22.982818198449657 29.5 0.19246265836435272 -0.07898802906274796 -3.0074875354766846 187 1 0.512 0.511 0.514 39.7267608 32.4126141 0.07863292843103409 23.697038650512695
1753302567044695 22.982818198449657 29.5 0.18528909502516136 -0.07898802906274796 -3.0074875354766846 187 0.966 0.512 0.511 0.514 39.7267608 32.4126141 0.07863292843103409 23.697038650512695
1753302567298964 22.773402579796823 29.51995849609375 0.1775121794768269 -0.07736252769827842 -2.996955156326294 188 0.957 0.513 0.505 0.515 39.7266565 32.4125915 0.08827027678489685 23.682018280029297
1753302567523453 23.05013333174238 29.54998779296875 0.16918677895916362 -0.07413887456059455 -2.9887115955352783 188 0.980 0.513 0.505 0.515 39.7266565 32.4125915 0.14347723126411438 23.671791076660156
1753302567524551 23.05013333174238 29.54998779296875 0.16169391849326664 -0.07413887456059455 -2.9887115955352783 188 0.977 0.513 0.505 0.515 39.7266565 32.4125915 0.14347723126411438 23.671791076660156
1753302567811365 22.693186561928634 29.5799560546875 0.15384032602924919 -0.0747402474284172 -2.9812917709350586 189 1 0.513 0.510 0.515 39.7265514 32.4125667 0.15142932534217834 23.67059326171875
1753302568036305 23.306743506133454 29.6099853515625 0.14566712998585832 -0.0822953164577484 -2.9747591018676762 189 0.958 0.513 0.510 0.515 39.7265514 32.4125667 0.06240571290254593 23.699493408203125
1753302568292796 22.842278998972095 29.6300048828125 0.13692829279515384 -0.08222106993198394 -2.967323541641236 189 1 0.514 0.504 0.515 39.7264458 32.4125404 0.044701699167490005 23.735410690307617
1753302568549150 23.076647366500882 29.64996337890625 0.12811116257381355 -0.07444047629833221 -2.9640727043151855 190 1 0.514 0.504 0.515 39.7264458 32.4125404 0.17425929009914398 23.759004592895508
1753302568787191 23.233725623299996 29.7099609375 0.11917351748709602 -0.07423610016703605 -2.9612798690795903 190 1 0.514 0.504 0.515 39.7264458 32.4125404 0.2199019342660904 23.74541664123535
1753302569042863 22.92553745432116 29.75 0.1102883009567683 -0.0839596204459667 -2.9581539630889897 190 0.953 0.515 0.509 0.516 39.7263416 32.4125135 0.06613124907016754 23.727602005004883
1753302569044883 22.92553745432116 29.75 0.10229160607947335 -0.0839596204459667 -2.9581539630889897 190 1 0.515 0.509 0.516 39.7263416 32.4125135 0.06613124907016754 23.727602005004883
1753302569302116 22.537282947017644 29.75 0.09447332557523333 -0.087690831720829 -2.9556493759155273 190 0.964 0.516 0.510 0.516 39.7262378 32.4124862 -0.04854389652609825 23.711793899536133
1753302569525633 22.432833359813493 29.760009765625 0.08669931891397312 -0.0805732935667038 -2.9526827335357666 190 0.961 0.516 0.510 0.516 39.7262378 32.4124862 0.04749589413404465 23.699600219726562
1753302569528155 22.432833359813493 29.760009765625 0.07970271291883893 -0.0805732935667038 -2.9526827335357666 190 0.961 0.516 0.510 0.516 39.7262378 32.4124862 0.04749589413404465 23.699600219726562
1753302569814493 22.74298463299343 29.79998779296875 0.07284535813378192 -0.07526234611868858 -2.9516310691833496 190 0.957 0.513 0.508 0.515 39.7261333 32.4124584 0.16004778444766998 23.68461036682129
1753302570039896 22.99808050326641 29.8299560546875 0.06626256424118784 -0.08422883972525595 -2.9493675231933594 191 0.996 0.513 0.508 0.515 39.7261333 32.4124584 0.07103053480386734 23.701486587524414
1753302570294844 23.388414154834912 29.8299560546875 0.05957285151316336 -0.09155044108629228 -2.948915481567383 191 0.973 0.513 0.508 0.515 39.7261333 32.4124584 -0.07305601984262466 23.7358455657959
1753302570552374 23.056961222027002 29.82000732421875 0.0527901441977943 -0.08208287209272384 -2.9496066570281987 191 1 0.516 0.510 0.516 39.726028 32.4124302 0.047881852835416794 23.767871856689453
1753302570554411 23.056961222027002 29.82000732421875 0.046685707613962145 -0.08208287209272384 -2.9496066570281987 191 1 0.516 0.510 0.516 39.726028 32.4124302 0.047881852835416794 23.767871856689453
1753302570807766 22.69154834490294 29.8599853515625 0.04069439420786851 -0.07397595569491386 -2.948934316635132 191 0.964 0.515 0.505 0.516 39.7259239 32.4124026 0.21529445052146912 23.760704040527344
1753302571030175 23.182067713830413 29.90997314453125 0.035098500044083776 -0.083624979108572 -2.9500415325164795 190 1 0.515 0.505 0.516 39.7259239 32.4124026 0.1085166335105896 23.7469539642334
1753302571034716 23.182067713830413 29.90997314453125 0.030062195296677512 -0.083624979108572 -2.9500415325164795 190 1 0.515 0.505 0.516 39.7259239 32.4124026 0.1085166335105896 23.7469539642334
1753302571287720 22.93926596121472 29.89996337890625 0.025260676415794398 -0.09117810279130935 -2.9517714977264404 190 1 0.515 0.505 0.516 39.7259239 32.4124026 -0.09366954863071442 23.754371643066406
1753302571545282 22.467427972005776 29.89996337890625 0.020524781097799517 -0.0776122935116291 -2.9545438289642334 190 0.993 0.515 0.506 0.516 39.72582 32.4123753 0.08490563184022903 23.75484848022461
1753302571789682 22.538737807842764 29.949951171875 0.01581386952086983 -0.0757940724492073 -2.9561853408813477 190 1 0.515 0.506 0.516 39.72582 32.4123753 0.19419240951538086 23.733346939086914
1753302572045081 23.43401373689135 29.969970703125 -0.004254426999526937 -0.107232166826725 -2.9823172092437744 189 1 0.377 0.490 0.446 39.7257156 32.4123483 -0.14956016838550568 23.745664596557617
1753302572302354 24.28196089243769 29.8299560546875 -0.06208559254733121 -0.1554062396287918 -2.9982402324676514 188 1 0.556 0.584 0.536 39.7256091 32.4123281 -0.871500551700592 23.777828216552734
1753302572525663 23.69102172166882 29.52996826171875 -0.14228020650083478 -0.13959704935550687 -3.030501365661621 186 0.979 0.556 0.584 0.536 39.7256091 32.4123281 -1.556272029876709 23.932954788208008
1753302572815676 23.504308057755537 29.1199951171875 -0.21620826609672297 -0.06899244189262389 -3.1373760700225835 180 0.993 0.517 0.501 0.516 39.7254996 32.412335 -1.243943214416504 24.41713523864746
1753302573041005 22.925508355955895 28.9599609375 -0.27367208022839895 -0.026464205607771876 3.0312395095825195 173 0.980 0.517 0.501 0.516 39.7254996 32.412335 -0.20027770102024078 24.825788497924805
1753302573298022 23.861685063629974 28.97998046875 -0.31953727262288695 -0.048461671173572536 2.959421157836914 169 0.967 0.517 0.501 0.516 39.7254996 32.412335 -0.023795314133167267 24.92618751525879
1753302573555454 24.707414566270273 28.8599853515625 -0.3592120086288783 -0.12719453126192093 2.9424691200256348 168 1 0.507 0.476 0.512 39.7253913 32.4123683 -1.173750400543213 24.815576553344727
1753302573812891 25 28.3499755859375 -0.3954619892063439 -0.20096640288829803 2.9199001789093018 167 0.994 0.512 0.557 0.514 39.7252851 32.4124085 -2.568319797515869 24.60984992980957
1753302574039531 25 27.67999267578125 -0.42922708341086213 -0.20165101885795594 2.8562324047088623 163 1 0.512 0.557 0.514 39.7252851 32.4124085 -2.822906255722046 24.515989303588867
1753302574044552 25 27.67999267578125 -0.45961566819492855 -0.20165101885795594 2.8562324047088623 163 0.985 0.512 0.557 0.514 39.7252851 32.4124085 -2.822906255722046 24.515989303588867
1753302574297701 24.387674941253877 27.01995849609375 -0.48675842929253466 -0.157731132209301 2.760551929473877 158 1 0.532 0.513 0.524 39.7251839 32.412468 -2.158233880996704 24.537595748901367
1753302574555130 24.63501653435195 26.5899658203125 -0.5081077383312835 -0.13057795315980908 2.6857681274414062 153 0.988 0.532 0.513 0.524 39.7251839 32.412468 -1.6014971733093262 24.547990798950195
1753302574792827 24.157019478383685 26.2099609375 -0.5214457183796097 -0.13239630460739135 2.6242883205413823 150 0.962 0.532 0.513 0.524 39.7251839 32.412468 -1.4555083513259888 24.48785400390625
1753302575049531 24.815629876449687 25.8699951171875 -0.5283725025997694 -0.14535597413778306 2.5757079124450684 147 1 0.517 0.509 0.516 39.7250911 32.4125453 -1.5314829349517822 24.338624954223633
1753302575308502 24.549542389175002 25.4599609375 -0.5311922040056708 -0.15873988568782807 2.525277853012085 144 0.993 0.523 0.517 0.519 39.7250061 32.4126313 -1.667504906654358 24.136568069458008
1753302575533351 24.281518626308017 25.07000732421875 -0.5311760729376842 -0.1613449916243553 2.4803013801574707 142 0.994 0.523 0.517 0.519 39.7250061 32.4126313 -1.692589521408081 23.9632511138916
1753302575534399 24.281518626308017 25.07000732421875 -0.5311615549764963 -0.1613449916243553 2.4803013801574707 142 1 0.523 0.517 0.519 39.7250061 32.4126313 -1.692589521408081 23.9632511138916
1753302575789887 24.60206254389317 24.64996337890625 -0.5275259241380036 -0.15673269480466842 2.4337847232818604 139 1 0.523 0.517 0.519 39.7250061 32.4126313 -1.594791054725647 23.802867889404297
1753302576048741 24.28296696444926 24.28997802734375 -0.5200799308643704 -0.15420961678028108 2.392524957656861 137 1 0.524 0.512 0.520 39.7249281 32.4127254 -1.4715934991836548 23.677169799804688
1753302576306865 23.99766798651421 23.91998291015625 -0.5086172523283331 -0.15711451470851898 2.35483980178833 134 1 0.524 0.516 0.520 39.7248555 32.4128266 -1.434500813484192 23.57753562927246
1753302576532709 23.458403013435298 23.57000732421875 -0.4944226892754468 -0.1586468741297722 2.3237113952636723 133 0.981 0.524 0.516 0.520 39.7248555 32.4128266 -1.4156445264816284 23.51704216003418
1753302576534755 23.458403013435298 23.57000732421875 -0.48164758252784906 -0.1586468741297722 2.3237113952636723 133 0.987 0.524 0.516 0.520 39.7248555 32.4128266 -1.4156445264816284 23.51704216003418
1753302576817101 23.552150564224302 23.22998046875 -0.46606930048184364 -0.15343129038810732 2.2916226387023926 131 1 0.526 0.510 0.520 39.7247877 32.4129328 -1.2750834226608276 23.472566604614258
1753302577041836 23.610369916096285 22.949951171875 -0.4482831414125869 -0.1492436945438385 2.2664802074432373 129 1 0.526 0.510 0.520 39.7247877 32.4129328 -1.1613800525665283 23.42937660217285
1753302577044525 23.610369916096285 22.949951171875 -0.43227559825025585 -0.1492436945438385 2.2664802074432373 129 1 0.526 0.510 0.520 39.7247877 32.4129328 -1.1613800525665283 23.42937660217285
1753302577298599 23.241923272684645 22.65997314453125 -0.4135666400215857 -0.15114571154117584 2.239851236343384 128 1 0.523 0.515 0.519 39.7247245 32.4130408 -1.1265714168548584 23.368242263793945
1753302577555325 22.94435355614205 22.39996337890625 -0.3929813423772305 -0.15094919502735138 2.2209513187408447 127 1 0.523 0.515 0.519 39.7247245 32.4130408 -1.1089164018630981 23.32281494140625
1753302577809317 23.246861818284998 22.1300048828125 -0.3710398929434701 -0.14624853879213331 2.2022626399993896 126 0.973 0.525 0.512 0.520 39.7246642 32.4131507 -1.0217266082763672 23.29121208190918
1753302578032992 23.160403352123907 21.89996337890625 -0.3482152513072805 -0.14239199608564376 2.1867618560791016 125 1 0.525 0.512 0.520 39.7246642 32.4131507 -0.9312892556190491 23.280168533325195
1753302578034508 23.160403352123907 21.89996337890625 -0.3276730738347098 -0.14239199608564376 2.1867618560791016 125 0.975 0.525 0.512 0.520 39.7246642 32.4131507 -0.9312892556190491 23.280168533325195
1753302578289417 23.680917208995208 21.66998291015625 -0.3058766256808034 -0.13923144936561582 2.1744565963745117 124 0.962 0.525 0.512 0.520 39.7246642 32.4131507 -0.8577367067337036 23.302492141723633
1753302578546826 23.53592674259746 21.47998046875 -0.28337415659774473 -0.1352451264858246 2.164968729019165 124 1 0.523 0.512 0.519 39.724605 32.4132637 -0.7703983783721924 23.34421730041504
1753302578804855 22.929827979380754 21.29998779296875 -0.2601606478930932 -0.1301154300570488 2.1563990116119385 123 0.962 0.521 0.511 0.518 39.7245465 32.413378 -0.6657739281654358 23.398250579833984
1753302579028535 23.469619300657616 21.14996337890625 -0.23667034277839258 -0.12902064323425294 2.152040481567383 123 1 0.521 0.511 0.518 39.7245465 32.413378 -0.6244463920593262 23.433551788330078
1753302579318869 23.481686603184016 20.989990234375 -0.2135043727116835 -0.12574298977851867 2.1492223739624023 123 0.981 0.522 0.511 0.519 39.7244888 32.4134915 -0.5903889536857605 23.45848846435547
1753302579542847 23.341672009555676 20.8599853515625 -0.19094551087233888 -0.12096147388219833 2.148101329803467 123 0.990 0.522 0.511 0.519 39.7244888 32.4134915 -0.5327968001365662 23.476512908935547
1753302579544377 23.341672009555676 20.8599853515625 -0.17064253521692876 -0.12096147388219833 2.148101329803467 123 0.963 0.522 0.511 0.519 39.7244888 32.4134915 -0.5327968001365662 23.476512908935547
1753302579799883 22.980553520827048 20.739990234375 -0.1505396961367022 -0.11534575372934341 2.1491506099700928 123 0.975 0.518 0.511 0.517 39.7244307 32.4136047 -0.4424464702606201 23.495697021484375
1753302580056558 23.494292485239317 20.63995361328125 -0.13095875859521847 -0.11590880900621414 2.152150869369507 123 0.980 0.518 0.511 0.517 39.7244307 32.4136047 -0.4272635281085968 23.516511917114258
1753302580313598 22.80084397380718 20.53997802734375 -0.11215094243225175 -0.11401673257350922 2.1538102626800537 123 1 0.521 0.507 0.518 39.724371 32.4137189 -0.43158507347106934 23.554885864257812
1753302580536942 23.20832523205202 20.449951171875 -0.09446291713181186 -0.10587523281574249 2.1575589179992676 123 0.996 0.521 0.507 0.518 39.724371 32.4137189 -0.2884748876094818 23.603347778320312
1753302580816229 22.71458076477725 20.39996337890625 -0.07751876492735488 -0.10251568704843521 2.1625053882598877 123 0.950 0.520 0.510 0.518 39.7243101 32.4138329 -0.1956951767206192 23.650047302246094
1753302581040959 23.16349060056607 20.3499755859375 -0.06145575609299609 -0.10495460927486419 2.1682515144348145 124 1 0.520 0.510 0.518 39.7243101 32.4138329 -0.22616469860076904 23.677980422973633
1753302581296535 23.368151720096705 20.27996826171875 -0.04643132060611012 -0.10763738304376601 2.174452066421509 124 1 0.518 0.509 0.517 39.7242487 32.4139447 -0.2972457706928253 23.683134078979492
1753302581550304 22.721717262511458 20.219970703125 -0.032446875600610034 -0.09967180937528608 2.1810803413391113 124 1 0.518 0.509 0.517 39.7242487 32.4139447 -0.2103649228811264 23.683467864990234
1753302581806164 22.668722855060153 20.19000244140625 -0.019442636753851644 -0.09446811676025389 2.1883528232574463 125 1 0.519 0.509 0.517 39.7241862 32.414055 -0.11034956574440002 23.680795669555664
1753302582032876 23.015315091294354 20.14996337890625 -0.007861468034149232 -0.09786341935396194 2.194643497467041 125 1 0.519 0.509 0.517 39.7241862 32.414055 -0.1606874316930771 23.68150520324707
1753302582034389 23.015315091294354 20.14996337890625 0.002561583813582937 -0.09786341935396194 2.194643497467041 125 1 0.519 0.509 0.517 39.7241862 32.414055 -0.1606874316930771 23.68150520324707
1753302582289754 23.38281417673557 20.1099853515625 0.012128477272291554 -0.09704703092575073 2.20456600189209 126 0.968 0.516 0.507 0.516 39.7241218 32.4141651 -0.16729961335659027 23.695858001708984
1753302582546154 23.329268967656247 20.0799560546875 0.020998635122388223 -0.09225901663303375 2.2106497287750244 126 0.951 0.516 0.507 0.516 39.7241218 32.4141651 -0.09947741776704788 23.724164962768555
1753302582802145 22.733463919997668 20.05999755859375 0.028783189412244812 -0.09072206765413285 2.219334363937378 127 0.971 0.516 0.507 0.516 39.7241218 32.4141651 -0.027072228491306305 23.76043701171875
1753302583058321 22.835729126813334 20.04998779296875 0.03557149290110647 -0.09354656487703322 2.2259137630462646 127 1 0.516 0.509 0.516 39.7240554 32.4142751 -0.06464341282844543 23.797229766845703
1753302583064332 22.835729126813334 20.04998779296875 0.04168096604108196 -0.09354656487703322 2.2259137630462646 127 1 0.516 0.509 0.516 39.7240554 32.4142751 -0.06464341282844543 23.797229766845703
1753302583315094 23.04994973139792 20.02996826171875 0.047030850548977085 -0.0951161727309227 2.234560489654541 128 0.971 0.516 0.506 0.516 39.7239883 32.4143829 -0.09743579477071762 23.815685272216797
1753302583539955 23.22738865186826 20.01995849609375 0.051447042196483404 -0.08780448585748672 2.2416727542877197 128 1 0.516 0.506 0.516 39.7239883 32.4143829 -0.012279528193175793 23.807668685913086
1753302583820726 22.706582831445026 20.02996826171875 0.05502540025367527 -0.08370697051286696 2.2487704753875732 128 1 0.516 0.512 0.516 39.7239204 32.4144887 0.08183033764362335 23.78077507019043
1753302584046129 22.676587248328364 20.02996826171875 0.05802478554774096 -0.09588263928890227 2.254918098449707 129 0.987 0.516 0.512 0.516 39.7239204 32.4144887 -0.10298792272806168 23.760814666748047
1753302584304261 23.409017005992503 19.97998046875 0.060419946875531406 -0.095821712911129 2.2610888481140137 129 1 0.516 0.505 0.516 39.7238513 32.4145941 -0.1757041960954666 23.753780364990234
1753302584556669 23.047462357784344 19.9599609375 0.062316774546824924 -0.08357942253351211 2.2675621509552006 129 0.989 0.516 0.505 0.516 39.7238513 32.4145941 0.028580889105796814 23.76437759399414
1753302584812700 22.640301672944176 19.97998046875 0.06362207983707462 -0.08733790516853333 2.273832798004151 130 0.997 0.515 0.514 0.516 39.7237804 32.4146994 0.04950453341007233 23.790746688842773
1753302585038457 23.035658701409396 19.969970703125 0.06439215470649368 -0.09410236030817032 2.278989553451538 130 0.975 0.515 0.514 0.516 39.7237804 32.4146994 -0.07831956446170807 23.82209014892578
1753302585294397 22.692449758782153 19.949951171875 0.064549862110295 -0.09106833934783937 2.285191774368286 130 0.968 0.515 0.514 0.516 39.7237804 32.4146994 -0.0495586022734642 23.829280853271484
1753302585550838 22.942238706264465 19.9599609375 0.06436866932840177 -0.08582387268543243 2.29158616065979 131 0.955 0.514 0.507 0.515 39.7237092 32.4148029 0.043290238827466965 23.815994262695312
1753302585809340 23.190245781814564 19.97998046875 0.06355832067487564 -0.08508901670575142 2.295048713684082 131 1 0.516 0.508 0.516 39.7236378 32.4149048 0.05795670673251152 23.800739288330078
1753302586035044 23.03126968152905 19.989990234375 0.06204542448244625 -0.08836917877197266 2.301314353942871 131 1 0.516 0.508 0.516 39.7236378 32.4149048 -2.0245588530087844e-05 23.787195205688477
1753302586291092 22.690863284294213 19.989990234375 0.06043974210431099 -0.08846860527992248 2.304659843444824 132 0.989 0.516 0.508 0.516 39.7236378 32.4149048 -0.0233745239675045 23.77730941772461
1753302586547284 23.119935539310717 19.989990234375 0.05860433265218067 -0.08558910116553306 2.30713152885437 132 1.000 0.515 0.506 0.516 39.7235656 32.4150063 0.026310676708817482 23.768634796142578
1753302586800632 22.822100456629627 20.0 0.05423254774196978 -0.09044802933931351 2.3061370849609375 132 1 0.515 0.506 0.516 39.7235656 32.4150063 -0.007708610501140356 23.790205001831055
1753302587056728 23.191010468095936 19.9599609375 0.02229994242951902 -0.12596357017755508 2.2763783931732178 130 0.953 0.383 0.495 0.450 39.7234922 32.4151085 -0.32066288590431213 23.814115524291992
1753302587312902 23.770878216414186 19.76995849609375 -0.04825034404785366 -0.16826239377260208 2.268131971359253 129 0.980 0.543 0.622 0.529 39.7234241 32.415217 -1.1400130987167358 23.86351203918457
1753302587538705 23.94532993953828 19.40997314453125 -0.13418243074677344 -0.14838743954896927 2.2088418006896973 126 1 0.543 0.622 0.529 39.7234241 32.415217 -1.8148703575134277 24.063875198364258
1753302587794715 23.305821899919643 18.92999267578125 -0.21152130877580122 -0.06932331249117851 2.0407795906066895 116 1 0.543 0.622 0.529 39.7234241 32.415217 -1.5649409294128418 24.75187110900879
1753302588051955 23.187182753021055 18.739990234375 -0.28112629900192626 0.011819140985608101 1.8332023620605469 105 1 0.506 0.589 0.511 39.7233796 32.4153478 -0.04004962369799614 25.613445281982422
1753302588054534 23.187182753021055 18.739990234375 -0.3437707902054388 0.011819140985608101 1.8332023620605469 105 1 0.506 0.589 0.511 39.7233796 32.4153478 -0.04004962369799614 25.613445281982422
1753302588309372 23.4668612586553 18.97998046875 -0.40015083228860004 0.07147735357284546 1.6477141380310059 94 1 0.517 0.441 0.516 39.7233755 32.4154983 1.49075448513031 25.91752052307129
1753302588565070 23.990980453829064 19.3800048828125 -0.4508928701634452 0.048192295432090755 1.5699961185455324 89 1 0.517 0.441 0.516 39.7233755 32.4154983 1.3711285591125488 25.850711822509766
1753302588823041 24.20542668271709 19.55999755859375 -0.49656070425080584 -0.04785771667957305 1.5667890310287476 89 0.982 0.504 0.543 0.510 39.7233859 32.4156499 -0.24760882556438446 25.75330924987793
1753302589048198 25 19.28997802734375 -0.5376617549294304 -0.13125709295272828 1.5497512817382812 88 1 0.504 0.543 0.510 39.7233859 32.4156499 -1.8071727752685547 25.53880500793457
1753302589304930 24.695452148467947 18.7099609375 -0.5746527005401925 -0.1498579129576683 1.4590446949005127 83 1 0.504 0.543 0.510 39.7233859 32.4156499 -2.3220460414886475 25.290437698364258
1753302589563048 24.845134591711627 18.17999267578125 -0.6079445515898784 -0.13406246006488798 1.3439135551452637 77 0.999 0.512 0.551 0.514 39.7234059 32.4157961 -2.1209967136383057 25.122831344604492
1753302589564689 24.845134591711627 18.17999267578125 -0.6379072175345958 -0.13406246006488798 1.3439135551452637 77 1 0.512 0.551 0.514 39.7234059 32.4157961 -2.1209967136383057 25.122831344604492
1753302589798689 24.194375822362048 17.67999267578125 -0.6648736168848414 -0.11607283353805542 1.218315839767456 69 0.979 0.512 0.551 0.514 39.7234059 32.4157961 -1.8125578165054321 24.9827880859375
1753302590054337 23.966321391752444 17.27996826171875 -0.6891433763000625 -0.10453521758317945 1.1101585626602173 63 0.977 0.515 0.539 0.516 39.7234501 32.4159286 -1.583362340927124 24.847414016723633
1753302590310267 24.069239574287913 16.90997314453125 -0.7109861597737615 -0.10017888247966766 1.0025724172592163 57 1 0.516 0.521 0.516 39.7235145 32.4160441 -1.4203808307647705 24.647647857666016
1753302590534617 23.782365202905677 16.5799560546875 -0.7289707504499803 -0.10970546901226043 0.9173317551612854 52 0.983 0.516 0.521 0.516 39.7235145 32.4160441 -1.4650906324386597 24.414594650268555
1753302590821931 24.06603731164073 16.17999267578125 -0.7427700498213337 -0.1259564772248268 0.8363497257232666 47 1 0.516 0.528 0.516 39.7235923 32.4161428 -1.6950678825378418 24.1486873626709
1753302591045796 24.0798354416449 15.739990234375 -0.7527771060326663 -0.14029208570718765 0.7622880339622498 43 0.976 0.516 0.528 0.516 39.7235923 32.4161428 -1.8888583183288574 23.934064865112305
1753302591304302 23.829217790942224 15.219970703125 -0.7590628085725578 -0.1509794235229492 0.6812047958374023 39 1 0.520 0.531 0.518 39.7236793 32.4162238 -2.0207464694976807 23.73576545715332
1753302591560767 23.907557412280497 14.72998046875 -0.7618140534931188 -0.15383155196905135 0.6076396703720093 34 1 0.520 0.531 0.518 39.7236793 32.4162238 -2.0531423091888428 23.571088790893555
1753302591814859 23.44574800654971 14.219970703125 -0.7604315420723348 -0.15291333794593812 0.5278484225273132 30 1 0.524 0.522 0.520 39.7237723 32.4162854 -1.9759001731872559 23.4136962890625
1753302592038439 23.473950923992575 13.76995849609375 -0.7549101538124432 -0.15307613164186476 0.4598086476325989 26 0.952 0.524 0.522 0.520 39.7237723 32.4162854 -1.8951133489608765 23.28093147277832
1753302592294642 23.664745104742593 13.28997802734375 -0.7447705233093574 -0.16031194478273392 0.39384660124778753 22 1 0.524 0.522 0.520 39.7237723 32.4162854 -1.8879250288009644 23.15595817565918
1753302592550899 23.948086281886855 12.8399658203125 -0.7304641631838508 -0.1610123112797737 0.33779752254486084 19 0.961 0.528 0.523 0.522 39.7238697 32.4163303 -1.8347302675247192 23.059736251831055
1753302592820802 22.96294703742583 12.3800048828125 -0.711627265298083 -0.1607442185282707 0.28116756677627563 16 1 0.533 0.518 0.524 39.7239705 32.4163615 -1.728040337562561 22.991910934448242
1753302593047017 23.289774112495905 11.9599609375 -0.6884357516321967 -0.15997698009014127 0.23520874977111816 13 0.991 0.533 0.518 0.524 39.7239705 32.4163615 -1.6165775060653687 22.964374542236328
1753302593301260 23.04460717017574 11.53997802734375 -0.6603688553887693 -0.1591527372598648 0.19241105020046234 11 0.990 0.533 0.518 0.524 39.7239705 32.4163615 -1.5057718753814697 22.95766830444336
1753302593558728 23.65427436132144 11.16998291015625 -0.6284957160876472 -0.15786270648241044 0.15813232958316806 9 0.954 0.533 0.518 0.524 39.7240734 32.4163821 -1.3934745788574219 22.965444564819336
1753302593815786 23.139857709846158 10.8299560546875 -0.5927637186938178 -0.14977032542228697 0.12485998123884201 7 1 0.533 0.511 0.524 39.7241756 32.4163951 -1.1861038208007812 22.955469131469727
1753302594040423 22.84704091378408 10.55999755859375 -0.5544146746957587 -0.1447143644094467 0.10161009430885315 5 0.970 0.533 0.511 0.524 39.7241756 32.4163951 -1.0337423086166382 22.9437198638916
1753302594297114 23.51486150916831 10.29998779296875 -0.5134586647657413 -0.14361685514450073 0.08412707597017288 4 1 0.528 0.518 0.522 39.7242778 32.4164042 -0.9605674743652344 22.948217391967773
1753302594552376 23.470869451566166 10.07000732421875 -0.4712727275944822 -0.1407664582133293 0.07091012597084045 4 0.983 0.528 0.518 0.522 39.7242778 32.4164042 -0.8968611359596252 22.97150230407715
1753302594554523 23.470869451566166 10.07000732421875 -0.433305384140349 -0.1407664582133293 0.07091012597084045 4 1 0.528 0.518 0.522 39.7242778 32.4164042 -0.8968611359596252 22.97150230407715
1753302594808426 22.894340978962312 9.8499755859375 -0.3943670959810644 -0.13084850758314132 0.060634609311819083 3 1 0.528 0.518 0.522 39.7242778 32.4164042 -0.7230026125907898 23.01898956298828
1753302595064905 22.77318772953021 9.69000244140625 -0.3553064295257088 -0.12218210846185684 0.056770291179418564 3 1 0.528 0.512 0.522 39.7243813 32.416412 -0.5518200397491455 23.096704483032227
1753302595322090 23.20329984814967 9.53997802734375 -0.3159864812587163 -0.11852167546749115 0.053590260446071625 3 0.969 0.527 0.515 0.521 39.7244861 32.4164203 -0.4785667955875397 23.18958854675293
1753302595546676 23.077100760849785 9.42999267578125 -0.27725667382727215 -0.11379167735576629 0.056432221084833145 3 0.984 0.527 0.515 0.521 39.7244861 32.4164203 -0.4001914858818054 23.280006408691406
1753302595802455 22.58390789330848 9.3399658203125 -0.23911889531120792 -0.1042746976017952 0.06310459226369858 3 1 0.520 0.512 0.518 39.7245902 32.4164306 -0.2560969293117523 23.339784622192383
1753302596056172 22.529529275986995 9.28997802734375 -0.20224589381729186 -0.10141480863094329 0.06985360383987427 4 1 0.520 0.512 0.518 39.7245902 32.4164306 -0.20234207808971405 23.381561279296875
1753302596310696 22.52965511283131 9.239990234375 -0.16756687409384208 -0.09887698143720626 0.07813601940870285 4 1 0.520 0.512 0.518 39.7245902 32.4164306 -0.18975180387496948 23.430265426635742
1753302596565625 23.240143607225342 9.20001220703125 -0.13487554949554642 -0.09348075687885284 0.0902353972196579 5 0.957 0.522 0.511 0.519 39.7246942 32.416444 -0.11088885366916656 23.47587013244629
1753302596826346 23.210238190617343 9.16998291015625 -0.10384673650890149 -0.08846430778503417 0.1035996973514557 5 0.987 0.518 0.508 0.517 39.7247988 32.4164612 -0.03605762496590614 23.51766014099121
1753302597065238 22.264095441651072 9.15997314453125 -0.07478216984119615 -0.08511392027139664 0.1167895793914795 6 1 0.518 0.508 0.517 39.7247988 32.4164612 0.019955651834607124 23.565994262695312
1753302597304453 23.32592301737022 9.14996337890625 -0.047935670896589164 -0.0879937320947647 0.1295778751373291 7 0.998 0.518 0.508 0.517 39.7247988 32.4164612 -0.014544349163770676 23.6376895904541
1753302597560699 23.334590472238734 9.13995361328125 -0.023483220890956585 -0.08314883857965469 0.1441479027271271 8 0.979 0.519 0.513 0.517 39.7249045 32.4164828 0.044957224279642105 23.705575942993164
1753302597814566 22.435911508823118 9.15997314453125 -0.0010113306246377215 -0.07772251069545745 0.16169920563697818 9 1 0.518 0.505 0.517 39.7250094 32.4165088 0.15414084494113922 23.751943588256836
1753302598038805 22.57560212614828 9.2099609375 0.019204844170614133 -0.0755770593881607 0.17636370658874512 10 0.995 0.518 0.505 0.517 39.7250094 32.4165088 0.19435229897499084 23.758962631225586
1753302598326470 23.25917105546054 9.25 0.03727008771938448 -0.07994353845715522 0.19343523681163788 11 0.992 0.517 0.512 0.516 39.7251126 32.4165387 0.11998796463012695 23.75193214416504
1753302598549924 23.18337493817966 9.260009765625 0.05325760577954976 -0.08331791162490844 0.20847922563552856 11 0.962 0.517 0.512 0.516 39.7251126 32.4165387 0.054676540195941925 23.741853713989258
1753302598797421 23.324450011017564 9.27996826171875 0.06718976469193216 -0.07686758041381836 0.22619350254535675 12 1 0.517 0.512 0.516 39.7251126 32.4165387 0.12716105580329895 23.726043701171875
1753302599052693 22.646200166325073 9.32000732421875 0.07917683575768157 -0.07739666253328323 0.23986515402793884 13 0.987 0.516 0.507 0.516 39.7252155 32.4165729 0.15067912638187408 23.72469711303711
1753302599054206 22.646200166325073 9.32000732421875 0.08996519971685604 -0.07739666253328323 0.23986515402793884 13 1 0.516 0.507 0.516 39.7252155 32.4165729 0.15067912638187408 23.72469711303711
1753302599307999 23.29533387853687 9.3499755859375 0.09913584019658266 -0.08263831809163094 0.25423428416252136 14 0.980 0.516 0.507 0.516 39.7252155 32.4165729 0.07009628415107727 23.75116539001465
1753302599563405 23.022883019783375 9.3699951171875 0.10686406277940243 -0.08114269077777861 0.26770827174186707 15 0.977 0.514 0.511 0.516 39.7253186 32.4166114 0.08226814866065979 23.780101776123047
1753302599564947 23.022883019783375 9.3699951171875 0.11381946310394023 -0.08114269077777861 0.26770827174186707 15 1 0.514 0.511 0.516 39.7253186 32.4166114 0.08226814866065979 23.780101776123047
1753302599819527 23.099553431678608 9.39996337890625 0.1192536083310218 -0.0765429839491844 0.28172916173934937 16 0.992 0.516 0.504 0.516 39.7254205 32.4166534 0.16687145829200745 23.80230712890625
1753302600042693 22.395065278350934 9.45001220703125 0.12331408507669313 -0.0760104387998581 0.29548758268356323 16 0.993 0.516 0.504 0.516 39.7254205 32.4166534 0.1977655291557312 23.791278839111328
1753302600044320 22.395065278350934 9.45001220703125 0.1269685141477973 -0.0760104387998581 0.29548758268356323 16 1 0.516 0.504 0.516 39.7254205 32.4166534 0.1977655291557312 23.791278839111328
1753302600298030 23.331178254267762 9.489990234375 0.12945924361652056 -0.08103884682059287 0.308824360370636 17 1 0.516 0.504 0.516 39.7254205 32.4166534 0.12175256013870239 23.769390106201172
1753302600554874 23.451146221573094 9.510009765625 0.1311911507854395 -0.08623515963554382 0.3199158310890198 18 0.967 0.716 0.497 0.615 39.7255206 32.4166981 0.03044106811285019 23.746288299560547
1753302600810582 23.130306808798384 9.47998046875 0.1559234915145814 -0.11865598261356354 0.3638117015361786 20 0.992 0.486 0.549 0.502 39.7256195 32.4167474 -0.24370522797107697 23.730119705200195
1753302601066238 23.563769907946302 9.3399658203125 0.2110336474748176 -0.13822418749332427 0.3810332417488098 21 0.952 0.486 0.549 0.502 39.7256195 32.4167474 -0.9226218461990356 23.76799964904785
1753302601322553 22.89003482137626 9.01995849609375 0.2691316174422254 -0.0929865136742592 0.42941009998321533 24 1 0.506 0.516 0.511 39.7257145 32.4168151 -1.2696574926376343 24.051799774169922
1753302601540489 23.137997831701657 8.78997802734375 0.31202333274077326 -0.0580734983086586 0.5128644704818726 29 1 0.506 0.516 0.511 39.7257145 32.4168151 -0.5919123888015747 24.41622543334961
1753302601808234 23.599598118507462 8.70001220703125 0.34260322245291724 -0.06166302785277366 0.5850087404251099 33 1 0.521 0.495 0.518 39.7258027 32.4169017 -0.1834198534488678 24.57788848876953
1753302602065443 24.19129144813305 8.6300048828125 0.36720947854815594 -0.0928923651576042 0.6262426376342773 35 0.984 0.521 0.495 0.518 39.7258027 32.4169017 -0.5144568085670471 24.54630470275879
1753302602322551 24.438722576982535 8.40997314453125 0.38822998791723257 -0.1277198791503906 0.6630651950836183 37 1 0.515 0.530 0.516 39.7258842 32.4169959 -1.1365132331848145 24.45204734802246
1753302602546146 23.754941154100706 8.0999755859375 0.4061680512707425 -0.1236525610089302 0.7115008831024171 40 1 0.515 0.530 0.516 39.7258842 32.4169959 -1.1981439590454102 24.379053115844727
1753302602804108 23.940858433524465 7.8399658203125 0.420313532091468 -0.10017999857664106 0.7699196934700012 44 0.975 0.503 0.504 0.510 39.7259578 32.4170994 -0.8016738295555115 24.304208755493164
1753302603057802 23.597789048113473 7.66998291015625 0.42927833342905886 -0.09513390511274337 0.8150622844696045 46 1 0.503 0.504 0.510 39.7259578 32.4170994 -0.6315956711769104 24.220184326171875
1753302603313320 23.992809136003853 7.5 0.4321209246905689 -0.10612587481737136 0.8547613024711609 48 1 0.513 0.514 0.515 39.7260248 32.4172112 -0.7055032849311829 24.13013458251953
1753302603554338 23.925835741604182 7.30999755859375 0.4307889331870119 -0.11629163026809691 0.8898826837539673 50 0.966 0.513 0.514 0.515 39.7260248 32.4172112 -0.8067930340766907 24.04865837097168
1753302603825265 23.41919255391008 7.0999755859375 0.4265358528041399 -0.11620140373706818 0.9256621599197388 53 0.955 0.508 0.509 0.512 39.7260858 32.4173275 -0.7881597876548767 23.966012954711914
1753302604047269 23.075266385195956 6.90997314453125 0.41955578153224793 -0.11184557974338531 0.9564102888107301 54 1 0.508 0.509 0.512 39.7260858 32.4173275 -0.6847463250160217 23.882728576660156
1753302604300349 23.919276320390995 6.739990234375 0.4093525572856547 -0.11257456839084624 0.9861447811126709 56 1 0.508 0.509 0.512 39.7260858 32.4173275 -0.6469851732254028 23.791288375854492
1753302604554087 23.724664105413165 6.57000732421875 0.3963681278443588 -0.11412248015403748 1.0116751194000244 57 0.972 0.510 0.511 0.514 39.7261406 32.4174457 -0.6453508734703064 23.703880310058594
1753302604798761 23.658639631625423 6.40997314453125 0.3810818226173151 -0.11288479119539259 1.0365142822265625 59 0.975 0.510 0.511 0.514 39.7261406 32.4174457 -0.6014748215675354 23.616840362548828
1753302605054364 22.89577138874292 6.260009765625 0.36432597020578045 -0.11550666987895963 1.055405616760254 60 0.966 0.508 0.512 0.512 39.7261911 32.4175658 -0.6162391304969788 23.55603790283203
1753302605308633 23.60419392321254 6.0899658203125 0.34606380891184507 -0.11185315251350403 1.07243013381958 61 1 0.508 0.512 0.512 39.7261911 32.4175658 -0.5650256276130676 23.524761199951172
1753302605564282 22.68051610666346 5.9599609375 0.3268174928252145 -0.1084582358598709 1.0873348712921143 62 1 0.507 0.508 0.512 39.7262392 32.4176889 -0.47296789288520813 23.519845962524414
1753302605820550 23.2330438612715 5.8399658203125 0.30641097666241923 -0.1100065752863884 1.1008388996124268 63 1 0.509 0.514 0.513 39.7262852 32.4178136 -0.45344042778015137 23.529748916625977
1753302606045208 23.025620705776596 5.739990234375 0.2853989378340679 -0.11141991913318633 1.1102638244628906 63 0.962 0.509 0.514 0.513 39.7262852 32.4178136 -0.4670705497264862 23.53705596923828
1753302606300285 22.84636704465784 5.6300048828125 0.2638691470677529 -0.10253349244594573 1.11948823928833 64 1 0.511 0.505 0.514 39.7263295 32.4179375 -0.34593191742897034 23.519580841064453
1753302606555359 22.64911950334413 5.54998779296875 0.24245046576752133 -0.09869962632656097 1.1256576776504517 64 0.970 0.511 0.505 0.514 39.7263295 32.4179375 -0.2657504975795746 23.50128746032715
1753302606810442 22.913776648266968 5.469970703125 0.22102766019160033 -0.10169419795274735 1.1305104494094849 64 1 0.511 0.505 0.514 39.7263295 32.4179375 -0.29008805751800537 23.482656478881836
1753302607066089 23.060383842267285 5.38995361328125 0.2004002885033591 -0.10543906837701797 1.132872462272644 64 0.989 0.510 0.515 0.513 39.726373 32.4180615 -0.37076541781425476 23.48126220703125
1753302607322193 22.587806959327438 5.30999755859375 0.18014690978634237 -0.09726279228925705 1.1337121725082397 64 0.963 0.514 0.503 0.515 39.7264169 32.4181866 -0.2672382891178131 23.488208770751953
1753302607545771 22.818122748994803 5.260009765625 0.16025189082301747 -0.08905984461307527 1.133215308189392 64 0.978 0.514 0.503 0.515 39.7264169 32.4181866 -0.10806217044591904 23.507829666137695
1753302607800758 23.283015565418694 5.239990234375 0.14124444629678512 -0.09517446011304856 1.1332752704620361 64 1 0.514 0.503 0.515 39.7264169 32.4181866 -0.14114166796207428 23.550479888916016
1753302608056959 23.48579309662761 5.19000244140625 0.12332235095735833 -0.09962968975305557 1.1305732727050781 64 1 0.514 0.515 0.515 39.7264617 32.4183128 -0.23339621722698212 23.598417282104492
1753302608312609 23.266715980049185 5.13995361328125 0.1059976259723584 -0.09181347489356995 1.128424882888794 64 1 0.514 0.515 0.515 39.7264617 32.4183128 -0.12149634212255478 23.621070861816406
1753302608569989 22.85880222904081 5.1199951171875 0.08977576179998638 -0.08683515042066575 1.1248357295989992 64 0.982 0.515 0.505 0.516 39.7265069 32.4184377 -0.02518029883503914 23.619930267333984
1753302608827071 23.105794007152404 5.1099853515625 0.07473433912125993 -0.088887819647789 1.1206934452056885 64 0.977 0.515 0.512 0.516 39.7265526 32.4185612 -0.05726347863674164 23.60839080810547
1753302609051925 22.673194656814886 5.0899658203125 0.06065227821762354 -0.09257806390523911 1.117521047592163 64 0.983 0.515 0.512 0.516 39.7265526 32.4185612 -0.12981317937374115 23.602375030517578
1753302609057348 22.673194656814886 5.0899658203125 0.047978423404350795 -0.09257806390523911 1.117521047592163 64 0.975 0.515 0.512 0.516 39.7265526 32.4185612 -0.12981317937374115 23.602375030517578
1753302609306054 22.53130307832266 5.04998779296875 0.036150262386490335 -0.09109332114458084 1.1110919713974 63 0.956 0.513 0.505 0.515 39.7265995 32.418685 -0.1264619082212448 23.60206413269043
1753302609559051 22.844159746181155 5.03997802734375 0.0252730859496201 -0.0841643825173378 1.1069403886795044 63 0.957 0.513 0.505 0.515 39.7265995 32.418685 -0.013826385140419006 23.61236000061035
1753302609812072 23.339545353872396 5.03997802734375 0.015180351273239098 -0.0885697528719902 1.100832462310791 63 0.969 0.513 0.505 0.515 39.7265995 32.418685 -0.022086460143327713 23.649494171142578
1753302610067731 23.179196356489257 5.02996826171875 0.005799722167271772 -0.09026578217744825 1.0967276096343994 62 0.984 0.515 0.512 0.516 39.726648 32.4188094 -0.05713508650660515 23.69028091430664
1753302610325544 22.54430438470686 5.02996826171875 -0.002641650445087196 -0.08575297966599464 1.0909730195999146 62 1 0.514 0.504 0.516 39.7266973 32.4189321 0.013328406028449535 23.707773208618164
1753302610550813 22.978515805909574 5.04998779296875 -0.010122237271210649 -0.0820744700729847 1.085072636604309 62 1 0.514 0.504 0.516 39.7266973 32.4189321 0.07397191971540451 23.697715759277344
1753302610830891 23.13091702322274 5.07000732421875 -0.01690346240950325 -0.08661270290613174 1.079183578491211 61 1 0.516 0.511 0.516 39.7267472 32.4190532 0.01401318609714508 23.680484771728516
1753302611057498 23.134320276912767 5.05999755859375 -0.023045897393995807 -0.08940395712852478 1.0719573497772217 61 1 0.516 0.511 0.516 39.7267472 32.4190532 -0.057200025767087936 23.667648315429688
1753302611312497 23.25647376459448 5.05999755859375 -0.02853690303227987 -0.0833542473614216 1.065656304359436 61 0.995 0.516 0.511 0.516 39.7267472 32.4190532 0.02696286141872406 23.650142669677734
1753302611570112 22.719624259739067 5.07000732421875 -0.03305260956461745 -0.08472621738910675 1.0601929426193237 60 0.994 0.516 0.504 0.516 39.7267983 32.4191737 0.02804686315357685 23.639137268066406
1753302611828778 23.456389742861173 5.07000732421875 -0.03672788101591633 -0.09080385565757751 1.0556458234786987 60 0.997 0.516 0.515 0.516 39.726851 32.419295 -0.05391562730073929 23.66641616821289
1753302612054535 22.704625057645927 5.05999755859375 -0.04008229873917668 -0.09307574927806853 1.050848364830017 60 0.989 0.516 0.515 0.516 39.726851 32.419295 -0.09948423504829407 23.710290908813477
1753302612310909 22.801263642908633 5.05999755859375 -0.04303652169414314 -0.08414783403277397 1.0455716848373413 59 0.998 0.518 0.501 0.517 39.7269047 32.4194155 0.043231602758169174 23.74221420288086
1753302612566358 23.2216958943089 5.0899658203125 -0.045335699219476756 -0.08212038651108741 1.039881706237793 59 0.993 0.518 0.501 0.517 39.7269047 32.4194155 0.11741337925195694 23.73836898803711
1753302612823961 23.039843647999493 5.1099853515625 -0.04693443545607172 -0.08921742290258407 1.0334699153900146 59 0.954 0.517 0.513 0.516 39.7269587 32.4195339 0.010415571741759777 23.72768783569336
1753302613046757 22.576809377518313 5.0999755859375 -0.04788343841350772 -0.09231547862291335 1.028719186782837 58 0.954 0.517 0.513 0.516 39.7269587 32.4195339 -0.08758299797773361 23.720882415771484
1753302613304284 22.815105606763147 5.0799560546875 -0.04839521185621647 -0.08714000657200813 1.0241262912750244 58 0.982 0.517 0.513 0.516 39.7269587 32.4195339 -0.01581757701933384 23.708045959472656
1753302613562249 23.169379170658637 5.0899658203125 -0.04822851116417374 -0.08641307801008224 1.0196499824523926 58 0.998 0.516 0.505 0.516 39.7270135 32.4196518 0.005863520782440901 23.699710845947266
1753302613564330 23.169379170658637 5.0899658203125 -0.048078480541335275 -0.08641307801008224 1.0196499824523926 58 1 0.516 0.505 0.516 39.7270135 32.4196518 0.005863520782440901 23.699710845947266
1753302613830943 22.94071591480224 5.0899658203125 -0.047828108679914536 -0.08928982317447662 1.0163856744766235 58 1 0.517 0.511 0.516 39.7270696 32.4197706 -0.01474658865481615 23.72140884399414
1753302614057719 23.26447223278691 5.0899658203125 -0.047332704241571474 -0.09046062976121903 1.014846682548523 58 0.956 0.517 0.511 0.516 39.7270696 32.4197706 -0.03995377942919731 23.75600814819336
1753302614311139 22.661576482848233 5.0899658203125 -0.0464497858364859 -0.08691080510616302 1.0127372741699219 58 1 0.517 0.511 0.516 39.7270696 32.4197706 0.027935367077589035 23.777877807617188
1753302614565117 22.932997987546287 5.0999755859375 -0.04515866487438787 -0.0861859105527401 1.0083770751953125 57 1 0.516 0.506 0.516 39.7271262 32.4198889 0.05386485904455185 23.773374557495117
1753302614565569 22.932997987546287 5.0999755859375 -0.04399665600849965 -0.0861859105527401 1.0083770751953125 57 0.966 0.516 0.506 0.516 39.7271262 32.4198889 0.05386485904455185 23.773374557495117
1753302614566581 22.932997987546287 5.0999755859375 -0.04295084802920024 -0.0861859105527401 1.0083770751953125 57 0.951 0.516 0.506 0.516 39.7271262 32.4198889 0.05386485904455185 23.773374557495117
1753302614818863 23.267528679306743 5.1099853515625 -0.04184183675302029 -0.08768970519304274 1.006018042564392 57 1.000 0.517 0.511 0.516 39.7271824 32.4200055 0.026272833347320557 23.7480411529541
1753302615044135 23.0531627724215 5.1199951171875 -0.040812459870454315 -0.08976971358060837 1.0045084953308105 57 1 0.517 0.511 0.516 39.7271824 32.4200055 -0.03495574742555618 23.733749389648438
1753302615332656 22.84937288737403 5.1099853515625 -0.03959569203937946 -0.08429381847381591 1.0000065565109253 57 1 0.517 0.502 0.516 39.727239 32.4201216 0.03611503913998604 23.71759796142578
1753302615556731 22.712246051176013 5.13995361328125 -0.038117543546124386 -0.08335930630564689 0.9995905756950378 57 1 0.517 0.502 0.516 39.727239 32.4201216 0.07106491923332214 23.700824737548828
1753302615813990 23.500403607408618 5.14996337890625 -0.03638800723501809 -0.09217710345983506 0.9972020983695984 57 1 0.516 0.510 0.516 39.7272967 32.4202392 -0.04685841500759125 23.71930694580078
1753302616070479 22.769250612957464 5.1300048828125 -0.03465724227412434 -0.0914687156677246 0.994407057762146 56 0.990 0.516 0.510 0.516 39.7272967 32.4202392 -0.06864267587661743 23.751907348632812
1753302616074082 22.769250612957464 5.1300048828125 -0.033099553809319955 -0.0914687156677246 0.994407057762146 56 1 0.516 0.510 0.516 39.7272967 32.4202392 -0.06864267587661743 23.751907348632812
1753302616324525 23.389279014780936 5.13995361328125 -0.031451120742340404 -0.08550655171275139 0.9929813742637634 56 0.962 0.517 0.508 0.516 39.7273546 32.4203564 0.057424891740083694 23.778921127319336
1753302616549240 23.334144346330177 5.15997314453125 -0.029649217685174513 -0.08928384631872177 0.9926894903182983 56 0.957 0.517 0.508 0.516 39.7273546 32.4203564 0.0067441873252391815 23.780200958251953
1753302616809430 22.99745584127792 5.14996337890625 -0.027910132771085117 -0.0904714047908783 0.9903177618980408 56 1 0.516 0.507 0.516 39.7274121 32.4204721 -0.030418889597058296 23.765073776245117
1753302617064746 22.879528661217396 5.14996337890625 -0.026014909411535034 -0.08782317787408828 0.9896886944770814 56 1 0.516 0.507 0.516 39.7274121 32.4204721 -0.011453451588749886 23.745342254638672
1753302617322615 22.623487903292794 5.14996337890625 -0.023851954568608436 -0.08756778985261916 0.9900913238525391 56 1 0.516 0.508 0.516 39.7274696 32.4205877 0.005894824862480164 23.7298583984375
1753302617544670 22.84821274676435 5.14996337890625 -0.02179982937780812 -0.08978478610515594 0.9887465834617615 56 0.977 0.516 0.508 0.516 39.7274696 32.4205877 -0.042203254997730255 23.73152732849121
1753302617834234 23.191619835007096 5.13995361328125 -0.01991912576194371 -0.08944226950407026 0.9880985617637634 56 0.994 0.516 0.505 0.516 39.7275277 32.4207044 -0.04129276052117348 23.741294860839844
1753302618057644 23.397133718078063 5.13995361328125 -0.018198981541491438 -0.08520166948437691 0.9875456094741822 56 1 0.516 0.505 0.516 39.7275277 32.4207044 0.02522086165845394 23.7674617767334
1753302618314613 22.63271404162921 5.15997314453125 -0.016559156562921607 -0.08794489502906798 0.9897160530090332 56 1 0.516 0.511 0.516 39.7275862 32.420822 0.03354623541235924 23.796987533569336
1753302618570446 22.775048882247244 5.15997314453125 -0.014817311951979729 -0.09135333001613616 0.9899020195007324 56 0.988 0.516 0.511 0.516 39.7275862 32.420822 -0.02541961334645748 23.82723045349121
1753302618826242 22.830511813915418 5.16998291015625 -0.01320261281764707 -0.0877156987786293 0.9892298579216003 56 0.972 0.516 0.506 0.516 39.727644 32.4209383 0.018860651180148125 23.820526123046875
1753302619050179 22.86354124132291 5.17999267578125 -0.011728566837541322 -0.0897008493542671 0.9889804720878601 56 1 0.516 0.506 0.516 39.727644 32.4209383 -0.0057546054013073444 23.80127716064453
1753302619308231 23.04001789553264 5.17999267578125 -0.010410319803415592 -0.08990685790777207 0.9895503520965576 56 0.974 0.516 0.508 0.516 39.7277015 32.4210541 -0.030024951323866844 23.78327178955078
1753302619564426 23.135083977164594 5.16998291015625 -0.009148338131353725 -0.08873000144958496 0.9892896413803102 56 1 0.516 0.508 0.516 39.7277015 32.4210541 -0.02332872711122036 23.764934539794922
1753302619805723 23.55810262165167 5.15997314453125 -0.007689060358848098 -0.08968300223350525 0.9910081028938293 56 0.989 0.516 0.508 0.516 39.7277015 32.4210541 -0.02974175661802292 23.752004623413086
1753302620064253 23.360541634977984 5.13995361328125 -0.006346393772494128 -0.08648960366845129 0.9919329881668091 56 0.972 0.514 0.508 0.515 39.7277594 32.4211709 -0.013737896457314491 23.767047882080078
1753302620321158 23.498452197786566 5.13995361328125 -0.0051379938447755555 -0.08648960366845129 0.9919329881668091 56 1 0.516 0.505 0.516 39.7278175 32.4212887 0.030598368495702744 23.795459747314453
1753302620547024 23.38699845753423 5.15997314453125 -0.0042345535655795305 -0.08551171496510505 0.9923239946365356 56 0.996 0.516 0.505 0.516 39.7278175 32.4212887 0.06384996324777603 23.81468963623047
1753302620805706 22.821046511187205 5.16998291015625 -0.003410310291124473 -0.08870138972997664 0.9935758709907532 56 0.954 0.515 0.509 0.516 39.7278749 32.4214052 0.014679992571473122 23.812095642089844
1753302621060598 22.695830459386954 5.17999267578125 -0.0027011666802299827 -0.0887651115655899 0.9934811592102052 56 1 0.515 0.509 0.516 39.7278749 32.4214052 -0.015851527452468872 23.799001693725586
1753302621317335 22.67300481936379 5.17999267578125 -0.002120522525480343 -0.08676958233118058 0.994584858417511 56 1 0.515 0.509 0.516 39.7278749 32.4214052 0.02068449929356575 23.78031349182129
1753302621577005 23.12817245527875 5.19000244140625 -0.0017128307157271681 -0.08681487813591957 0.9942980408668518 56 1 0.516 0.506 0.516 39.727932 32.4215213 0.004926659632474184 23.756555557250977
1753302621833913 23.53345322852994 5.20001220703125 -0.001405182554588936 -0.08680902644991875 0.9945796132087708 56 0.972 0.520 0.486 0.518 39.7279892 32.4216379 0.0050136130303144455 23.735937118530273
1753302622057444 23.429392326203168 5.20001220703125 -0.0009261574375401932 -0.09554927051067352 0.9961405992507935 57 1 0.520 0.486 0.518 39.7279892 32.4216379 -0.08884577453136444 23.73159408569336
1753302622313788 23.316813271029826 5.1099853515625 0.0005180882488693896 -0.126005157828331 0.9951756000518799 57 1 0.520 0.486 0.518 39.7279892 32.4216379 -0.5497013926506042 23.760982513427734
1753302622570931 23.945808998834636 4.94000244140625 0.01780412319973166 -0.13063281923532485 1.0242003202438354 58 1 0.654 0.552 0.584 39.7280469 32.4217558 -0.6877387762069702 23.811208724975586
1753302622821154 22.951521785288932 4.8499755859375 0.07179745188660969 -0.08793439120054244 1.0651814937591553 61 1 0.654 0.552 0.584 39.7280469 32.4217558 -0.03993562236428261 23.8655948638916
1753302623078610 21.898869887478266 4.90997314453125 0.1386579765496333 -0.00918429745361209 1.11641526222229 63 0.956 0.452 0.561 0.484 39.7280976 32.4218787 0.42974653840065 23.978378295898438
1753302623336084 22.2423125317817 5.14996337890625 0.19046911242166278 0.06689515486359596 1.2005693912506104 68 1 0.511 0.487 0.514 39.7281293 32.4220123 1.4382904767990112 24.16317367553711
1753302623561596 22.310736213684745 5.6300048828125 0.22401453235053229 0.08655746132135392 1.2705780267715454 72 0.974 0.511 0.487 0.514 39.7281293 32.4220123 2.309532880783081 24.15251350402832
1753302623564109 22.310736213684745 5.6300048828125 0.25420541028651483 0.08655746132135392 1.2705780267715454 72 1 0.511 0.487 0.514 39.7281293 32.4220123 2.309532880783081 24.15251350402832
1753302623818692 22.607486652243526 6.25 0.273755006138738 0.053841122984886164 1.3144351243972778 75 1 0.522 0.526 0.519 39.7281506 32.4221496 2.155933141708374 24.0479679107666
1753302624074522 21.81211837521521 6.7099609375 0.2900576044418717 0.023411210998892786 1.3434596061706543 76 0.963 0.522 0.526 0.519 39.7281506 32.4221496 1.6411118507385254 23.945219039916992
1753302624330669 21.92471830132552 7.1199951171875 0.30508049273177723 0.0333327628672123 1.3845032453536987 79 1 0.501 0.520 0.509 39.7281652 32.4222882 1.65736985206604 23.832855224609375
1753302624554574 21.792168788068164 7.5799560546875 0.3174424881668515 0.06779496893286704 1.4280275106430054 81 1 0.501 0.520 0.509 39.7281652 32.4222882 2.1676113605499268 23.70162582397461
1753302624809469 21.702901002358182 8.219970703125 0.3245002342699433 0.08823316097259522 1.4687778949737549 84 1 0.501 0.520 0.509 39.7281652 32.4222882 2.6025922298431396 23.557971954345703
1753302625068893 21.409121605401577 8.8699951171875 0.3257734519337235 0.08758862018585205 1.4987945556640627 85 1 0.509 0.510 0.513 39.7281708 32.4224255 2.676222562789917 23.440237045288086
1753302625321617 22.17371585265898 9.57000732421875 0.32308024544369734 0.08330271393060683 1.5307300090789795 87 0.997 0.509 0.518 0.513 39.7281708 32.4225604 2.6424412727355957 23.329437255859375
1753302625547178 21.48129515804111 10.22998046875 0.318639779497846 0.09562672972679137 1.558365821838379 89 0.984 0.509 0.518 0.513 39.7281708 32.4225604 2.825526237487793 23.207962036132812
1753302625827211 21.188496781135843 11.0 0.3121851036635018 0.10811769068241119 1.5838454961776733 90 1 0.510 0.513 0.513 39.7281662 32.4226944 3.0398736000061035 23.092233657836914
1753302626052985 21.031994523406297 11.75 0.30333452668967636 0.11512302458286286 1.6055883169174194 91 0.973 0.510 0.513 0.513 39.7281662 32.4226944 3.1788058280944824 23.019115447998047
1753302626053994 21.031994523406297 11.75 0.29536900741323346 0.11512302458286286 1.6055883169174194 91 0.968 0.510 0.513 0.513 39.7281662 32.4226944 3.1788058280944824 23.019115447998047
1753302626307777 21.190114009934607 12.6199951171875 0.2849439426284836 0.1228000819683075 1.625160336494446 93 0.986 0.510 0.513 0.513 39.7281662 32.4226944 3.3413636684417725 22.970844268798828
1753302626564483 21.76956061614042 13.44000244140625 0.2732347527761882 0.12481639981269835 1.6413114070892334 94 1 0.509 0.516 0.513 39.7281578 32.4228286 3.408956289291382 22.972692489624023
1753302626822661 21.2937846004985 14.3399658203125 0.26027359929260246 0.1285608947277069 1.6546740531921387 94 1 0.513 0.489 0.515 39.7281469 32.4229623 3.4934768676757812 22.976070404052734
1753302627076835 21.65937049898114 15.16998291015625 0.24644150614657964 0.1133140504360199 1.6645535230636597 95 1 0.513 0.489 0.515 39.7281469 32.4229623 3.332393169403076 22.998046875
1753302627078564 21.65937049898114 15.16998291015625 0.23399262231515913 0.1133140504360199 1.6645535230636597 95 1 0.513 0.489 0.515 39.7281469 32.4229623 3.332393169403076 22.998046875
1753302627333145 21.8687543745187 15.97998046875 0.22087911980086927 0.07925241366028786 1.6736551523208618 95 1 0.513 0.514 0.515 39.7281346 32.4230955 2.814582586288452 23.09235382080078
1753302627556172 21.135652090177608 16.5999755859375 0.20757872134507624 0.06444528549909592 1.6809232234954834 96 1 0.513 0.514 0.515 39.7281346 32.4230955 2.4871761798858643 23.18155860900879
1753302627814733 21.838627537809813 17.25 0.1942051196401798 0.06612439602613449 1.6893693208694458 96 1 0.509 0.495 0.513 39.728121 32.4232294 2.5021586418151855 23.23871612548828
1753302628070799 21.44613725059532 17.8499755859375 0.18089854144801054 0.05849103853106498 1.6961393356323242 97 1 0.509 0.495 0.513 39.728121 32.4232294 2.433724880218506 23.304899215698242
1753302628073982 21.44613725059532 17.8499755859375 0.16892262107505818 0.05849103853106498 1.6961393356323242 97 0.977 0.509 0.495 0.513 39.728121 32.4232294 2.433724880218506 23.304899215698242
1753302628325882 21.72742444232023 18.44000244140625 0.15649439444876687 0.036851717531681066 1.7007750272750854 97 1 0.512 0.510 0.515 39.7281063 32.4233659 2.112203359603882 23.429088592529297
1753302628548969 21.629895615902825 18.91998291015625 0.14366022542777934 0.027683184295892713 1.7041836977005005 97 1 0.512 0.510 0.515 39.7281063 32.4233659 1.9391156435012817 23.54829978942871
1753302628815312 21.792330813674173 19.41998291015625 0.13085014385950516 0.027880021557211875 1.7085059881210327 97 1 0.512 0.497 0.514 39.728091 32.4235037 1.946567416191101 23.65273094177246
1753302629069842 21.684715532252422 19.88995361328125 0.1181929769222911 0.022936689853668212 1.7095690965652466 97 1 0.512 0.497 0.514 39.728091 32.4235037 1.9010511636734009 23.731727600097656
1753302629326167 21.72747082033702 20.3499755859375 0.10566251451343081 0.0047113289125263694 1.7109895944595337 98 0.953 0.514 0.510 0.515 39.7280757 32.4236406 1.6274315118789673 23.809782028198242
1753302629579538 21.660591774792785 20.7099609375 0.09341708678367538 -0.0004271843237802386 1.7108216285705566 98 1 0.514 0.510 0.515 39.7280757 32.4236406 1.4690170288085938 23.866228103637695
1753302629834483 22.374367657609184 21.0999755859375 0.08166721634593133 0.003551534656435251 1.7100896835327148 97 0.980 0.513 0.498 0.515 39.7280607 32.4237778 1.5363718271255493 23.89019012451172
1753302630057112 22.25564339828675 21.469970703125 0.07041709968471399 -0.004053309233859182 1.7089262008666994 97 1 0.513 0.498 0.515 39.7280607 32.4237778 1.4438703060150146 23.9085636138916
1753302630311940 22.787749862040133 21.80999755859375 0.05946563831589107 -0.01607752554118633 1.7074816226959229 97 1 0.513 0.498 0.515 39.7280607 32.4237778 1.2297945022583008 23.956571578979492
1753302630569486 21.925509217621364 22.0799560546875 0.049171139537884156 -0.02240343280136585 1.7051805257797241 97 0.984 0.515 0.510 0.516 39.7280458 32.4239172 1.1133540868759155 24.01028060913086
1753302630824154 22.386863593175764 22.3800048828125 0.03939367025160196 -0.019269068725407124 1.7025359869003296 97 1 0.515 0.501 0.516 39.7280315 32.4240573 1.1814643144607544 24.053007125854492
1753302631046008 22.302625920607227 22.64996337890625 0.030373145095080756 -0.02483493611216545 1.7013005018234253 97 1 0.515 0.501 0.516 39.7280315 32.4240573 1.1170015335083008 24.0738525390625
1753302631333608 22.897482056224007 22.91998291015625 0.02208615559479948 -0.03528147861361504 1.6956547498703003 97 0.969 0.516 0.508 0.516 39.7280181 32.424196 0.934570848941803 24.073627471923828
1753302631557664 22.469772188736528 23.1300048828125 0.014378388313722814 -0.037476207688450815 1.6911092996597292 96 0.991 0.516 0.508 0.516 39.7280181 32.424196 0.8555054068565369 24.05958366394043
1753302631823995 22.371264323418615 23.3499755859375 0.007195751000886148 -0.038271340727806094 1.6857540607452393 96 1 0.515 0.504 0.516 39.7280057 32.4243343 0.8305479884147644 24.030309677124023
1753302632077354 22.698029945264995 23.53997802734375 0.0008700878585383167 -0.040918952226638786 1.682761311531067 96 1 0.515 0.504 0.516 39.7280057 32.4243343 0.7805021405220032 24.00847053527832
1753302632333933 23.20299690731842 23.72998046875 -0.007204463377743524 -0.053302230685949324 1.6732922792434692 95 0.983 0.385 0.504 0.450 39.7279941 32.4244738 0.6067188382148743 23.998811721801758
1753302632558771 23.72152989363452 23.8299560546875 -0.042176324392988886 -0.08996860831975936 1.6402263641357422 93 0.952 0.385 0.504 0.450 39.7279941 32.4244738 0.24823006987571716 24.00703239440918
1753302632813917 23.582667096514623 23.77996826171875 -0.11486539685633894 -0.12471549212932585 1.6242873668670654 93 0.968 0.385 0.504 0.450 39.7279941 32.4244738 -0.5878498554229736 24.088951110839844
1753302633072384 23.55119599533401 23.53997802734375 -0.19413597827441018 -0.09502910673618317 1.5550873279571533 89 0.950 0.554 0.619 0.535 39.727991 32.4246158 -1.2465903759002686 24.404170989990234
1753302633073910 23.55119599533401 23.53997802734375 -0.2654795015506743 -0.09502910673618317 1.5550873279571533 89 1 0.554 0.619 0.535 39.727991 32.4246158 -1.2465903759002686 24.404170989990234
1753302633326083 22.44993616505747 23.260009765625 -0.329688672499312 -0.012026742845773696 1.3796319961547852 79 0.977 0.515 0.557 0.516 39.728018 32.4247575 -0.5610828399658203 25.193571090698242
1753302633574208 23.627954375977886 23.3499755859375 -0.38747692635308595 0.07186595872044561 1.1897443532943726 68 1 0.515 0.557 0.516 39.728018 32.4247575 1.1911828517913818 25.75959014892578
1753302633829043 23.75437397624402 23.8800048828125 -0.43948635482148246 0.11495825946331024 1.038564682006836 59 0.981 0.517 0.435 0.516 39.7280808 32.4248824 2.470473527908325 25.717241287231445
1753302634054191 23.7457413383215 24.4599609375 -0.48391834816356827 0.06766187697649001 0.9965006113052368 57 1 0.517 0.435 0.516 39.7280808 32.4248824 1.887100100517273 25.567424774169922
1753302634344003 24.307932294411863 24.72998046875 -0.5206131868453652 -0.039587425068020814 0.9941551685333252 56 1 0.501 0.548 0.509 39.7281507 32.425 0.11385300755500793 25.362140655517578
1753302634560027 24.32582575138216 24.5899658203125 -0.5540233552061167 -0.09662386327981948 0.9551898837089539 54 0.976 0.501 0.548 0.509 39.7281507 32.425 -1.0342751741409302 25.093711853027344
1753302634839761 24.721877650649684 24.27996826171875 -0.5861734121682626 -0.09277516454458236 0.8632035255432129 49 1 0.522 0.543 0.519 39.728229 32.4251057 -1.1668950319290161 24.871898651123047
1753302635063831 23.786025149720146 24.03997802734375 -0.6151153716125234 -0.06921834722161292 0.7635625600814819 43 0.952 0.522 0.543 0.519 39.728229 32.4251057 -0.8746509552001953 24.772634506225586
1753302635320046 23.698576404088286 23.8699951171875 -0.6383434420238266 -0.05005987510085106 0.6592719554901123 37 0.993 0.519 0.514 0.517 39.7283201 32.4251869 -0.4997139573097229 24.680932998657227
1753302635576139 23.13648020776994 23.78997802734375 -0.6554377274582085 -0.048123718053102484 0.5779365301132202 33 0.996 0.519 0.514 0.517 39.7283201 32.4251869 -0.3434063494205475 24.53053092956543
1753302635831123 23.369840954555936 23.7099609375 -0.6669084486546483 -0.06426773220300674 0.5077930688858032 29 1 0.516 0.515 0.516 39.7284177 32.4252476 -0.4739440679550171 24.296417236328125
1753302636055279 23.133245559243043 23.57000732421875 -0.6743380478485554 -0.08957140296697617 0.4517640471458435 25 1 0.516 0.515 0.516 39.7284177 32.4252476 -0.7985319495201111 24.061294555664062
1753302636335556 23.210877536466736 23.3299560546875 -0.6785486505744573 -0.1087028279900551 0.39189091324806213 22 1 0.519 0.527 0.517 39.7285183 32.4252928 -1.115143060684204 23.8309383392334
1753302636559742 23.581800370058865 23.04998779296875 -0.6800322860167372 -0.11215820163488388 0.3296579122543335 18 1 0.519 0.527 0.517 39.7285183 32.4252928 -1.1808123588562012 23.66193389892578
1753302636814149 22.890979461614748 22.760009765625 -0.6780850586014342 -0.10828343629837035 0.26080334186553955 14 0.952 0.519 0.527 0.517 39.7285183 32.4252928 -1.076053261756897 23.557153701782227
1753302637070032 23.061857365913937 22.510009765625 -0.6724415567562596 -0.10695268362760543 0.20403200387954712 11 1 0.527 0.517 0.521 39.7286225 32.4253216 -0.9858681559562683 23.49261474609375
1753302637073637 23.061857365913937 22.510009765625 -0.6673624050956025 -0.10695268362760543 0.20403200387954712 11 0.999 0.527 0.517 0.521 39.7286225 32.4253216 -0.9858681559562683 23.49261474609375
1753302637325318 23.11150281837492 22.260009765625 -0.6576029061383951 -0.1097103089094162 0.14835670590400696 8 1 0.526 0.513 0.521 39.728727 32.4253349 -0.9367743730545044 23.413719177246094
1753302637580022 23.479031270899455 22.02996826171875 -0.6441781937277571 -0.1172912672162056 0.10240619629621506 5 0.989 0.526 0.513 0.521 39.728727 32.4253349 -0.9567494988441467 23.326181411743164
1753302637832414 22.91553916353027 21.76995849609375 -0.6271140145536889 -0.12498885244131089 0.05759364739060402 3 1 0.526 0.519 0.521 39.7288308 32.4253369 -1.010596513748169 23.25246810913086
1753302638055338 22.94613696742889 21.52996826171875 -0.6074210197278824 -0.12855063080787657 0.01938372105360031 1 1 0.526 0.519 0.521 39.7288308 32.4253369 -1.0178135633468628 23.20386505126953
1753302638311998 22.544912649213018 21.27996826171875 -0.5848682901754052 -0.12361230850219725 -0.01881255954504013 358 1 0.528 0.514 0.522 39.7289343 32.4253297 -0.890191376209259 23.169404983520508
1753302638568056 23.094055732210585 21.0799560546875 -0.5598208023453418 -0.12230620384216308 -0.050897128880023956 357 1 0.528 0.514 0.522 39.7289343 32.4253297 -0.7985761165618896 23.152542114257812
1753302638822606 23.142971677155103 20.8800048828125 -0.5322779250155089 -0.12276547253131866 -0.07901982963085175 355 0.967 0.528 0.514 0.522 39.7289343 32.4253297 -0.7427970767021179 23.16984748840332
1753302639079942 22.704515616786733 20.699951171875 -0.5027968539604721 -0.12070293575525284 -0.10233242064714432 354 1 0.527 0.513 0.521 39.7290386 32.4253152 -0.655784547328949 23.20985221862793
1753302639335160 23.33735199959619 20.51995849609375 -0.47139716629468004 -0.12219981998205184 -0.12219696491956711 353 1 0.525 0.515 0.520 39.7291426 32.425296 -0.6270669102668762 23.25860023498535
1753302639560487 22.721569542103907 20.3800048828125 -0.4390849588896269 -0.11918746381998062 -0.13881851732730865 352 0.980 0.525 0.515 0.520 39.7291426 32.425296 -0.5532999634742737 23.2929630279541
1753302639817078 22.325663336845842 20.260009765625 -0.40594991835225536 -0.10758582353591917 -0.1531880795955658 351 1 0.525 0.506 0.520 39.7292452 32.4252742 -0.36291253566741943 23.30661392211914
1753302640072224 22.444781388409304 20.17999267578125 -0.37265719362141714 -0.1091736227273941 -0.16104914247989655 350 0.957 0.525 0.506 0.520 39.7292452 32.4252742 -0.32346683740615845 23.318214416503906
1753302640073737 22.444781388409304 20.17999267578125 -0.3426937413636627 -0.1091736227273941 -0.16104914247989655 350 1 0.525 0.506 0.520 39.7292452 32.4252742 -0.32346683740615845 23.318214416503906
1753302640326525 23.31093140583771 20.07000732421875 -0.312273146428804 -0.11405409574508668 -0.16922278702259064 350 1 0.525 0.506 0.520 39.7292452 32.4252742 -0.4154904782772064 23.342134475708008
1753302640582101 23.033959518196877 19.969970703125 -0.2822639932384852 -0.1071559801697731 -0.17299330234527588 350 0.966 0.523 0.514 0.519 39.7293479 32.4252512 -0.3335803151130676 23.375059127807617
1753302640583614 23.033959518196877 19.969970703125 -0.2552557553671983 -0.1071559801697731 -0.17299330234527588 350 0.985 0.523 0.514 0.519 39.7293479 32.4252512 -0.3335803151130676 23.375059127807617
1753302640831334 22.754800861787174 19.88995361328125 -0.22836454857050065 -0.10067874789237977 -0.1754777580499649 349 1 0.524 0.510 0.520 39.7294526 32.4252278 -0.21052700281143188 23.443809509277344
1753302641054021 23.129507131206058 19.8399658203125 -0.20181754513375774 -0.09705223590135573 -0.17469200491905212 350 1 0.524 0.510 0.520 39.7294526 32.4252278 -0.1272946000099182 23.511045455932617
1753302641341040 23.056697729965038 19.80999755859375 -0.17573137946837675 -0.09459118992090225 -0.17262618243694308 350 0.991 0.519 0.510 0.517 39.7295574 32.4252053 -0.0761907622218132 23.572053909301758
1753302641565531 22.4961578947951 19.78997802734375 -0.15044440210980356 -0.09342987537384033 -0.1682259738445282 350 1 0.519 0.510 0.517 39.7295574 32.4252053 -0.05214238166809082 23.609777450561523
1753302641821684 22.69265466871724 19.76995849609375 -0.1261005830567078 -0.09130363762378693 -0.1628345251083374 350 0.964 0.350 0.501 0.433 39.7296616 32.425185 -0.04340120777487755 23.630794525146484
1753302642077073 22.80274167781539 19.760009765625 -0.10853583128461207 -0.08792150914669036 -0.16761943697929382 350 0.965 0.350 0.501 0.433 39.7296616 32.425185 -0.008612138219177723 23.6437931060791
1753302642334221 22.715371045083746 19.75 -0.12765579978712469 -0.10791593790054321 -0.19481706619262695 348 1 0.418 0.570 0.467 39.7297655 32.4251622 -0.057006608694791794 23.637805938720703
1753302642560159 23.18377594229866 19.69000244140625 -0.18391195738394323 -0.11477857828140257 -0.2097986340522766 347 1 0.418 0.570 0.467 39.7297655 32.4251622 -0.3907828629016876 23.673355102539062
1753302642818750 23.09057147279459 19.51995849609375 -0.25627788274925406 -0.07430103719234465 -0.29773011803627014 342 0.982 0.533 0.662 0.524 39.7298668 32.425114 -0.7509226202964783 23.932846069335938
1753302643074081 22.22588137923319 19.3599853515625 -0.3214072155780338 0.013337984681129454 -0.4767859876155854 332 1 0.533 0.662 0.524 39.7298668 32.425114 -0.23999759554862976 24.613874435424805
1753302643330204 22.770467071123566 19.55999755859375 -0.38002361512393557 0.11856859326362611 -0.7336402535438539 317 0.961 0.520 0.511 0.518 39.7299484 32.4250102 1.827105164527893 25.477890014648438
1753302643584102 23.71711251537232 20.25 -0.43277837471524716 0.19488286077976227 -0.9402438998222351 306 1 0.520 0.511 0.518 39.7299484 32.4250102 3.5995144844055176 25.62853240966797
1753302643838416 23.725498803510884 21.28997802734375 -0.4802576583474276 0.19276872277259824 -1.0566831827163696 299 1 0.512 0.448 0.514 39.7299986 32.4248763 3.85884165763855 25.51053237915039
1753302644061642 24.20851884168726 22.1099853515625 -0.5229890136163899 0.11599431037902833 -1.0754175186157227 298 1 0.512 0.448 0.514 39.7299986 32.4248763 2.6679773330688477 25.459001541137695
1753302644063659 24.20851884168726 22.1099853515625 -0.5614472333584561 0.11599431037902833 -1.0754175186157227 298 0.954 0.512 0.448 0.514 39.7299986 32.4248763 2.6679773330688477 25.459001541137695
1753302644320351 23.600904977881434 22.55999755859375 -0.5960596311263158 0.009312812238931654 -1.0788499116897583 298 0.957 0.507 0.543 0.512 39.7300431 32.424741 0.7829405069351196 25.272825241088867
1753302644573637 24.294570057950782 22.6199951171875 -0.6272107891173894 -0.039131123945117 -1.1322553157806396 295 1 0.507 0.543 0.512 39.7300431 32.424741 -0.2368297427892685 24.970136642456055
1753302644830431 24.117322376968367 22.510009765625 -0.6552468313093556 -0.04665685892105102 -1.2308330535888672 289 0.960 0.515 0.556 0.516 39.7300735 32.4246017 -0.5553746819496155 24.726970672607422
1753302645087082 23.326803380104746 22.3800048828125 -0.6804792692821252 -0.03965240903198718 -1.3397687673568728 283 1 0.515 0.556 0.516 39.7300735 32.4246017 -0.5024317502975464 24.646045684814453
1753302645343588 22.738991773718805 22.27996826171875 -0.7031884634576179 -0.02599010169506073 -1.4645253419876099 276 1 0.517 0.527 0.516 39.7300789 32.4244575 -0.24266067147254944 24.59503936767578
1753302645569300 22.851177233554658 22.239990234375 -0.7236267382155612 -0.022512533888220786 -1.5667738914489748 270 0.993 0.517 0.527 0.516 39.7300789 32.4244575 -0.10671248286962509 24.51503562927246
1753302645825589 23.017491500819073 22.219970703125 -0.7420024205074389 -0.034730919450521466 -1.6599469184875488 264 0.988 0.517 0.527 0.516 39.7300789 32.4244575 -0.22358594834804535 24.35333824157715
1753302646084265 22.61529178115015 22.13995361328125 -0.7561749037050317 -0.05463929399847984 -1.7338900566101074 260 1 0.516 0.524 0.516 39.7300627 32.424318 -0.506029486656189 24.168716430664062
1753302646340109 22.843592552235894 21.97998046875 -0.7663760974356334 -0.07432263419032095 -1.814155101776123 256 0.990 0.516 0.527 0.516 39.7300307 32.424186 -0.7983337640762329 23.954648971557617
1753302646564422 22.992076468449483 21.76995849609375 -0.7734005446149828 -0.08819206357002259 -1.888865113258362 251 1 0.516 0.527 0.516 39.7300307 32.424186 -0.9880298376083374 23.75691795349121
1753302646845965 23.027987249707877 21.5 -0.7770052488071252 -0.10061460882425309 -1.9671368598937988 247 1 0.521 0.533 0.518 39.7299843 32.4240629 -1.1582555770874023 23.56899642944336
1753302647070041 23.594686260855458 21.199951171875 -0.7774263562639828 -0.10957285165786743 -2.03863787651062 243 1.000 0.521 0.533 0.518 39.7299843 32.4240629 -1.2782424688339233 23.442668914794922
1753302647326995 23.374172975224727 20.8399658203125 -0.7739405639660606 -0.11130268722772597 -2.1158089637756348 238 0.951 0.521 0.533 0.518 39.7299843 32.4240629 -1.2715795040130615 23.356664657592773
1753302647584139 23.39394885241297 20.52996826171875 -0.76646096179118 -0.1128655880689621 -2.183952569961548 234 0.972 0.528 0.521 0.522 39.7299247 32.4239498 -1.208145260810852 23.297521591186523
1753302647839327 22.95156439468716 20.199951171875 -0.7542069375744186 -0.11828289330005645 -2.24837327003479 231 1 0.530 0.516 0.523 39.729855 32.4238488 -1.2044721841812134 23.230751037597656
1753302648063921 23.28330236325633 19.90997314453125 -0.7373899120298675 -0.12439201176166535 -2.301528692245484 228 0.961 0.530 0.516 0.523 39.729855 32.4238488 -1.2064487934112549 23.14805030822754
1753302648319800 23.431735019557745 19.5799560546875 -0.7156552819795298 -0.13369065374135972 -2.3527207374572754 225 1 0.530 0.516 0.523 39.729855 32.4238488 -1.2267979383468628 23.058452606201172
1753302648576330 23.226451133285153 19.26995849609375 -0.6901027424681384 -0.1408222943544388 -2.3938839435577393 222 1 0.531 0.519 0.523 39.7297792 32.4237585 -1.268713116645813 22.996780395507812
1753302648832120 23.340294527988302 18.94000244140625 -0.6603600588633 -0.14112977385520936 -2.4363319873809814 220 0.996 0.531 0.519 0.523 39.7297792 32.4237585 -1.1839250326156616 22.954978942871094
1753302649090137 23.11765638344763 18.65997314453125 -0.6272116101259033 -0.13706478178501127 -2.46783709526062 218 1 0.536 0.513 0.526 39.7296985 32.4236755 -1.0445061922073364 22.950027465820312
1753302649093725 23.11765638344763 18.65997314453125 -0.5973780062622465 -0.13706478178501127 -2.46783709526062 218 1 0.536 0.513 0.526 39.7296985 32.4236755 -1.0445061922073364 22.950027465820312
1753302649348965 22.985928262337733 18.3800048828125 -0.5633728957319234 -0.13792263269424437 -2.4971265792846684 216 1 0.535 0.516 0.525 39.7296138 32.4235971 -0.9681153893470764 22.980180740356445
1753302649573541 22.56823562432426 18.13995361328125 -0.526386084211824 -0.14046362042427063 -2.5186557769775395 215 0.963 0.535 0.516 0.525 39.7296138 32.4235971 -0.9297813773155212 23.027063369750977
1753302649822855 23.40541240864061 17.8800048828125 -0.48670104031529227 -0.13524692058563234 -2.5368564128875732 214 0.985 0.535 0.516 0.525 39.7296138 32.4235971 -0.8232567310333252 23.08829116821289
1753302650081563 22.474221721315683 17.69000244140625 -0.4455107432731944 -0.12833078056573868 -2.549696922302246 213 1 0.530 0.511 0.523 39.7295275 32.4235217 -0.6760862469673157 23.127178192138672
1753302650083709 22.474221721315683 17.69000244140625 -0.4084394759353064 -0.12833078056573868 -2.549696922302246 213 0.968 0.530 0.511 0.523 39.7295275 32.4235217 -0.6760862469673157 23.127178192138672
1753302650339028 22.675233433239356 17.51995849609375 -0.36982292765373553 -0.1244356647133827 -2.5567030906677246 213 0.985 0.526 0.512 0.521 39.7294412 32.4234475 -0.5873225331306458 23.17047119140625
1753302650564087 22.60856485914799 17.3699951171875 -0.3307193379908315 -0.1234647750854492 -2.559317111968994 213 0.967 0.526 0.512 0.521 39.7294412 32.4234475 -0.5598199367523193 23.212553024291992
1753302650819996 23.066396039111684 17.219970703125 -0.2917338075914542 -0.11854391396045684 -2.5598394870758057 213 0.959 0.526 0.509 0.520 39.7293548 32.4233719 -0.5003709197044373 23.275222778320312
1753302651074599 22.553620954704805 17.1099853515625 -0.25387886428939344 -0.11132785677909851 -2.556854486465454 213 0.969 0.526 0.509 0.520 39.7293548 32.4233719 -0.38028427958488464 23.333999633789062
1753302651331698 22.870058695970975 17.0 -0.21694201541638708 -0.1117326870560646 -2.5503692626953125 213 0.989 0.526 0.509 0.520 39.7293548 32.4233719 -0.36810302734375 23.416778564453125
1753302651589031 22.90575847288296 16.89996337890625 -0.18119848650124376 -0.1101156398653984 -2.542306900024414 214 0.994 0.524 0.514 0.520 39.7292681 32.4232933 -0.3497062027454376 23.5101318359375
1753302651848028 23.202451756625642 16.79998779296875 -0.14672710640513928 -0.10315122604370117 -2.5320351123809814 214 1 0.522 0.507 0.518 39.7291823 32.4232116 -0.26151177287101746 23.608333587646484
1753302652071637 22.950824752434556 16.739990234375 -0.11422006615952282 -0.09679693132638931 -2.520129919052124 215 0.971 0.522 0.507 0.518 39.7291823 32.4232116 -0.14269810914993286 23.6536922454834
1753302652073719 22.950824752434556 16.739990234375 -0.08496372993846799 -0.09679693132638931 -2.520129919052124 215 0.953 0.522 0.507 0.518 39.7291823 32.4232116 -0.14269810914993286 23.6536922454834
1753302652330256 22.902335290441492 16.699951171875 -0.05741729673200904 -0.09930108785629273 -2.505752801895142 216 1 0.519 0.513 0.517 39.7290989 32.423127 -0.17964370548725128 23.687192916870117
1753302652586308 22.914576865571554 16.63995361328125 -0.03166825625110321 -0.10007315576076507 -2.49172306060791 217 0.953 0.519 0.513 0.517 39.7290989 32.423127 -0.22538885474205017 23.708398818969727
1753302652831708 22.967645172755848 16.5899658203125 -0.007814373548108216 -0.09402147978544234 -2.4746408462524414 218 1 0.519 0.513 0.517 39.7290989 32.423127 -0.13682357966899872 23.731489181518555
1753302653087190 23.331976477685245 16.55999755859375 0.013841866574933045 -0.09396128356456757 -2.4593944549560547 219 0.959 0.518 0.507 0.517 39.7290174 32.4230388 -0.11391634494066238 23.750892639160156
1753302653343703 23.530869949235864 16.510009765625 0.03354274701081209 -0.0966052234172821 -2.442354679107666 220 1 0.518 0.511 0.517 39.7289372 32.4229459 -0.16786009073257446 23.79056167602539
1753302653569387 23.576278748858908 16.4599609375 0.05129083071055257 -0.09719161242246627 -2.4274230003356934 220 0.985 0.518 0.511 0.517 39.7289372 32.4229459 -0.17925523221492767 23.8410701751709
1753302653827023 23.057723178187576 16.40997314453125 0.06688324130090098 -0.0926429957151413 -2.4096951484680176 221 1 0.516 0.507 0.516 39.7288592 32.4228491 -0.10681727528572083 23.881420135498047
1753302654084448 22.70488562243146 16.3699951171875 0.08075408354263323 -0.0947453886270523 -2.395045518875122 222 0.971 0.516 0.507 0.516 39.7288592 32.4228491 -0.11373330652713776 23.893943786621094
1753302654085460 22.70488562243146 16.3699951171875 0.09323784156019227 -0.0947453886270523 -2.395045518875122 222 0.953 0.516 0.507 0.516 39.7288592 32.4228491 -0.11373330652713776 23.893943786621094
1753302654338503 22.69367566361248 16.3299560546875 0.10397246280349558 -0.09623989462852478 -2.3776907920837402 223 1 0.516 0.507 0.516 39.7287845 32.4227505 -0.1601150780916214 23.88520050048828
1753302654562664 22.830481076100035 16.27996826171875 0.11294013380143582 -0.09645400792360305 -2.362218141555786 224 0.998 0.516 0.507 0.516 39.7287845 32.4227505 -0.16656869649887085 23.868640899658203
1753302654563678 22.830481076100035 16.27996826171875 0.12101103769958203 -0.09645400792360305 -2.362218141555786 224 0.956 0.516 0.507 0.516 39.7287845 32.4227505 -0.16656869649887085 23.868640899658203
1753302654820189 23.4672055140109 16.22998046875 0.12783260113495754 -0.09629775434732436 -2.3454997539520264 225 0.974 0.515 0.507 0.516 39.7287123 32.4226494 -0.17654256522655487 23.841140747070312
1753302655074810 22.899729260696553 16.19000244140625 0.13324051469413786 -0.09763159453868865 -2.3327529430389404 226 1 0.515 0.507 0.516 39.7287123 32.4226494 -0.19610238075256348 23.822282791137695
1753302655330866 23.506049693251285 16.1300048828125 0.13710712227089716 -0.09953917115926741 -2.317556858062744 227 1 0.515 0.507 0.516 39.7287123 32.4226494 -0.22479018568992615 23.817235946655273
1753302655587288 23.59869086888476 16.07000732421875 0.13986088186082407 -0.09853802174329757 -2.3051788806915288 227 1 0.513 0.506 0.515 39.7286416 32.4225446 -0.19639480113983154 23.829164505004883
1753302655821028 23.213276397552317 16.0 0.1413399220965251 -0.10436982661485673 -2.2930619716644287 228 1 0.513 0.506 0.515 39.7286416 32.4225446 -0.2687896192073822 23.849061965942383
1753302656075230 23.258840426104477 15.91998291015625 0.14187080485778553 -0.10497038066387175 -2.2811896800994873 229 0.969 0.516 0.512 0.516 39.7285726 32.4224373 -0.302690714597702 23.85775375366211
1753302656323159 22.765127812744232 15.8499755859375 0.1413809358163849 -0.09972308725118637 -2.2686874866485596 230 0.977 0.516 0.512 0.516 39.7285726 32.4224373 -0.2194008082151413 23.840417861938477
1753302656577632 23.007063233719688 15.78997802734375 0.14016834489263671 -0.10070353150367738 -2.258030652999878 230 0.971 0.513 0.506 0.515 39.7285062 32.4223293 -0.2288520783185959 23.82151985168457
1753302656578642 23.007063233719688 15.78997802734375 0.13907701306126335 -0.10070353150367738 -2.258030652999878 230 0.971 0.513 0.506 0.515 39.7285062 32.4223293 -0.2288520783185959 23.82151985168457
1753302656830120 23.085984799347795 15.719970703125 0.1371932062439485 -0.10235614776611328 -2.2476484775543213 231 0.962 0.515 0.507 0.516 39.7284417 32.4222202 -0.2719128429889679 23.79276466369629
1753302657082450 22.932161734000662 15.65997314453125 0.1343741982816783 -0.1026549071073532 -2.238153696060181 231 1.000 0.515 0.507 0.516 39.7284417 32.4222202 -0.29053834080696106 23.763914108276367
1753302657083474 22.932161734000662 15.65997314453125 0.13183709111563507 -0.1026549071073532 -2.238153696060181 231 0.988 0.515 0.507 0.516 39.7284417 32.4222202 -0.29053834080696106 23.763914108276367
1753302657337077 22.861569685816185 15.5799560546875 0.12856969350652825 -0.10459893941879271 -2.2287116050720215 232 1 0.513 0.510 0.515 39.7283782 32.422109 -0.2980068624019623 23.734699249267578
1753302657591086 22.879974860725586 15.5 0.124869140512439 -0.10747530907392502 -2.221856117248535 232 0.983 0.513 0.510 0.515 39.7283782 32.422109 -0.3513779640197754 23.736825942993164
1753302657593120 22.879974860725586 15.5 0.12153864281775867 -0.10747530907392502 -2.221856117248535 232 0.967 0.513 0.510 0.515 39.7283782 32.422109 -0.3513779640197754 23.736825942993164
1753302657847582 23.46126115694325 15.40997314453125 0.11753768364252729 -0.10724827200174332 -2.21419620513916 233 1 0.514 0.507 0.515 39.7283152 32.4219957 -0.3462190330028534 23.75954818725586
1753302658069603 23.591271697884906 15.3299560546875 0.11315991407330707 -0.10617947876453399 -2.208622455596924 233 1 0.514 0.507 0.515 39.7283152 32.4219957 -0.3174494504928589 23.782758712768555
1753302658073184 23.591271697884906 15.3299560546875 0.10921992146100887 -0.10617947876453399 -2.208622455596924 233 1 0.514 0.507 0.515 39.7283152 32.4219957 -0.3174494504928589 23.782758712768555
1753302658333469 22.990893432791975 15.25 0.1048702123742666 -0.10365404337644576 -2.2024335861206055 233 1 0.514 0.507 0.515 39.7282537 32.4218824 -0.2605248987674713 23.79481315612793
1753302658575093 23.371895927470653 15.19000244140625 0.10016413350236708 -0.10754440277814865 -2.198009967803955 234 1 0.514 0.507 0.515 39.7282537 32.4218824 -0.30981916189193726 23.785329818725586
1753302658849491 22.974877390217237 15.0899658203125 0.09516862543820405 -0.11218837797641754 -2.1937897205352783 234 1 0.516 0.509 0.516 39.7281933 32.4217694 -0.4162410795688629 23.766094207763672
1753302659074095 23.14485349445524 14.989990234375 0.08995760392307399 -0.10824538469314575 -2.190021276473999 234 0.964 0.516 0.509 0.516 39.7281933 32.4217694 -0.3808070421218872 23.76024055480957
1753302659329882 22.912468449380633 14.90997314453125 0.08478517229401313 -0.10194866806268692 -2.1852643489837646 234 0.952 0.516 0.509 0.516 39.7281933 32.4217694 -0.2734246850013733 23.746004104614258
1753302659588637 23.25344617374031 14.8499755859375 0.07960731740334549 -0.10546334087848663 -2.1819040775299072 234 0.967 0.514 0.503 0.515 39.728133 32.4216551 -0.29226964712142944 23.751482009887695
1753302659843935 23.116182737864918 14.75 0.07423779161011206 -0.11557831913232804 -2.1784861087799072 235 1 0.515 0.514 0.516 39.7280727 32.4215392 -0.4427463114261627 23.77916145324707
1753302660081152 22.857145862565723 14.63995361328125 0.06882575489194716 -0.11181293129920959 -2.177309513092041 235 1 0.515 0.514 0.516 39.7280727 32.4215392 -0.4385465979576111 23.807899475097656
1753302660083168 22.857145862565723 14.63995361328125 0.06395492184559873 -0.11181293129920959 -2.177309513092041 235 1 0.515 0.514 0.516 39.7280727 32.4215392 -0.4385465979576111 23.807899475097656
1753302660322034 23.30844743526987 14.54998779296875 0.05887754726469849 -0.10225180834531784 -2.174736261367798 235 0.969 0.515 0.514 0.516 39.7280727 32.4215392 -0.2513168156147003 23.807754516601562
1753302660576612 23.06840391990025 14.489990234375 0.05390594908351005 -0.10564529597759247 -2.173555850982666 235 0.998 0.515 0.502 0.516 39.7280131 32.4214241 -0.27131155133247375 23.781034469604492
1753302660830829 23.71632584672119 14.39996337890625 0.04878259586081029 -0.11421814113855361 -2.173643112182617 235 1 0.515 0.502 0.516 39.7280131 32.4214241 -0.4332162141799927 23.757043838500977
1753302661087747 23.45595022305664 14.29998779296875 0.04398687199050296 -0.11180096715688705 -2.1733176708221436 235 1 0.515 0.511 0.516 39.7279541 32.4213098 -0.4274676740169525 23.739404678344727
1753302661343902 23.62981603971229 14.19000244140625 0.03956580429071183 -0.10654483884572982 -2.174220561981201 235 0.997 0.513 0.504 0.515 39.7278949 32.4211953 -0.3452646732330322 23.72751235961914
1753302661566681 22.75098813131117 14.1099853515625 0.035221725311523636 -0.10642616748809813 -2.1733593940734863 235 0.971 0.513 0.504 0.515 39.7278949 32.4211953 -0.33219587802886963 23.715232849121094
1753302661852603 23.214301073805686 14.010009765625 0.031128656791877114 -0.11338405162096024 -2.172820806503296 235 1 0.515 0.511 0.516 39.727835 32.4210794 -0.41721752285957336 23.738582611083984
1753302662071715 22.963204788211254 13.89996337890625 0.027051436947791007 -0.11142969280481338 -2.1720478534698486 235 0.952 0.515 0.511 0.516 39.727835 32.4210794 -0.4155769348144531 23.773977279663086
1753302662073233 22.963204788211254 13.89996337890625 0.02338193908811351 -0.11142969280481338 -2.1720478534698486 235 0.975 0.515 0.511 0.516 39.727835 32.4210794 -0.4155769348144531 23.773977279663086
1753302662339808 23.51173086959028 13.80999755859375 0.019629241183973016 -0.10638836622238158 -2.1729021072387695 235 1 0.516 0.503 0.516 39.7277753 32.4209641 -0.3017403483390808 23.788198471069336
1753302662561770 22.907359696211568 13.739990234375 0.015942894396701452 -0.10655804425477981 -2.17342472076416 235 0.984 0.516 0.503 0.516 39.7277753 32.4209641 -0.2945432960987091 23.779443740844727
1753302662568347 22.907359696211568 13.739990234375 0.012625182288157042 -0.10655804425477981 -2.17342472076416 235 0.960 0.516 0.503 0.516 39.7277753 32.4209641 -0.2945432960987091 23.779443740844727
1753302662837575 22.974407066763906 13.64996337890625 0.009589103639662649 -0.11187014430761338 -2.1754162311553955 235 1 0.516 0.509 0.516 39.7277158 32.4208498 -0.3832014799118042 23.762672424316406
1753302663093587 23.36385767812658 13.54998779296875 0.006736918417102444 -0.11435562968254089 -2.1767544746398926 235 0.960 0.516 0.509 0.516 39.7277158 32.4208498 -0.4455447494983673 23.74494743347168
1753302663349464 22.840518476681133 13.44000244140625 0.0038951407767710217 -0.10848778635263441 -2.1774919033050537 235 0.980 0.515 0.506 0.516 39.727656 32.4207355 -0.3689376711845398 23.73778533935547
1753302663574047 23.021001671222844 13.3499755859375 0.001453031977776628 -0.10980898439884185 -2.1778817176818848 235 1 0.515 0.506 0.516 39.727656 32.4207355 -0.36868950724601746 23.731815338134766
1753302663848183 23.219967122771866 13.25 -0.0007479158364856769 -0.11210216730833054 -2.180546522140503 235 0.971 0.516 0.511 0.516 39.7275953 32.4206201 -0.3950655162334442 23.75851821899414
1753302664093413 23.74482598493655 13.14996337890625 -0.0027068295171670193 -0.11486683338880539 -2.181422233581543 235 1 0.516 0.511 0.516 39.7275953 32.4206201 -0.4257655143737793 23.792339324951172
1753302664348158 23.106985846790916 13.04998779296875 -0.004661284626198896 -0.11171044856309892 -2.1826887130737305 234 1 0.516 0.505 0.516 39.7275343 32.4205049 -0.37429288029670715 23.83002281188965
1753302664571189 22.982970409513744 12.969970703125 -0.006369811325377007 -0.10930741876363753 -2.185429811477661 234 0.995 0.516 0.505 0.516 39.7275343 32.4205049 -0.32254019379615784 23.84139060974121
1753302664573203 22.982970409513744 12.969970703125 -0.007907485354637306 -0.10930741876363753 -2.185429811477661 234 1 0.516 0.505 0.516 39.7275343 32.4205049 -0.32254019379615784 23.84139060974121
1753302664828240 23.160765572920948 12.88995361328125 -0.009467262749697447 -0.11046180725097654 -2.186072587966919 234 0.952 0.516 0.511 0.516 39.7274738 32.4203914 -0.340396523475647 23.828540802001953
1753302665081416 23.009569682415897 12.79998779296875 -0.010801139637672019 -0.11619011759757995 -2.1875481605529785 234 0.971 0.516 0.511 0.516 39.7274738 32.4203914 -0.4398359954357147 23.813392639160156
1753302665083506 23.009569682415897 12.79998779296875 -0.012001628836849135 -0.11619011759757995 -2.1875481605529785 234 0.965 0.516 0.511 0.516 39.7274738 32.4203914 -0.4398359954357147 23.813392639160156
1753302665336620 23.520428531970907 12.67999267578125 -0.013008381011359815 -0.11527778655290605 -2.189476490020752 234 0.976 0.517 0.504 0.516 39.727413 32.4202782 -0.45108678936958313 23.79868507385254
1753302665590838 23.615580888223867 12.5799560546875 -0.013878972529416913 -0.10863289982080458 -2.191138982772827 234 0.956 0.517 0.504 0.516 39.727413 32.4202782 -0.35668206214904785 23.78732681274414
1753302665593348 23.615580888223867 12.5799560546875 -0.0146625048956683 -0.10863289982080458 -2.191138982772827 234 1 0.517 0.504 0.516 39.727413 32.4202782 -0.35668206214904785 23.78732681274414
1753302665846184 23.107231399510148 12.489990234375 -0.015333189513511423 -0.11152456104755401 -2.1932852268218994 234 1 0.517 0.510 0.516 39.7273512 32.4201636 -0.3620300889015198 23.799264907836914
1753302666070008 23.340356272942532 12.3800048828125 -0.015741566930318144 -0.11598565280437469 -2.1946048736572266 234 1 0.517 0.510 0.516 39.7273512 32.4201636 -0.4294055998325348 23.82587242126465
1753302666073176 23.340356272942532 12.3800048828125 -0.016109106605444193 -0.11598565280437469 -2.1946048736572266 234 0.976 0.517 0.510 0.516 39.7273512 32.4201636 -0.4294055998325348 23.82587242126465
1753302666325690 23.338013591762277 12.26995849609375 -0.016197681202167726 -0.11537462621927261 -2.1973016262054443 234 1 0.516 0.507 0.516 39.7272892 32.4200495 -0.4317101836204529 23.851594924926758
1753302666579597 23.77533993159627 12.19000244140625 -0.016112006160176804 -0.11084108203649519 -2.1979963779449463 234 1 0.516 0.507 0.516 39.7272892 32.4200495 -0.34945306181907654 23.854341506958008
1753302666833163 23.427944369441047 12.0999755859375 -0.01587089634915323 -0.11001507639884948 -2.198460340499878 234 0.966 0.516 0.505 0.516 39.7272277 32.4199369 -0.34463492035865784 23.824800491333008
1753302667085822 23.761395010140024 12.01995849609375 -0.015524722612471559 -0.11321532279253005 -2.200617551803589 233 0.958 0.516 0.505 0.516 39.7272277 32.4199369 -0.38500505685806274 23.79410171508789
1753302667343947 22.93962410980495 11.90997314453125 -0.015193525773946505 -0.1166948229074478 -2.20190167427063 233 0.995 0.516 0.507 0.516 39.7271662 32.4198247 -0.46675825119018555 23.776485443115234
1753302667567824 23.24367632189321 11.79998779296875 -0.014886469552067573 -0.11204204410314561 -2.20257568359375 233 0.958 0.516 0.507 0.516 39.7271662 32.4198247 -0.41743528842926025 23.76388168334961
1753302667844771 22.87953579129153 11.70001220703125 -0.014348824110610179 -0.10925997942686082 -2.2022924423217773 233 0.956 0.516 0.506 0.516 39.727104 32.4197116 -0.3596193492412567 23.75591468811035
1753302668068604 23.087898266421362 11.6099853515625 -0.013843598044946394 -0.11312153935432435 -2.204505205154419 233 1 0.516 0.506 0.516 39.727104 32.4197116 -0.388260155916214 23.77454948425293
1753302668073125 23.087898266421362 11.6099853515625 -0.013388894585848991 -0.11312153935432435 -2.204505205154419 233 0.990 0.516 0.506 0.516 39.727104 32.4197116 -0.388260155916214 23.77454948425293
1753302668355412 23.187743094967537 11.489990234375 -0.012784872934741804 -0.1205493316054344 -2.2049176692962646 233 1 0.516 0.509 0.516 39.7270412 32.4195978 -0.5093203783035278 23.804134368896484
1753302668579795 22.845496669760383 11.3699951171875 -0.012159914529046145 -0.11372999995946885 -2.205103874206543 233 1 0.516 0.509 0.516 39.7270412 32.4195978 -0.43409469723701477 23.829959869384766
1753302668833782 23.4787187954351 11.27996826171875 -0.01164708437909549 -0.11049187928438187 -2.206338405609131 233 1 0.516 0.509 0.516 39.7270412 32.4195978 -0.351047545671463 23.82793617248535
1753302669091395 23.81814428080948 11.19000244140625 -0.011136884999408115 -0.11555994004011154 -2.2071733474731445 233 0.953 0.516 0.509 0.516 39.7269791 32.4194854 -0.43119195103645325 23.816692352294922
1753302669092440 23.81814428080948 11.19000244140625 -0.010677705557689477 -0.11555994004011154 -2.2071733474731445 233 0.960 0.516 0.509 0.516 39.7269791 32.4194854 -0.43119195103645325 23.816692352294922
1753302669349763 23.437903159190228 11.07000732421875 -0.010134346538673709 -0.11420807540416718 -2.206031322479248 233 0.986 0.516 0.502 0.516 39.7269172 32.4193735 -0.45299452543258667 23.8021297454834
1753302669574028 23.78838022316958 10.97998046875 -0.009630287032327833 -0.10857727229595183 -2.207312822341919 233 0.962 0.516 0.502 0.516 39.7269172 32.4193735 -0.3577204644680023 23.782297134399414
1753302669857956 23.29021999928595 10.88995361328125 -0.00895453863065849 -0.11178639531135559 -2.206362009048462 233 1 0.514 0.511 0.515 39.7268547 32.4192606 -0.38944628834724426 23.76543426513672
1753302670083549 23.488350412007588 10.78997802734375 -0.008276998790097925 -0.11911926716566085 -2.206372022628784 233 1 0.514 0.511 0.515 39.7268547 32.4192606 -0.503281831741333 23.782039642333984
1753302670097180 23.488350412007588 10.78997802734375 -0.007667212933593417 -0.11911926716566085 -2.206372022628784 233 1 0.514 0.511 0.515 39.7268547 32.4192606 -0.503281831741333 23.782039642333984
1753302670336777 23.389861956491583 10.64996337890625 -0.007359479535633407 -0.11499912738800047 -2.2070670127868652 233 0.968 0.516 0.499 0.516 39.7267919 32.419147 -0.47455939650535583 23.813825607299805
1753302670589203 23.058410048255315 10.55999755859375 -0.007263333520156815 -0.10731055438518525 -2.2075283527374268 233 0.980 0.516 0.499 0.516 39.7267919 32.419147 -0.3106384575366974 23.832727432250977
1753302670853168 23.808110336322216 10.47998046875 -0.007156068583976633 -0.11674882322549818 -2.209977149963379 233 0.989 0.518 0.514 0.517 39.7267296 32.4190348 -0.42689594626426697 23.830398559570312
1753302671076985 23.91076509751177 10.3599853515625 -0.006959466981352632 -0.12011891454458236 -2.210176944732666 233 1 0.518 0.514 0.517 39.7267296 32.4190348 -0.5398884415626526 23.823673248291016
1753302671333439 23.665570850433795 10.239990234375 -0.006429764575849115 -0.11058918833732605 -2.2096431255340576 233 0.989 0.518 0.514 0.517 39.7267296 32.4190348 -0.4114510118961334 23.810400009155273
1753302671590130 23.62270335102643 10.14996337890625 -0.005664023365086442 -0.1102404862642288 -2.2105066776275635 233 1 0.516 0.503 0.516 39.7266673 32.4189231 -0.38181227445602417 23.799467086791992
1753302671837992 22.941252091765275 10.04998779296875 -0.0048429138737599185 -0.1158939555287361 -2.209219455718994 233 0.959 0.516 0.503 0.516 39.7266673 32.4189231 -0.4778709411621094 23.793521881103516
1753302672093922 23.28843723250652 9.94000244140625 -0.004138027186186326 -0.1103758990764618 -2.207883358001709 233 1 0.515 0.507 0.516 39.7266048 32.4188108 -0.41923338174819946 23.796491622924805
1753302672350081 23.657970289641806 9.8399658203125 -0.003545831758800488 -0.11108711361885071 -2.208902359008789 233 1 0.516 0.509 0.516 39.7265418 32.4186973 -0.38540807366371155 23.812252044677734
1753302672576565 23.0350727163165 9.75 -0.003137129317514978 -0.11647002846002578 -2.208692789077759 233 0.969 0.516 0.509 0.516 39.7265418 32.4186973 -0.4516015350818634 23.835710525512695
1753302672827144 23.9448153390908 9.63995361328125 -0.00294532263415043 -0.11402318924665451 -2.2089004516601562 233 0.978 0.516 0.509 0.516 39.7265418 32.4186973 -0.43583402037620544 23.853981018066406
1753302673081748 23.07395669334031 9.54998779296875 -0.0026263647569250786 -0.11101724803447724 -2.207446575164795 233 0.953 0.516 0.505 0.516 39.7264791 32.4185842 -0.3759518563747406 23.834383010864258
1753302673083271 23.07395669334031 9.54998779296875 -0.0023393026674222626 -0.11101724803447724 -2.207446575164795 233 0.977 0.516 0.505 0.516 39.7264791 32.4185842 -0.3759518563747406 23.834383010864258
1753302673336244 23.374118448069304 9.44000244140625 -0.0020190765980681786 -0.11745745092630384 -2.207890510559082 233 1 0.516 0.505 0.516 39.7264791 32.4185842 -0.4711793065071106 23.810152053833008
1753302673593689 23.005828497418545 9.32000732421875 -0.0018001921268039356 -0.11790219992399216 -2.207573652267456 233 1 0.516 0.513 0.516 39.726417 32.4184722 -0.5232646465301514 23.796104431152344
1753302673856087 23.8088757547118 9.20001220703125 -0.0016772330284643988 -0.10930306911468506 -2.2067277431488037 233 0.982 0.516 0.503 0.516 39.7263548 32.4183599 -0.4100067615509033 23.775815963745117
1753302674079690 23.65965811527569 9.1099853515625 -0.0015597753120872814 -0.10828416645526885 -2.2067410945892334 233 0.971 0.516 0.503 0.516 39.7263548 32.4183599 -0.3545038402080536 23.76953887939453
1753302674083227 23.65965811527569 9.1099853515625 -0.0014540633673478757 -0.10828416645526885 -2.2067410945892334 233 0.972 0.516 0.503 0.516 39.7263548 32.4183599 -0.3545038402080536 23.76953887939453
1753302674335631 23.17384918924969 9.0 -0.0012534097531260188 -0.1148830324411392 -2.2069385051727295 233 1 0.516 0.503 0.516 39.7263548 32.4183599 -0.4506721496582031 23.792539596557617
1753302674592049 23.196687932150656 8.88995361328125 -0.0011468802845564941 -0.1170671820640564 -2.2065510749816895 233 1 0.516 0.512 0.516 39.726292 32.4182464 -0.49561622738838196 23.818016052246094
1753302674593153 23.196687932150656 8.88995361328125 -0.001051003762843922 -0.1170671820640564 -2.2065510749816895 233 0.960 0.516 0.512 0.516 39.726292 32.4182464 -0.49561622738838196 23.818016052246094
1753302674844344 23.27234901129291 8.76995849609375 -0.0009989162640294123 -0.11158188879489898 -2.2074060440063477 233 0.956 0.516 0.505 0.516 39.7262294 32.4181333 -0.40296420454978943 23.845014572143555
1753302675089553 22.9526566889535 8.67999267578125 -0.0009914635778181125 -0.10963739752769469 -2.2069528102874756 233 1 0.516 0.505 0.516 39.7262294 32.4181333 -0.35511213541030884 23.82697296142578
1753302675327221 22.9201922613826 8.5799560546875 -0.0011195424659442039 -0.11301649063825606 -2.207467555999756 233 0.971 0.516 0.505 0.516 39.7262294 32.4181333 -0.4165686070919037 23.80779266357422
1753302675593849 23.52977774057996 8.47998046875 -0.0010952888871408521 -0.11272139251232148 -2.206655263900757 233 0.960 0.516 0.508 0.516 39.7261674 32.4180213 -0.44029560685157776 23.794626235961914
1753302675855471 23.352310397719144 8.3699951171875 -0.000893820800107898 -0.11105792820453646 -2.2063357830047607 233 1 0.516 0.505 0.516 39.7261051 32.4179089 -0.42058050632476807 23.782663345336914
1753302676091576 23.278884952361356 8.27996826171875 -0.0008352361752076955 -0.10888469964265823 -2.206186532974243 233 0.991 0.516 0.505 0.516 39.7261051 32.4179089 -0.37903860211372375 23.784006118774414
1753302676093828 23.278884952361356 8.27996826171875 -0.0007825100127975131 -0.10888469964265823 -2.206186532974243 233 0.979 0.516 0.505 0.516 39.7261051 32.4179089 -0.37903860211372375 23.784006118774414
1753302676349246 23.342465232794357 8.16998291015625 -0.0006967422888281462 -0.11625720858573912 -2.2077808380126953 233 1 0.517 0.512 0.516 39.7260422 32.4177953 -0.4720204472541809 23.8057804107666
1753302676583058 23.10665098219953 8.05999755859375 -0.0005948197585137949 -0.11534265577793121 -2.2074806690216064 233 0.974 0.517 0.512 0.516 39.7260422 32.4177953 -0.4806027114391327 23.835973739624023
1753302676583756 23.10665098219953 8.05999755859375 -0.0005030894812308788 -0.11534265577793121 -2.2074806690216064 233 1 0.517 0.512 0.516 39.7260422 32.4177953 -0.4806027114391327 23.835973739624023
1753302676584848 23.10665098219953 8.05999755859375 -0.0004205322316762543 -0.11534265577793121 -2.2074806690216064 233 1 0.517 0.512 0.516 39.7260422 32.4177953 -0.4806027114391327 23.835973739624023
1753302676855608 23.067021388036586 7.9599609375 -0.0004246501225901457 -0.10683372020721435 -2.2092349529266357 233 1 0.516 0.502 0.516 39.7259795 32.4176823 -0.331063449382782 23.850126266479492
1753302677081388 23.01514299010005 7.88995361328125 -0.0002723046228965651 -0.10878181010484694 -2.207980155944824 233 1 0.516 0.502 0.516 39.7259795 32.4176823 -0.3310231566429138 23.821706771850586
1753302677083484 23.01514299010005 7.88995361328125 -0.00013519367317234258 -0.10878181010484694 -2.207980155944824 233 0.984 0.516 0.502 0.516 39.7259795 32.4176823 -0.3310231566429138 23.821706771850586
1753302677332099 23.41740629975666 7.78997802734375 0.0001811576391544213 -0.11589254736900328 -2.2080600261688232 233 1 0.516 0.511 0.516 39.7259174 32.4175705 -0.4628516137599945 23.792434692382812
1753302677567601 23.32143697076954 7.67999267578125 0.0004109265334042552 -0.11526151448488235 -2.2066636085510254 233 0.964 0.516 0.511 0.516 39.7259174 32.4175705 -0.4957656264305115 23.772424697875977
1753302677827859 23.803281388992602 7.55999755859375 0.0005239182198017218 -0.1086728498339653 -2.2070436477661133 233 1 0.516 0.504 0.516 39.7258554 32.4174586 -0.3971688747406006 23.748836517333984
1753302678077057 23.401039778763003 7.47998046875 0.0005533839303171825 -0.11077525317668914 -2.2069437503814697 233 1 0.516 0.504 0.516 39.7258554 32.4174586 -0.39410924911499023 23.730621337890625
1753302678343547 23.56312829625324 7.3599853515625 0.000859908409081357 -0.11668258756399155 -2.206155300140381 233 1 0.517 0.510 0.516 39.7257927 32.4173455 -0.5082610249519348 23.742650985717773
1753302678579521 23.11514073312619 7.239990234375 0.0009509112441688395 -0.11464656591415405 -2.2090039253234863 233 1 0.517 0.510 0.516 39.7257927 32.4173455 -0.47993338108062744 23.771638870239258
1753302678581606 23.11514073312619 7.239990234375 0.0010328137957475736 -0.11464656591415405 -2.2090039253234863 233 0.979 0.517 0.510 0.516 39.7257927 32.4173455 -0.47993338108062744 23.771638870239258
1753302678848183 22.92348344146714 7.1300048828125 0.001066113584217175 -0.11246107071638108 -2.2074778079986572 233 0.962 0.713 0.522 0.614 39.7257297 32.4172319 -0.41428127884864807 23.804250717163086
1753302679083348 23.32535522094759 7.03997802734375 0.0017451692093700863 -0.11073603332042693 -2.205989122390747 233 0.970 0.713 0.522 0.614 39.7257297 32.4172319 -0.3952324688434601 23.819900512695312
1753302679086867 23.32535522094759 7.03997802734375 0.0023563192720077067 -0.11073603332042693 -2.205989122390747 233 1 0.713 0.522 0.614 39.7257297 32.4172319 -0.3952324688434601 23.819900512695312
1753302679343673 22.941886877910466 6.97998046875 0.026849036196010857 -0.09231576025485992 -2.1697840690612793 235 0.991 0.552 0.563 0.534 39.7256694 32.4171181 -0.018016472458839417 23.806835174560547
1753302679597720 23.23440152247701 7.02996826171875 0.0865908546261229 -0.06976253315806388 -2.1358823776245117 237 0.995 0.552 0.563 0.534 39.7256694 32.4171181 0.32284122705459595 23.78984260559082
1753302679833113 22.371058080375448 7.1300048828125 0.16535161879768118 -0.003923777444288135 -2.0667247772216797 241 1 0.483 0.580 0.499 39.7256249 32.4169919 0.3709385395050049 23.963830947875977
1753302680067282 21.69781982798449 7.30999755859375 0.23323521864810717 0.08079533427953721 -1.9441457986831665 248 0.965 0.483 0.580 0.499 39.7256249 32.4169919 1.2749348878860474 24.327152252197266
1753302680359640 22.54921469970037 7.89996337890625 0.2833805428659838 0.15631572306156158 -1.8074380159378052 256 1 0.505 0.453 0.511 39.7256063 32.416851 2.9473185539245605 24.45857048034668
1753302680597025 22.94375510614003 8.72998046875 0.32051423907720344 0.15520245283842085 -1.7348564863204956 260 0.982 0.505 0.453 0.511 39.7256063 32.416851 3.505681276321411 24.319610595703125
1753302680829851 22.43389791708725 9.54998779296875 0.3481403266231117 0.07781997099518775 -1.7107187509536743 261 0.992 0.505 0.453 0.511 39.7256063 32.416851 2.485051393508911 24.225868225097656
1753302681093293 22.825782043598455 10.01995849609375 0.3715847618734744 0.028697356581687924 -1.678134560585022 263 0.961 0.531 0.552 0.523 39.7255996 32.4167093 1.5367686748504639 24.10283088684082
1753302681096084 22.825782043598455 10.01995849609375 0.39268475359880095 0.028697356581687924 -1.678134560585022 263 0.972 0.531 0.552 0.523 39.7255996 32.4167093 1.5367686748504639 24.10283088684082
1753302681347638 22.408480449643534 10.44000244140625 0.4135195695120379 0.05698979422450065 -1.6079109907150269 267 1 0.494 0.522 0.506 39.7256015 32.4165715 1.7737959623336792 23.872177124023438
1753302681583511 22.129989196253902 10.95001220703125 0.4320671036325352 0.10176924765110015 -1.5385521650314333 271 1 0.494 0.522 0.506 39.7256015 32.4165715 2.434563398361206 23.647859573364258
1753302681853400 22.341088672889224 11.65997314453125 0.44324863622925786 0.1203377842903137 -1.4796704053878784 275 1 0.510 0.514 0.513 39.7256168 32.4164375 2.850292205810547 23.456886291503906
1753302682081220 22.341088672889224 11.65997314453125 0.45331201556630835 0.1203377842903137 -1.4796704053878784 275 1 0.510 0.514 0.513 39.7256168 32.4164375 2.850292205810547 23.456886291503906
1753302682338204 21.726075456934787 13.1099853515625 0.4511827880439869 0.10595884621143341 -1.3917627334594729 280 1 0.511 0.523 0.514 39.7256401 32.4163056 2.83790922164917 23.201662063598633
1753302682582108 21.558653551549376 13.79998779296875 0.44695262798348473 0.10773747712373734 -1.3550970554351809 282 0.951 0.511 0.523 0.514 39.7256401 32.4163056 2.877897024154663 23.108896255493164
1753302682583226 21.558653551549376 13.79998779296875 0.4431454839290328 0.10773747712373734 -1.3550970554351809 282 0.950 0.511 0.523 0.514 39.7256401 32.4163056 2.877897024154663 23.108896255493164
1753302682849995 21.56636709091709 14.5799560546875 0.437330144820912 0.12200942635536192 -1.3168597221374512 284 1 0.505 0.513 0.511 39.7256704 32.416176 3.09258770942688 23.022844314575195
1753302683076512 21.599021733173558 15.3599853515625 0.4285702122851937 0.13152603060007095 -1.284844994544983 286 1 0.505 0.513 0.511 39.7256704 32.416176 3.2988531589508057 22.95625114440918
1753302683332170 21.240427304884 16.239990234375 0.41653824868244493 0.1335906431078911 -1.2538228034973145 288 0.958 0.505 0.513 0.511 39.7256704 32.416176 3.389693021774292 22.901227951049805
1753302683593045 21.887698260892037 17.07000732421875 0.4021316291908255 0.13791177421808243 -1.2255594730377197 289 1.000 0.509 0.516 0.513 39.725706 32.416051 3.4933526515960693 22.84162712097168
1753302683596578 21.887698260892037 17.07000732421875 0.389165671648368 0.13791177421808243 -1.2255594730377197 289 1 0.509 0.516 0.513 39.725706 32.416051 3.4933526515960693 22.84162712097168
1753302683827025 21.33496201329953 18.0 0.374305790944503 0.140975022315979 -1.1990478038787842 291 1 0.509 0.516 0.513 39.725706 32.416051 3.571760416030884 22.793212890625
1753302684087327 21.283528958839135 18.8699951171875 0.35819590504491894 0.13960253596305847 -1.180553674697876 292 0.974 0.507 0.493 0.512 39.7257454 32.4159293 3.6015310287475586 22.77096176147461
1753302684333361 21.22935265038785 19.77996826171875 0.3407029710607937 0.1149266541004181 -1.1651229858398438 293 0.978 0.512 0.509 0.514 39.7257879 32.4158081 3.298398971557617 22.815454483032227
1753302684576207 21.1278225502954 20.510009765625 0.32239008120273455 0.08644726499915123 -1.1539993286132812 293 0.965 0.512 0.509 0.514 39.7257879 32.4158081 2.8412845134735107 22.942533493041992
1753302684843693 21.572336326949323 21.2099609375 0.30367887173511005 0.07644998282194136 -1.1418112516403198 294 1 0.510 0.499 0.513 39.7258329 32.4156855 2.6485774517059326 23.06692123413086
1753302685077422 21.494393290820128 21.8299560546875 0.28527458299175573 0.0721238762140274 -1.1310762166976929 295 1 0.510 0.499 0.513 39.7258329 32.4156855 2.588013172149658 23.171199798583984
1753302685340970 21.0607510682112 22.47998046875 0.26654252593793576 0.059884720295667646 -1.121786117553711 295 1 0.511 0.508 0.514 39.7258794 32.4155638 2.453498125076294 23.284427642822266
1753302685571380 21.45301902100112 23.03997802734375 0.247608643934829 0.04261716678738594 -1.1149883270263672 296 1 0.511 0.508 0.514 39.7258794 32.4155638 2.1750173568725586 23.393150329589844
1753302685572914 21.45301902100112 23.03997802734375 0.2305681501320329 0.04261716678738594 -1.1149883270263672 296 1 0.511 0.508 0.514 39.7258794 32.4155638 2.1750173568725586 23.393150329589844
1753302685857225 21.97176276976646 23.5799560546875 0.21303748252910318 0.03661561608314513 -1.1087889671325684 296 0.979 0.512 0.501 0.514 39.7259269 32.4154424 2.0438740253448486 23.486093521118164
1753302686097580 21.928310100323944 24.05999755859375 0.1957602239810402 0.03403025828301906 -1.1034343242645264 296 1 0.512 0.501 0.514 39.7259269 32.4154424 2.001981735229492 23.557212829589844
1753302686343530 22.12076138726674 24.55999755859375 0.17850910031017436 0.02453036680817604 -1.0997785329818726 296 1 0.512 0.501 0.514 39.7259269 32.4154424 1.8639053106307983 23.639463424682617
1753302686591390 21.453328544022035 24.989990234375 0.16169576772570707 0.01555475015193224 -1.0985783338546753 297 0.998 0.511 0.504 0.514 39.7259752 32.4153199 1.721024751663208 23.712648391723633
1753302686593653 21.453328544022035 24.989990234375 0.14656376839968652 0.01555475015193224 -1.0985783338546753 297 1 0.511 0.504 0.514 39.7259752 32.4153199 1.721024751663208 23.712648391723633
1753302686832831 21.811614703111953 25.40997314453125 0.13178527979172175 0.008711824007332326 -1.0969195365905762 297 0.978 0.511 0.504 0.514 39.7259752 32.4153199 1.6099239587783813 23.807857513427734
1753302687093726 21.555333480842236 25.78997802734375 0.11746887772336817 0.00010569642472546546 -1.0962005853652954 297 0.977 0.511 0.508 0.514 39.7260245 32.4151952 1.4908225536346436 23.89889144897461
1753302687339756 22.58882340536403 26.15997314453125 0.10324908450891271 0.0013456867425702512 -1.0988690853118896 297 0.989 0.515 0.495 0.516 39.7260734 32.4150704 1.476915717124939 23.957292556762695
1753302687568248 22.304997320997924 26.52996826171875 0.08947917399391259 3.32855310261948e-05 -1.0993883609771729 297 0.990 0.515 0.495 0.516 39.7260734 32.4150704 1.4839690923690796 23.971580505371094
1753302687839573 21.94682071425714 26.88995361328125 0.07669334182964017 -0.013381146080791951 -1.1007260084152222 296 1 0.514 0.510 0.515 39.7261215 32.4149458 1.278061032295227 23.988195419311523
1753302688091622 22.431285967397347 27.16998291015625 0.06468473400020228 -0.023495494574308395 -1.1032148599624634 296 0.977 0.514 0.510 0.515 39.7261215 32.4149458 1.0779739618301392 24.010908126831055
1753302688093133 22.431285967397347 27.16998291015625 0.05387698695370816 -0.023495494574308395 -1.1032148599624634 296 1 0.514 0.510 0.515 39.7261215 32.4149458 1.0779739618301392 24.010908126831055
1753302688356827 22.170308515631525 27.42999267578125 0.04338093737044272 -0.02251494862139225 -1.1077113151550293 296 0.981 0.516 0.499 0.516 39.7261693 32.4148203 1.0461562871932983 24.011083602905273
1753302688586808 22.127800016191753 27.67999267578125 0.03351414439927045 -0.021986930444836617 -1.1103432178497314 296 0.996 0.516 0.499 0.516 39.7261693 32.4148203 1.0567145347595215 24.007444381713867
1753302688840066 22.691776585665213 27.94000244140625 0.024381234015677898 -0.030737083777785296 -1.1154414415359497 296 0.995 0.516 0.499 0.516 39.7261693 32.4148203 0.9539169669151306 24.037105560302734
1753302689107069 22.8318943335728 28.14996337890625 0.016093821092535137 -0.03809236362576485 -1.1188050508499146 295 0.996 0.515 0.508 0.516 39.7262167 32.4146927 0.8237010836601257 24.07615089416504
1753302689111065 22.8318943335728 28.14996337890625 0.008635149461706649 -0.03809236362576485 -1.1188050508499146 295 1 0.515 0.508 0.516 39.7262167 32.4146927 0.8237010836601257 24.07615089416504
1753302689348430 22.537421555303574 28.3599853515625 0.0016399117374540902 -0.03518518917262554 -1.122758150100708 295 0.993 0.515 0.498 0.516 39.7262631 32.4145647 0.8446348309516907 24.10537338256836
1753302689569702 22.493792479441463 28.5799560546875 -0.004674081468809706 -0.0365908533334732 -1.1275718212127686 295 1 0.515 0.498 0.516 39.7262631 32.4145647 0.8666149377822876 24.09646987915039
1753302689850818 22.691030037843216 28.77996826171875 -0.010393178729023692 -0.04423331692814827 -1.1312509775161743 295 0.997 0.516 0.505 0.516 39.726308 32.4144377 0.7158457636833191 24.08026885986328
1753302690086331 22.9311192183603 28.94000244140625 -0.015485049427574418 -0.048144308477640146 -1.1343133449554446 295 1 0.516 0.505 0.516 39.726308 32.4144377 0.6250233054161072 24.053627014160156
1753302690348672 22.527692864322603 29.0999755859375 -0.02010302161368031 -0.05109889358282089 -1.1414575576782227 294 0.998 0.516 0.507 0.516 39.7263521 32.4143105 0.578696608543396 24.022720336914062
1753302690581537 22.650289126230827 29.219970703125 -0.024510233836105153 -0.05546360984444617 -1.1444468498229983 294 1 0.516 0.507 0.516 39.7263521 32.4143105 0.48783057928085327 24.00086784362793
1753302690583052 22.650289126230827 29.219970703125 -0.02847672483628752 -0.05546360984444617 -1.1444468498229983 294 0.953 0.516 0.507 0.516 39.7263521 32.4143105 0.48783057928085327 24.00086784362793
1753302690836476 23.033232622316632 29.3399658203125 -0.03179615905558254 -0.058336594700813295 -1.148743987083435 294 0.977 0.516 0.506 0.516 39.7263958 32.414181 0.4352623224258423 24.004117965698242
1753302691069311 22.91730196364093 29.449951171875 -0.03458112854369151 -0.05869877859950065 -1.15248703956604 293 0.990 0.516 0.506 0.516 39.7263958 32.414181 0.43097415566444397 24.015745162963867
1753302691336763 22.85123893288299 29.57000732421875 -0.03697649690754116 -0.05873445719480515 -1.1570419073104858 293 0.979 0.517 0.505 0.516 39.7264386 32.4140516 0.45974448323249817 24.02149200439453
1753302691592975 22.85279101022953 29.66998291015625 -0.03896426084560365 -0.062146642059087744 -1.162088394165039 293 0.972 0.517 0.505 0.516 39.7264386 32.4140516 0.39753538370132446 24.007522583007812
1753302691594991 22.85279101022953 29.66998291015625 -0.04075324838985989 -0.062146642059087744 -1.162088394165039 293 0.954 0.517 0.505 0.516 39.7264386 32.4140516 0.39753538370132446 24.007522583007812
1753302691842996 22.963266166067758 29.76995849609375 -0.042185344671875145 -0.06557066589593886 -1.1662282943725586 293 1 0.354 0.485 0.435 39.72648 32.4139233 0.3275154232978821 23.977420806884766
1753302692073179 23.372560112186246 29.8399658203125 -0.04819323796838812 -0.07431668341159821 -1.1828781366348267 292 0.980 0.354 0.485 0.435 39.72648 32.4139233 0.23370610177516937 23.951385498046875
1753302692077068 23.372560112186246 29.8399658203125 -0.0536003419352498 -0.07431668341159821 -1.1828781366348267 292 0.957 0.354 0.485 0.435 39.72648 32.4139233 0.23370610177516937 23.951385498046875
1753302692331080 23.463793861793654 29.8499755859375 -0.09306224363382992 -0.11906129270792006 -1.2135270833969116 290 1 0.354 0.485 0.435 39.72648 32.4139233 -0.24352945387363434 23.928035736083984
1753302692593223 23.65371303451559 29.67999267578125 -0.16644821325543227 -0.1440426930785179 -1.2326050996780398 289 1 0.490 0.577 0.504 39.7265178 32.4137933 -1.1021634340286255 23.993568420410156
1753302692850890 23.292497172735672 29.28997802734375 -0.24056051303359421 -0.09408589005470276 -1.330320954322815 283 1 0.520 0.612 0.518 39.7265369 32.4136524 -1.631264090538025 24.386415481567383
1753302693100344 22.72635716636187 28.97998046875 -0.30726158283393995 -0.017368592880666257 -1.5086557865142824 273 0.961 0.520 0.612 0.518 39.7265369 32.4136524 -0.7873103618621826 25.253835678100586
1753302693103013 22.72635716636187 28.97998046875 -0.36729254565425107 -0.017368592880666257 -1.5086557865142824 273 1 0.520 0.612 0.518 39.7265369 32.4136524 -0.7873103618621826 25.253835678100586
1753302693333341 22.937180464720463 29.01995849609375 -0.4213204121925311 0.05511160641908646 -1.7104015350341797 262 1 0.520 0.612 0.518 39.7265369 32.4136524 0.9364765882492065 25.972721099853516
1753302693591455 23.762422839965325 29.3800048828125 -0.4699454920769831 0.06758155971765518 -1.8287539482116701 255 1 0.517 0.460 0.516 39.7265151 32.4135031 1.5873608589172363 26.06427764892578
1753302693592967 23.762422839965325 29.3800048828125 -0.51370806397299 0.06758155971765518 -1.8287539482116701 255 1 0.517 0.460 0.516 39.7265151 32.4135031 1.5873608589172363 26.06427764892578
1753302693843371 23.36853702020073 29.7099609375 -0.553094378679396 0.0010643226560205221 -1.864657998085022 253 1 0.517 0.460 0.516 39.7265151 32.4135031 0.5916497707366943 25.94212532043457
1753302694096828 25 29.64996337890625 -0.5885420619151616 -0.09566157907247544 -1.8657034635543823 253 1 0.504 0.505 0.510 39.7264728 32.4133625 -1.1147459745407104 25.68674659729004
1753302694339270 24.66855259115843 29.16998291015625 -0.6204449768273507 -0.15271787494421005 -1.9137055873870852 250 1 0.504 0.505 0.510 39.7264728 32.4133625 -2.3209681510925293 25.335521697998047
1753302694598323 24.956837954909798 28.5999755859375 -0.6491576002483207 -0.14758294224739074 -2.012162446975708 244 0.953 0.510 0.556 0.513 39.7264266 32.4132283 -2.3992912769317627 25.101037979125977
1753302694853523 24.418736440544656 28.01995849609375 -0.674998961327194 -0.12535381615161895 -2.1344919204711914 237 1 0.517 0.540 0.516 39.7263611 32.41311 -2.057887554168701 24.963306427001953
1753302695079262 24.375336142929825 27.57000732421875 -0.6982561862981796 -0.10768857747316361 -2.242967128753662 231 1 0.517 0.540 0.516 39.7263611 32.41311 -1.7340549230575562 24.897361755371094
1753302695341385 23.99157418520097 27.15997314453125 -0.7172137543424798 -0.09745477139949799 -2.3491051197052 225 0.954 0.517 0.517 0.516 39.7262777 32.413013 -1.4655393362045288 24.786094665527344
1753302695593649 24.00069025769037 26.82000732421875 -0.731507865625456 -0.10324624031782148 -2.431464195251465 220 1 0.517 0.517 0.516 39.7262777 32.413013 -1.4395380020141602 24.60942268371582
1753302695847853 24.122253027463127 26.44000244140625 -0.7415232789854721 -0.11892481595277786 -2.509643316268921 216 1 0.516 0.524 0.516 39.7261861 32.4129373 -1.619428277015686 24.336759567260742
1753302696081297 23.742295199885532 26.03997802734375 -0.7478359757966264 -0.1325643241405487 -2.578633308410645 212 1 0.516 0.524 0.516 39.7261861 32.4129373 -1.7964463233947754 24.073562622070312
1753302696082810 23.742295199885532 26.03997802734375 -0.7535174029266654 -0.1325643241405487 -2.578633308410645 212 1 0.516 0.524 0.516 39.7261861 32.4129373 -1.7964463233947754 24.073562622070312
1753302696347415 24.108367190259543 25.55999755859375 -0.7558417979355888 -0.1417323723435402 -2.6553070545196538 207 1 0.521 0.524 0.518 39.7260895 32.4128804 -1.9048815965652466 23.812551498413086
1753302696587682 23.865699733723297 25.1099853515625 -0.7551072594651195 -0.1448973000049591 -2.724174737930298 203 1 0.521 0.524 0.518 39.7260895 32.4128804 -1.9269294738769531 23.607688903808594
1753302696843243 23.996690034500222 24.6099853515625 -0.7505638859088969 -0.1497016280889511 -2.791781187057495 200 1 0.521 0.524 0.518 39.7260895 32.4128804 -1.9451918601989746 23.42826271057129
1753302697106954 23.976713341623583 24.13995361328125 -0.7424158091618793 -0.15338258892297743 -2.8530540466308594 196 1 0.523 0.527 0.519 39.725989 32.4128414 -1.942334771156311 23.306915283203125
1753302697359036 23.937895803675485 23.6300048828125 -0.7304815085477391 -0.1538048595190048 -2.9182918071746826 192 0.972 0.531 0.519 0.523 39.7258854 32.4128183 -1.8582714796066284 23.226594924926758
1753302697583273 23.511107704598107 23.19000244140625 -0.7151042668593013 -0.148191037774086 -2.974226474761963 189 0.956 0.531 0.519 0.523 39.7258854 32.4128183 -1.7021450996398926 23.177574157714844
1753302697587144 23.511107704598107 23.19000244140625 -0.7012647493397072 -0.148191037774086 -2.974226474761963 189 0.954 0.531 0.519 0.523 39.7258854 32.4128183 -1.7021450996398926 23.177574157714844
1753302697832135 23.65368937003804 22.76995849609375 -0.6829257521374412 -0.1459892079234123 -3.0266427993774414 186 1 0.531 0.519 0.523 39.7258854 32.4128183 -1.56608247756958 23.110227584838867
1753302698081380 23.069634500855482 22.39996337890625 -0.6604461681851794 -0.14902965426445006 -3.067803382873535 184 1 0.529 0.516 0.522 39.7257821 32.4128094 -1.5149378776550293 23.046722412109375
1753302698082939 23.069634500855482 22.39996337890625 -0.6402145426281437 -0.14902965426445006 -3.067803382873535 184 1 0.529 0.516 0.522 39.7257821 32.4128094 -1.5149378776550293 23.046722412109375
1753302698348083 23.234017133701496 22.010009765625 -0.615658640933765 -0.1528040960431099 -3.108900308609009 181 0.962 0.530 0.519 0.523 39.7256793 32.4128102 -1.470565676689148 23.00116539001465
1753302698579366 22.995699357266155 21.65997314453125 -0.5884464950019714 -0.14922974854707718 3.139427661895752 179 1 0.530 0.519 0.523 39.7256793 32.4128102 -1.365618109703064 22.976951599121094
1753302698583010 22.995699357266155 21.65997314453125 -0.5639555636633573 -0.14922974854707718 3.139427661895752 179 1 0.530 0.519 0.523 39.7256793 32.4128102 -1.365618109703064 22.976951599121094
1753302698863188 23.02409274965521 21.3299560546875 -0.5362797811856096 -0.1399329215288162 3.1074728965759277 178 1 0.531 0.511 0.523 39.7255761 32.4128185 -1.1481443643569946 22.963830947875977
1753302699100294 23.20930535633728 21.05999755859375 -0.5058457108047806 -0.13638882339000702 3.0844955444335938 176 0.980 0.531 0.511 0.523 39.7255761 32.4128185 -1.0119068622589111 22.976381301879883
1753302699102897 23.20930535633728 21.05999755859375 -0.4784550474620345 -0.13638882339000702 3.0844955444335938 176 0.986 0.531 0.511 0.523 39.7255761 32.4128185 -1.0119068622589111 22.976381301879883
1753302699348181 23.066370292430477 20.78997802734375 -0.44792445509461903 -0.13804484009742735 3.0641963481903076 175 0.970 0.527 0.515 0.521 39.7254721 32.4128316 -0.9896080493927002 23.02357292175293
1753302699575022 23.14539289453504 20.54998779296875 -0.4156541691019685 -0.13094857037067412 3.0488674640655518 174 0.951 0.527 0.515 0.521 39.7254721 32.4128316 -0.8449828028678894 23.07497215270996
1753302699841446 22.583665042310685 20.3399658203125 -0.38172089673232 -0.12333917766809463 3.0365962982177734 173 0.996 0.526 0.514 0.521 39.7253683 32.4128469 -0.691483199596405 23.134483337402344
1753302700079424 23.23935689001421 20.16998291015625 -0.347275184397259 -0.12015112489461899 3.0300240516662598 173 1 0.526 0.514 0.521 39.7253683 32.4128469 -0.6057555079460144 23.17584991455078
1753302700333696 22.415637672652952 20.010009765625 -0.3126544733133021 -0.11301180720329285 3.024850845336914 173 0.978 0.526 0.514 0.521 39.7253683 32.4128469 -0.5055398344993591 23.222063064575195
1753302700597883 23.01367623707785 19.90997314453125 -0.27851093989933456 -0.10227416157722473 3.023646116256714 173 1 0.525 0.507 0.520 39.7252651 32.4128625 -0.33241763710975647 23.25840187072754
1753302700837201 22.443730731914414 19.82000732421875 -0.2448784233539545 -0.10431409478187562 3.024444103240967 173 0.984 0.523 0.516 0.519 39.7251609 32.4128773 -0.31906428933143616 23.303630828857422
1753302701074571 22.780891673949792 19.72998046875 -0.2123555992313543 -0.1030607596039772 3.027448415756226 173 1 0.523 0.516 0.519 39.7251609 32.4128773 -0.3363715410232544 23.36593246459961
1753302701336787 22.57899171085449 19.64996337890625 -0.18076830693498125 -0.09250384867191315 3.033324718475342 173 1 0.521 0.507 0.518 39.7250551 32.4128904 -0.1705118864774704 23.44127655029297
1753302701578812 23.246773876427792 19.6199951171875 -0.15054731820596642 -0.08831009864807128 3.0408751964569096 174 1 0.521 0.507 0.518 39.7250551 32.4128904 -0.057003285735845566 23.4987850189209
1753302701842049 22.736664486209314 19.5799560546875 -0.12175360102570106 -0.0925676017999649 3.0494070053100586 174 0.979 0.520 0.513 0.517 39.7249492 32.4129008 -0.12301312386989594 23.55876922607422
1753302702093338 22.933095569312677 19.53997802734375 -0.09483470421239182 -0.08670941218733788 3.0593481063842773 175 0.970 0.520 0.513 0.517 39.7249492 32.4129008 -0.06502828747034073 23.586889266967773
1753302702360108 22.63909471367068 19.51995849609375 -0.06970174820307891 -0.08231430053710936 3.0718061923980713 176 0.972 0.519 0.509 0.517 39.7248439 32.4129078 -0.002894954290241003 23.60338592529297
1753302702586532 22.55481587207196 19.52996826171875 -0.046623307863628866 -0.07991866618394852 3.083416700363159 176 0.957 0.519 0.509 0.517 39.7248439 32.4129078 0.03841264545917511 23.6171817779541
1753302702851787 22.738382676634163 19.53997802734375 -0.025337982237120873 -0.08002438768744469 3.096224784851074 177 0.955 0.518 0.511 0.517 39.7247383 32.4129114 0.03792668133974075 23.629487991333008
1753302703082065 23.257644895452376 19.53997802734375 -0.005984377616447574 -0.07914192005991935 3.108664512634278 178 0.966 0.518 0.511 0.517 39.7247383 32.4129114 0.03675307705998421 23.644502639770508
1753302703083084 23.257644895452376 19.53997802734375 0.011433866542158395 -0.07914192005991935 3.108664512634278 178 0.961 0.518 0.511 0.517 39.7247383 32.4129114 0.03675307705998421 23.644502639770508
1753302703336997 22.62549237912211 19.55999755859375 0.027178557445029502 -0.07615386247634887 3.1217095851898193 178 0.974 0.518 0.511 0.517 39.7247383 32.4129114 0.09017457067966461 23.674135208129883
1753302703603353 23.06706061594051 19.5799560546875 0.04118211722024091 -0.07663156762719153 3.13303279876709 179 0.970 0.517 0.508 0.516 39.7246312 32.4129113 0.10331283509731293 23.707063674926758
1753302703606977 23.06706061594051 19.5799560546875 0.053785321017931174 -0.07663156762719153 3.13303279876709 179 1 0.517 0.508 0.516 39.7246312 32.4129113 0.10331283509731293 23.707063674926758
1753302703836452 22.433886847095902 19.5999755859375 0.06509668251946295 -0.07948255911469458 -3.1370253562927246 180 0.993 0.517 0.508 0.516 39.7246312 32.4129113 0.07493558526039124 23.74458885192871
1753302704091658 23.262467720403894 19.6099853515625 0.07513454366691165 -0.07695903778076173 -3.1263647079467773 180 1 0.518 0.509 0.517 39.7245237 32.412908 0.09530417621135712 23.75878143310547
1753302704092670 23.262467720403894 19.6099853515625 0.08416861869961549 -0.07695903778076173 -3.1263647079467773 180 1 0.518 0.509 0.517 39.7245237 32.412908 0.09530417621135712 23.75878143310547
1753302704352975 23.27730436912365 19.63995361328125 0.09198293308678743 -0.07295565530657767 -3.1114449501037598 181 0.984 0.516 0.508 0.516 39.7244177 32.4129012 0.1813891977071762 23.748781204223633
1753302704589771 22.95409190538307 19.66998291015625 0.09869976985690126 -0.07639218047261238 -3.0991387367248535 182 1 0.516 0.508 0.516 39.7244177 32.4129012 0.1186346486210823 23.73444366455078
1753302704856936 22.983816965623042 19.699951171875 0.10416253788683232 -0.07812045663595199 -3.085644006729126 183 0.974 0.516 0.511 0.516 39.7243122 32.4128912 0.08000916242599487 23.714284896850586
1753302705101050 22.45556878903188 19.7099609375 0.10845725879144742 -0.08021762892603874 -3.074374198913574 183 1 0.516 0.511 0.516 39.7243122 32.4128912 0.032792698591947556 23.706418991088867
1753302705103063 22.45556878903188 19.7099609375 0.11232250760560103 -0.08021762892603874 -3.074374198913574 183 1 0.516 0.511 0.516 39.7243122 32.4128912 0.032792698591947556 23.706418991088867
1753302705359545 22.561592269968706 19.7099609375 0.11277123612670482 -0.08171770498156547 -3.0684099197387695 184 0.992 0.384 0.509 0.450 39.7242055 32.412878 0.01057996042072773 23.713939666748047
1753302705583231 23.34151803112179 19.7099609375 0.08516891738034826 -0.09475174099206923 -3.0937159061431885 182 0.953 0.384 0.509 0.450 39.7242055 32.412878 0.003418990410864353 23.727754592895508
1753302705841528 23.380497421113684 19.66998291015625 0.018456971111216032 -0.11666473001241684 -3.1016132831573486 182 0.970 0.527 0.619 0.521 39.7240982 32.4128737 -0.35181838274002075 23.754344940185547
1753302706098508 23.341570198920177 19.52996826171875 -0.07414584710361072 -0.09356749951839446 3.1231362819671635 178 0.987 0.527 0.619 0.521 39.7240982 32.4128737 -0.683578610420227 23.905330657958984
1753302706356475 21.83428107015207 19.3499755859375 -0.1574883834969548 -0.010758739989250898 2.9634721279144287 169 0.966 0.509 0.637 0.513 39.7239923 32.4129067 -0.5389794111251831 24.439884185791016
1753302706582023 22.34768390588773 19.38995361328125 -0.23249666625096443 0.08744416385889052 2.738618135452271 156 1 0.509 0.637 0.513 39.7239923 32.4129067 1.014238953590393 25.259063720703125
1753302706583113 22.34768390588773 19.38995361328125 -0.3000041207295731 0.08744416385889052 2.738618135452271 156 1 0.509 0.637 0.513 39.7239923 32.4129067 1.014238953590393 25.259063720703125
1753302706861981 22.938037488645858 19.97998046875 -0.3607608297603209 0.18188379406929014 2.4941165447235107 142 0.986 0.521 0.468 0.518 39.7239043 32.4130006 3.1945180892944336 25.597774505615234
1753302707088640 23.673903203574095 20.88995361328125 -0.415441867887994 0.20357375144958495 2.3551483154296875 134 0.995 0.521 0.468 0.518 39.7239043 32.4130006 3.879103660583496 25.50052261352539
1753302707345768 24.289461473047506 21.82000732421875 -0.4646548022028997 0.14445501267910005 2.3074798583984375 132 0.990 0.506 0.510 0.511 39.7238339 32.4131195 2.9664669036865234 25.511892318725586
1753302707602092 23.58131359204003 22.3599853515625 -0.5089464430863149 0.057912728190422064 2.2947278022766113 131 1 0.506 0.510 0.511 39.7238339 32.4131195 1.4524586200714111 25.518516540527344
1753302707602638 23.58131359204003 22.3599853515625 -0.5488089198813885 0.057912728190422064 2.2947278022766113 131 0.961 0.506 0.510 0.511 39.7238339 32.4131195 1.4524586200714111 25.518516540527344
1753302707857473 23.40095748301583 22.57000732421875 -0.5846851489969548 0.0007977545144967735 2.238419532775879 128 0.953 0.511 0.546 0.514 39.7237699 32.4132442 0.3106384575366974 25.354352951049805
1753302708082964 24.04073711949326 22.5899658203125 -0.6169737552009644 -0.013331498019397255 2.1501078605651855 123 0.994 0.511 0.546 0.514 39.7237699 32.4132442 -0.09878185391426086 25.17104148864746
1753302708343129 23.076775730967228 22.54998779296875 -0.6460335007845732 -0.0168658759444952 2.036142349243164 116 0.994 0.511 0.548 0.514 39.7237263 32.4133784 -0.21174195408821106 25.0305118560791
1753302708599486 22.850717444323994 22.51995849609375 -0.6721872718098211 -0.012511886470019816 1.9244600534439087 110 0.955 0.511 0.548 0.514 39.7237263 32.4133784 -0.1761983335018158 24.91216468811035
1753302708855445 23.411804902040096 22.51995849609375 -0.6957256657325441 -0.00892430618405342 1.8046985864639282 103 1 0.514 0.526 0.515 39.7237076 32.4135192 -0.07015535235404968 24.748233795166016
1753302709079631 22.605233942383144 22.510009765625 -0.716910220262995 -0.017749414034187797 1.7081955671310425 97 1 0.514 0.526 0.515 39.7237076 32.4135192 -0.16460739076137543 24.572973251342773
1753302709082821 22.605233942383144 22.510009765625 -0.7359763193404006 -0.017749414034187797 1.7081955671310425 97 0.957 0.514 0.526 0.515 39.7237076 32.4135192 -0.16460739076137543 24.572973251342773
1753302709366793 23.05329242834527 22.44000244140625 -0.7531358085100658 -0.03780238442122936 1.6167106628417969 92 0.960 0.514 0.532 0.515 39.7237101 32.413661 -0.46584004163742065 24.37886619567871
1753302709593232 23.373525383122182 22.28997802734375 -0.7685793487627643 -0.05826264545321464 1.5355613231658936 87 0.996 0.514 0.532 0.515 39.7237101 32.413661 -0.7986526489257812 24.221935272216797
1753302709597787 23.373525383122182 22.28997802734375 -0.7824785349901932 -0.05826264545321464 1.5355613231658936 87 1 0.514 0.532 0.515 39.7237101 32.413661 -0.7986526489257812 24.221935272216797
1753302709863299 23.448570335657234 22.03997802734375 -0.794987802594879 -0.07283847033977509 1.4439829587936401 82 0.994 0.516 0.538 0.516 39.7237308 32.4137995 -1.0531798601150513 24.0644588470459
1753302710088179 23.63397488080943 21.76995849609375 -0.8057170613616516 -0.08404116332530975 1.3579363822937012 77 0.993 0.516 0.538 0.516 39.7237308 32.4137995 -1.225967526435852 23.944726943969727
1753302710343695 23.628245919724552 21.44000244140625 -0.8130619022854993 -0.08858453333377837 1.2641651630401611 72 0.968 0.516 0.538 0.516 39.7237308 32.4137995 -1.2927613258361816 23.81410789489746
1753302710600999 23.307804521487782 21.13995361328125 -0.8168584251650122 -0.09330031424760818 1.1801369190216064 67 1 0.519 0.530 0.517 39.7237694 32.4139284 -1.3234671354293823 23.693429946899414
1753302710603011 23.307804521487782 21.13995361328125 -0.8202752957565737 -0.09330031424760818 1.1801369190216064 67 1 0.519 0.530 0.517 39.7237694 32.4139284 -1.3234671354293823 23.693429946899414
1753302710857404 23.49518461177405 20.80999755859375 -0.8198726138314443 -0.09959855377674103 1.095226764678955 62 0.955 0.525 0.524 0.520 39.7238231 32.4140452 -1.3551578521728516 23.555444717407227
1753302711081450 22.706693986041877 20.489990234375 -0.8153279269493374 -0.10843178331851959 1.0237994194030762 58 1 0.525 0.524 0.520 39.7238231 32.4140452 -1.4185333251953125 23.432863235473633
1753302711082960 22.706693986041877 20.489990234375 -0.8112377087554412 -0.10843178331851959 1.0237994194030762 58 0.966 0.525 0.524 0.520 39.7238231 32.4140452 -1.4185333251953125 23.432863235473633
1753302711373572 23.15807324526066 20.1199951171875 -0.8025574529422292 -0.11728515475988388 0.9533987045288086 54 1 0.530 0.520 0.523 39.7238887 32.4141509 -1.4941507577896118 23.307025909423828
1753302711598379 23.529337598035617 19.760009765625 -0.7894124607073936 -0.12277925163507461 0.8912242650985718 51 0.983 0.530 0.520 0.523 39.7238887 32.4141509 -1.506630778312683 23.211244583129883
1753302711856946 23.58457866132168 19.3699951171875 -0.7710012572849697 -0.12833859324455263 0.8315264582633972 47 0.981 0.537 0.518 0.526 39.7239635 32.4142461 -1.474259614944458 23.13482093811035
1753302712080828 22.92301876497706 19.0 -0.7474243025045013 -0.136460180580616 0.7836020588874817 44 0.986 0.537 0.518 0.526 39.7239635 32.4142461 -1.4889637231826782 23.07805824279785
1753302712082923 22.92301876497706 19.0 -0.7262050432020798 -0.136460180580616 0.7836020588874817 44 0.999 0.537 0.518 0.526 39.7239635 32.4142461 -1.4889637231826782 23.07805824279785
1753302712340150 23.51142515802422 18.6099853515625 -0.6990310629058816 -0.14068327248096468 0.7376859784126282 42 0.984 0.537 0.514 0.526 39.7240433 32.4143315 -1.4498919248580933 23.01885986328125
1753302712598199 23.16029675600482 18.27996826171875 -0.6666184407337552 -0.13818328827619553 0.6993886828422546 40 0.962 0.537 0.514 0.526 39.7240433 32.4143315 -1.3033372163772583 22.96316146850586
1753302712854404 23.371120845870376 17.9599609375 -0.6290232189176123 -0.13968381285667422 0.665081262588501 38 1 0.537 0.514 0.526 39.7240433 32.4143315 -1.1945620775222778 22.914140701293945
1753302713111456 22.654383918415306 17.69000244140625 -0.5877402765462671 -0.1431205153465271 0.6422658562660217 36 1 0.536 0.516 0.526 39.7241258 32.41441 -1.1760777235031128 22.894878387451172
1753302713113036 22.654383918415306 17.69000244140625 -0.5505856284120567 -0.1431205153465271 0.6422658562660217 36 0.992 0.536 0.516 0.526 39.7241258 32.41441 -1.1760777235031128 22.894878387451172
1753302713367370 23.285469790592444 17.39996337890625 -0.5096345566468437 -0.13689509332180025 0.6234022974967957 35 0.998 0.531 0.511 0.523 39.7242104 32.4144859 -1.0375850200653076 22.906949996948242
1753302713594211 23.1656893021334 17.16998291015625 -0.46627271527859565 -0.1324678599834442 0.610698401927948 34 1 0.531 0.511 0.523 39.7242104 32.4144859 -0.9006257653236389 22.934104919433594
1753302713850643 22.357816008107495 16.94000244140625 -0.42119693598356545 -0.1285466879606247 0.6014883518218994 34 0.990 0.532 0.516 0.524 39.7242967 32.4145624 -0.8082006573677063 23.014366149902344
1753302714105751 22.78695593782324 16.739990234375 -0.3758687213767174 -0.1271216616034508 0.6002626419067383 34 1.000 0.532 0.516 0.524 39.7242967 32.4145624 -0.7601854205131531 23.107749938964844
1753302714362954 23.33515960946349 16.54998779296875 -0.32983651629465255 -0.11703623384237288 0.6035895347595215 34 1 0.526 0.511 0.521 39.7243829 32.4146406 -0.6117779612541199 23.211925506591797
1753302714587095 22.696488023877937 16.41998291015625 -0.2844556692663798 -0.10858792215585708 0.608535647392273 34 1 0.526 0.511 0.521 39.7243829 32.4146406 -0.473262757062912 23.291467666625977
1753302714843011 22.642424450000075 16.30999755859375 -0.2402529633126231 -0.1034286856651306 0.6181758642196655 35 1 0.524 0.511 0.520 39.7244671 32.4147212 -0.38090768456459045 23.355831146240234
1753302715098202 22.560723716963103 16.219970703125 -0.19821374262108551 -0.10096293538808822 0.6281055212020874 35 1 0.524 0.511 0.520 39.7244671 32.4147212 -0.3507275879383087 23.404733657836914
1753302715355584 22.829591252792042 16.1300048828125 -0.158131205839522 -0.0986651837825775 0.6440600752830505 36 0.997 0.520 0.512 0.518 39.7245497 32.4148056 -0.32879090309143066 23.4550838470459
1753302715597612 23.149977895392674 16.05999755859375 -0.12034222823614536 -0.09596753567457199 0.6585066914558411 37 0.989 0.520 0.512 0.518 39.7245497 32.4148056 -0.29493486881256104 23.502685546875
1753302715852949 23.231425743232496 15.989990234375 -0.08535662599415772 -0.09128662496805191 0.6746469140052797 38 0.983 0.520 0.512 0.518 39.7245497 32.4148056 -0.2245323359966278 23.575061798095703
1753302716110391 23.334458865959647 15.94000244140625 -0.052833397460083906 -0.08821427077054976 0.6939744353294374 39 0.956 0.521 0.508 0.518 39.7246315 32.4148955 -0.1477927714586258 23.642011642456055
1753302716367535 23.208690110745998 15.89996337890625 -0.022448092048258254 -0.09256660044193267 0.7126480937004089 40 0.953 0.518 0.514 0.517 39.7247106 32.4149895 -0.19464637339115143 23.70268440246582
1753302716593705 23.106440933479433 15.8499755859375 0.00533534943024158 -0.09059785753488539 0.7308173179626465 41 1 0.518 0.514 0.517 39.7247106 32.4149895 -0.1955636888742447 23.737485885620117
1753302716594739 23.106440933479433 15.8499755859375 0.030340446760891433 -0.09059785753488539 0.7308173179626465 41 1 0.518 0.514 0.517 39.7247106 32.4149895 -0.1955636888742447 23.737485885620117
1753302716851493 22.53112739929203 15.78997802734375 0.05301458871123661 -0.0883611887693405 0.7520116567611695 43 1 0.519 0.507 0.517 39.724786 32.4150866 -0.1704147458076477 23.738643646240234
1753302717105365 22.650652015919107 15.760009765625 0.07323139520666722 -0.08545349016785622 0.7721977829933167 44 1 0.519 0.507 0.517 39.724786 32.4150866 -0.12386889010667801 23.734397888183594
1753302717359501 22.632123729966633 15.719970703125 0.09112188469333998 -0.0887780874967575 0.792412519454956 45 1 0.516 0.510 0.516 39.7248582 32.4151874 -0.1656445413827896 23.728891372680664
1753302717584826 22.860686895071577 15.67999267578125 0.10713011846807793 -0.0898364394903183 0.8114547729492188 46 1 0.516 0.510 0.516 39.7248582 32.4151874 -0.1969369798898697 23.725366592407227
1753302717873066 23.10123593207422 15.6199951171875 0.12086502604961868 -0.09191105514764786 0.83231258392334 47 0.996 0.515 0.508 0.516 39.7249282 32.4152929 -0.2225072681903839 23.737272262573242
1753302718097102 23.35663043907633 15.57000732421875 0.13249506109905668 -0.08968159407377242 0.8509775400161743 48 0.977 0.515 0.508 0.516 39.7249282 32.4152929 -0.19258762896060944 23.769649505615234
1753302718102916 23.35663043907633 15.57000732421875 0.1429620926435509 -0.08968159407377242 0.8509775400161743 48 1 0.515 0.508 0.516 39.7249282 32.4152929 -0.19258762896060944 23.769649505615234
1753302718353144 23.359065759566096 15.51995849609375 0.15136041148207058 -0.09039600044488907 0.8711928129196168 49 0.960 0.515 0.508 0.516 39.7249282 32.4152929 -0.15863007307052612 23.79775619506836
1753302718611713 22.682117782248948 15.469970703125 0.15780070039959074 -0.09482361972332 0.8867860436439514 50 1 0.516 0.509 0.516 39.7249955 32.4154025 -0.21635384857654572 23.817140579223633
1753302718612748 22.682117782248948 15.469970703125 0.1635969604253589 -0.09482361972332 0.8867860436439514 50 1 0.516 0.509 0.516 39.7249955 32.4154025 -0.21635384857654572 23.817140579223633
1753302718854092 23.27551273775128 15.40997314453125 0.16798551307915024 -0.0945910334587097 0.903365433216095 51 1 0.516 0.509 0.516 39.7249955 32.4154025 -0.23563291132450104 23.803503036499023
1753302719112830 23.350307339141082 15.3499755859375 0.17119274819015 -0.09496975541114806 0.918968915939331 52 1 0.514 0.508 0.515 39.7250593 32.4155133 -0.24287374317646027 23.777420043945312
1753302719370247 22.72821155267937 15.27996826171875 0.17303492382870794 -0.09258751422166825 0.9356793761253357 53 0.953 0.514 0.509 0.516 39.7251203 32.415626 -0.20591850578784943 23.742263793945312
1753302719595759 23.431071249480098 15.219970703125 0.1737028576943876 -0.10097732990980146 0.950654447078705 54 0.955 0.514 0.509 0.516 39.7251203 32.415626 -0.3131987452507019 23.713302612304688
1753302719853073 23.004844449536268 15.1300048828125 0.17315496218326104 -0.1014581486582756 0.9649924635887147 55 0.968 0.512 0.509 0.514 39.7251794 32.4157416 -0.36354270577430725 23.70395851135254
1753302720109356 23.530121494790148 15.03997802734375 0.17165232937445415 -0.0996823027729988 0.9788644909858704 56 0.970 0.512 0.509 0.514 39.7251794 32.4157416 -0.3203713297843933 23.721986770629883
1753302720365482 22.889473204756914 14.9599609375 0.16899059779265677 -0.09885239601135253 0.989300012588501 56 1 0.514 0.507 0.515 39.7252367 32.4158598 -0.2813829779624939 23.73957633972168
1753302720589083 22.690077864791633 14.88995361328125 0.16534694790976487 -0.1009239763021469 1.0013149976730347 57 1 0.514 0.507 0.515 39.7252367 32.4158598 -0.28826117515563965 23.749004364013672
1753302720590193 22.690077864791633 14.88995361328125 0.16206766301516215 -0.1009239763021469 1.0013149976730347 57 0.958 0.514 0.507 0.515 39.7252367 32.4158598 -0.28826117515563965 23.749004364013672
1753302720844770 23.48989459058951 14.79998779296875 0.15813548312297632 -0.10552881509065629 1.0125454664230347 58 0.960 0.514 0.507 0.515 39.7252367 32.4158598 -0.36648115515708923 23.73938751220703
1753302721102682 23.583228109742226 14.7099609375 0.15382937516907902 -0.10326732099056243 1.021809697151184 58 1.000 0.512 0.510 0.514 39.7252916 32.415978 -0.3687394857406616 23.722253799438477
1753302721357159 23.681890508756858 14.6199951171875 0.14864538767463015 -0.09934623241424559 1.0309747457504272 59 1 0.512 0.510 0.514 39.7252916 32.415978 -0.3030230402946472 23.695226669311523
1753302721612941 23.53133724112292 14.54998779296875 0.14275887228720824 -0.10397160947322846 1.0401899814605713 59 0.982 0.513 0.507 0.515 39.7253446 32.4160969 -0.355096697807312 23.672557830810547
1753302721613502 23.53133724112292 14.54998779296875 0.13746100843852854 -0.10397160947322846 1.0401899814605713 59 0.989 0.513 0.507 0.515 39.7253446 32.4160969 -0.355096697807312 23.672557830810547
1753302721617581 23.53133724112292 14.54998779296875 0.1326929309747168 -0.10397160947322846 1.0401899814605713 59 1 0.513 0.507 0.515 39.7253446 32.4160969 -0.355096697807312 23.672557830810547
1753302721851218 23.158023745246975 14.449951171875 0.12737936709358233 -0.10495130270719527 1.0468997955322266 59 1 0.513 0.507 0.515 39.7253446 32.4160969 -0.4054102599620819 23.656797409057617
1753302722107946 23.624670003709486 14.3599853515625 0.12166801185042206 -0.10401324927806854 1.0541536808013916 60 0.971 0.514 0.507 0.515 39.7253967 32.4162171 -0.3758511245250702 23.65950584411621
1753302722362741 23.377802370336422 14.26995849609375 0.11568758047190796 -0.1045352280139923 1.0599063634872437 60 0.982 0.514 0.505 0.515 39.7254484 32.4163393 -0.36930403113365173 23.683584213256836
1753302722585897 23.00263127950805 14.17999267578125 0.10949367275745413 -0.10350443422794342 1.0658042430877686 61 0.951 0.514 0.505 0.515 39.7254484 32.4163393 -0.3469183146953583 23.706981658935547
1753302722873005 23.646960119258445 14.0899658203125 0.10306338100949591 -0.10459176301956176 1.0695648193359375 61 0.982 0.515 0.508 0.516 39.7254988 32.4164609 -0.35243168473243713 23.708171844482422
1753302723095750 23.41237969436599 14.0 0.09638522084939181 -0.10836175084114075 1.0727509260177612 61 0.990 0.515 0.508 0.516 39.7254988 32.4164609 -0.42589685320854187 23.69162940979004
1753302723352845 23.292126652315602 13.8800048828125 0.08973553195346325 -0.1078381970524788 1.0756566524505615 61 0.997 0.515 0.509 0.516 39.7255487 32.4165824 -0.4388265311717987 23.684856414794922
1753302723608402 23.155117345497956 13.77996826171875 0.08316259252055523 -0.10930335074663161 1.076914668083191 61 0.977 0.515 0.509 0.516 39.7255487 32.4165824 -0.45641133189201355 23.677881240844727
1753302723609439 23.155117345497956 13.77996826171875 0.077246947030938 -0.10930335074663161 1.076914668083191 61 0.979 0.515 0.509 0.516 39.7255487 32.4165824 -0.45641133189201355 23.677881240844727
1753302723864307 22.697946966242274 13.66998291015625 0.07138739714686543 -0.1064678803086281 1.080193281173706 61 0.957 0.514 0.503 0.515 39.7255985 32.4167046 -0.42982035875320435 23.6722469329834
1753302724088692 22.87401658494251 13.5799560546875 0.06559575472099605 -0.10373960733413697 1.0820971727371216 61 0.950 0.514 0.503 0.515 39.7255985 32.4167046 -0.37416768074035645 23.682785034179688
1753302724345523 23.101701446889837 13.47998046875 0.06001208078926524 -0.10877979695796966 1.0834686756134033 62 0.971 0.514 0.503 0.515 39.7255985 32.4167046 -0.41515353322029114 23.712852478027344
1753302724604074 23.674547331989704 13.3800048828125 0.05424095276261765 -0.11097712069749832 1.0852078199386597 62 1 0.516 0.510 0.516 39.7256486 32.4168283 -0.4556645154953003 23.741588592529297
1753302724852872 23.367770019319778 13.27996826171875 0.04862488669981046 -0.11099392473697661 1.0877584218978882 62 1 0.516 0.510 0.516 39.7256486 32.4168283 -0.4496345818042755 23.76255226135254
1753302725111249 23.69946972613813 13.17999267578125 0.04326156026978329 -0.10651781260967254 1.0864171981811523 62 1 0.515 0.504 0.516 39.7256984 32.4169515 -0.3930445611476898 23.750213623046875
1753302725112764 23.69946972613813 13.17999267578125 0.038434566482758836 -0.10651781260967254 1.0864171981811523 62 1 0.515 0.504 0.516 39.7256984 32.4169515 -0.3930445611476898 23.750213623046875
1753302725369257 22.805493147373827 13.07000732421875 0.033595381926616714 -0.10837886780500412 1.0862433910369873 62 1 0.516 0.510 0.516 39.7257478 32.4170735 -0.4077177345752716 23.730239868164062
1753302725592945 23.160892178690865 12.9599609375 0.028826453258354083 -0.11320369243621826 1.0849891901016235 62 0.994 0.516 0.510 0.516 39.7257478 32.4170735 -0.5059709548950195 23.7193603515625
1753302725848338 23.23393842320617 12.8399658203125 0.024260937469981862 -0.10954649299383164 1.0835633277893066 62 1 0.516 0.507 0.516 39.7257976 32.4171957 -0.4677923321723938 23.708417892456055
1753302726102938 23.55682592096396 12.72998046875 0.02006474558810838 -0.10901362448930742 1.0835938453674316 62 0.997 0.516 0.507 0.516 39.7257976 32.4171957 -0.4509871006011963 23.710927963256836
1753302726355949 23.13069033229361 12.6300048828125 0.016313011081222725 -0.10959093868732453 1.082169771194458 62 1 0.516 0.507 0.516 39.7257976 32.4171957 -0.4415263533592224 23.736936569213867
1753302726611672 23.778604276409844 12.51995849609375 0.012682575030211241 -0.11323202252388 1.0812908411026 61 1 0.516 0.510 0.516 39.7258482 32.4173189 -0.482754111289978 23.760910034179688
1753302726612316 23.778604276409844 12.51995849609375 0.009415182584300902 -0.11323202252388 1.0812908411026 61 0.979 0.516 0.510 0.516 39.7258482 32.4173189 -0.482754111289978 23.760910034179688
1753302726865506 23.48360775866127 12.39996337890625 0.006494488184549153 -0.10976073145866394 1.0805766582489014 61 1 0.515 0.504 0.516 39.7258988 32.4174415 -0.4456905424594879 23.776805877685547
1753302727088204 23.510972888596495 12.30999755859375 0.003671946963576443 -0.10631133466958997 1.0789875984191895 61 0.961 0.515 0.504 0.516 39.7258988 32.4174415 -0.37177062034606934 23.759859085083008
1753302727375837 23.51263415869954 12.2099609375 0.001047143831170768 -0.10917047262191772 1.0763623714447021 61 0.982 0.516 0.506 0.516 39.7259493 32.4175627 -0.4220114052295685 23.735754013061523
1753302727601243 23.664743016113132 12.1099853515625 -0.0014674269458796049 -0.11162685602903366 1.074637532234192 61 1 0.516 0.506 0.516 39.7259493 32.4175627 -0.47251012921333313 23.71540069580078
1753302727602365 23.664743016113132 12.1099853515625 -0.0037305406452249404 -0.11162685602903366 1.074637532234192 61 1 0.516 0.506 0.516 39.7259493 32.4175627 -0.47251012921333313 23.71540069580078
1753302727852320 23.039850770482506 11.97998046875 -0.005823378232511662 -0.1121059224009514 1.0731908082962036 61 1 0.516 0.506 0.516 39.7259493 32.4175627 -0.5040164589881897 23.70416259765625
1753302728106685 22.9349972800218 11.8699951171875 -0.007351338014655814 -0.11012032330036163 1.071501612663269 61 1 0.515 0.507 0.516 39.7260001 32.4176835 -0.47729256749153137 23.70215606689453
1753302728364471 22.835148433105942 11.75 -0.008660491537141954 -0.10988281369209288 1.0703678131103516 61 0.979 0.517 0.507 0.516 39.7260518 32.4178057 -0.46288615465164185 23.7132625579834
1753302728588055 22.841315707371386 11.6300048828125 -0.01004534306176438 -0.11217605918645858 1.0685762166976929 61 0.982 0.517 0.507 0.516 39.7260518 32.4178057 -0.48235827684402466 23.74089241027832
1753302728873988 23.705178248435267 11.510009765625 -0.011280236843656906 -0.11120880991220473 1.0676411390304565 61 0.950 0.516 0.507 0.516 39.7261041 32.4179281 -0.4571722447872162 23.77804183959961
1753302729098827 23.576578618245996 11.40997314453125 -0.012357150460867352 -0.11160376220941542 1.0659477710723877 61 0.970 0.516 0.507 0.516 39.7261041 32.4179281 -0.44960540533065796 23.788114547729492
1753302729352782 23.047490504849097 11.28997802734375 -0.013190464813043118 -0.11310984641313553 1.0640089511871338 60 1 0.516 0.507 0.516 39.7261041 32.4179281 -0.49319949746131897 23.78098487854004
1753302729608677 23.210699114178727 11.16998291015625 -0.013806889739807942 -0.1106698915362358 1.0631312131881714 60 1 0.517 0.508 0.516 39.726156 32.4180487 -0.47804734110832214 23.76584243774414
1753302729864683 22.81620691972868 11.05999755859375 -0.01433975368336722 -0.10788424909114837 1.0611248016357422 60 0.951 0.517 0.508 0.516 39.726208 32.4181689 -0.4224259555339813 23.74059295654297
1753302730087273 23.823490666388345 10.9599609375 -0.014658634316288395 -0.11330190896987914 1.0585237741470337 60 1 0.517 0.508 0.516 39.726208 32.4181689 -0.5044736266136169 23.730073928833008
1753302730375409 23.488277413710414 10.82000732421875 -0.01483397695544031 -0.11223810166120529 1.057268500328064 60 0.983 0.517 0.506 0.516 39.7262609 32.4182902 -0.5153752565383911 23.741355895996094
1753302730599687 23.06603871509094 10.7099609375 -0.014885152062380317 -0.10851429104804991 1.0550365447998047 60 0.960 0.517 0.506 0.516 39.7262609 32.4182902 -0.4401194453239441 23.76201057434082
1753302730850847 23.09295084440042 10.5999755859375 -0.0147974356947279 -0.11059640645980835 1.0542908906936646 60 0.957 0.517 0.506 0.516 39.7262609 32.4182902 -0.43035534024238586 23.78615951538086
1753302731106608 23.784968995750646 10.489990234375 -0.014506453307384492 -0.1154067426919937 1.0539727210998535 60 1 0.516 0.511 0.516 39.7263143 32.4184117 -0.5167234539985657 23.794010162353516
1753302731363150 23.569504172776227 10.3599853515625 -0.013966889372689344 -0.1125760704278946 1.0517289638519287 60 0.960 0.516 0.504 0.516 39.7263673 32.4185316 -0.5008518099784851 23.782577514648438
1753302731587757 22.956399448063518 10.25 -0.013357052433838982 -0.10788901597261427 1.0502383708953857 60 0.996 0.516 0.504 0.516 39.7263673 32.4185316 -0.42702919244766235 23.75594139099121
1753302731877796 23.769266461923223 10.13995361328125 -0.012590334992126114 -0.10940169245004654 1.0502214431762695 60 0.957 0.518 0.511 0.517 39.7264202 32.4186509 -0.437064528465271 23.733558654785156
1753302732101116 22.895665771254468 10.02996826171875 -0.011856380741386549 -0.11533878594636918 1.0480839014053345 60 0.988 0.518 0.511 0.517 39.7264202 32.4186509 -0.5380988717079163 23.7209529876709
1753302732102627 22.895665771254468 10.02996826171875 -0.011195821915720943 -0.11533878594636918 1.0480839014053345 60 0.984 0.518 0.511 0.517 39.7264202 32.4186509 -0.5380988717079163 23.7209529876709
1753302732356112 23.689987880671758 9.88995361328125 -0.010519708851788977 -0.1116184487938881 1.048219919204712 60 1 0.518 0.511 0.517 39.7264202 32.4186509 -0.5234633088111877 23.71388816833496
1753302732613210 23.650842735917657 9.77996826171875 -0.009724247882535642 -0.10678942054510117 1.0491394996643066 60 0.995 0.516 0.503 0.516 39.7264737 32.418771 -0.4157009422779083 23.721824645996094
1753302732864866 23.603735562667588 9.66998291015625 -0.008780800407477432 -0.11070942431688309 1.0483819246292114 60 0.993 0.516 0.509 0.516 39.7265275 32.418892 -0.4515244960784912 23.751474380493164
1753302733088400 23.7494836742161 9.55999755859375 -0.008006075298073036 -0.11420172303915023 1.0473707914352417 60 0.994 0.516 0.509 0.516 39.7265275 32.418892 -0.4987616240978241 23.76925277709961
1753302733092564 23.7494836742161 9.55999755859375 -0.007308822699609079 -0.11420172303915023 1.0473707914352417 60 0.952 0.516 0.509 0.516 39.7265275 32.418892 -0.4987616240978241 23.76925277709961
1753302733375135 23.81131971177353 9.44000244140625 -0.006748773185623597 -0.11236725598573684 1.0476899147033691 60 1 0.518 0.506 0.517 39.7265809 32.4190118 -0.48672351241111755 23.76692008972168
1753302733599211 23.702292226615853 9.3299560546875 -0.006439730224278192 -0.11018949002027512 1.0482467412948608 60 0.980 0.518 0.506 0.517 39.7265809 32.4190118 -0.45974183082580566 23.750078201293945
1753302733602223 23.702292226615853 9.3299560546875 -0.006161591559067327 -0.11018949002027512 1.0482467412948608 60 1 0.518 0.506 0.517 39.7265809 32.4190118 -0.45974183082580566 23.750078201293945
1753302733876771 23.758676600253953 9.219970703125 -0.00575018758274462 -0.11208694875240326 1.047745943069458 60 1 0.516 0.510 0.516 39.7266342 32.4191311 -0.48348215222358704 23.728857040405273
1753302734101091 22.9823215648603 9.1099853515625 -0.005153244482615985 -0.11442414969205855 1.0468993186950684 59 1 0.516 0.510 0.516 39.7266342 32.4191311 -0.52759850025177 23.720718383789062
1753302734102834 22.9823215648603 9.1099853515625 -0.004615995692500213 -0.11442414969205855 1.0468993186950684 59 1 0.516 0.510 0.516 39.7266342 32.4191311 -0.52759850025177 23.720718383789062
1753302734357434 23.692420881962846 8.97998046875 -0.004101868639464667 -0.11168116927146912 1.0473136901855469 60 0.955 0.516 0.506 0.516 39.7266878 32.4192512 -0.49757564067840576 23.712142944335938
1753302734613006 23.208518020527617 8.8800048828125 -0.0035750355904665505 -0.11031158268451689 1.0475530624389648 60 0.963 0.516 0.506 0.516 39.7266878 32.4192512 -0.4479089379310608 23.723716735839844
1753302734868660 23.285232888190457 8.760009765625 -0.003039614879242353 -0.11745558381080627 1.0479485988616943 60 0.959 0.516 0.513 0.516 39.7267418 32.4193725 -0.5369269251823425 23.75102424621582
1753302735092924 23.201295968690353 8.6300048828125 -0.002612749731378352 -0.11634123921394349 1.0476062297821045 60 0.978 0.516 0.513 0.516 39.7267418 32.4193725 -0.5404385924339294 23.782989501953125
1753302735362913 23.800319587299313 8.510009765625 -0.0021393937720015003 -0.1072401776909828 1.0480554103851318 60 0.989 0.516 0.501 0.516 39.7267954 32.4194927 -0.39843064546585083 23.79054832458496
1753302735605790 23.810691353746904 8.42999267578125 -0.0017778739346217532 -0.10775500088930129 1.048757791519165 60 0.961 0.516 0.501 0.516 39.7267954 32.4194927 -0.3626544177532196 23.7785701751709
1753302735862609 23.09950873166542 8.32000732421875 -0.001351068929082282 -0.11670644283294676 1.047597050666809 60 0.971 0.516 0.512 0.516 39.7268486 32.419612 -0.5170312523841858 23.75559425354004
1753302735862670 23.09950873166542 8.32000732421875 -0.0009669444240967581 -0.11670644283294676 1.047597050666809 60 1 0.516 0.512 0.516 39.7268486 32.419612 -0.5170312523841858 23.75559425354004
1753302736100082 23.86747691026419 8.19000244140625 -0.0006212323696097865 -0.11670644283294676 1.047597050666809 60 1 0.516 0.512 0.516 39.7268486 32.419612 -0.5821781754493713 23.73631477355957
1753302736102599 23.86747691026419 8.19000244140625 -0.00031009152057151203 -0.11670644283294676 1.047597050666809 60 1 0.516 0.512 0.516 39.7268486 32.419612 -0.5821781754493713 23.73631477355957
1753302736369421 23.087011085544002 8.04998779296875 -0.00017427106985342682 -0.11101863533258438 1.0480514764785767 60 1 0.516 0.506 0.516 39.726902 32.4197318 -0.47553253173828125 23.712661743164062
1753302736592929 23.329160678349314 7.95001220703125 1.580877204112251e-05 -0.11280913650989532 1.0482529401779175 60 0.966 0.516 0.506 0.516 39.726902 32.4197318 -0.472909539937973 23.712303161621094
1753302736857295 23.081629959363543 7.82000732421875 0.00023902581143562832 -0.1168212130665779 1.0487958192825317 60 0.996 0.517 0.511 0.516 39.726956 32.4198528 -0.5313746929168701 23.741294860839844
1753302737112769 23.70842269080029 7.69000244140625 0.00031353069672228253 -0.11630607694387436 1.048002004623413 60 1 0.517 0.511 0.516 39.726956 32.4198528 -0.5248890519142151 23.770780563354492
1753302737368683 23.516615184663692 7.55999755859375 0.0003954439027800383 -0.11286682933568953 1.0487264394760132 60 1 0.515 0.504 0.516 39.7270095 32.4199728 -0.4760090112686157 23.780887603759766
1753302737592764 23.43839759077691 7.45001220703125 0.0007472902924890121 -0.10924597084522249 1.0492950677871704 60 1 0.515 0.504 0.516 39.7270095 32.4199728 -0.42076292634010315 23.76909065246582
1753302737880489 23.25781009907497 7.3399658203125 0.0012570464588172556 -0.11189661771059035 1.0502064228057861 60 1 0.515 0.510 0.516 39.7270625 32.4200921 -0.4471258223056793 23.749404907226562
1753302738102876 23.744736055709733 7.219970703125 0.001575818864432036 -0.11727295070886612 1.0511912107467651 60 1 0.515 0.510 0.516 39.7270625 32.4200921 -0.5484915375709534 23.7386531829834
1753302738356396 23.512656267734915 7.07000732421875 0.0016572119291964704 -0.11548744589090346 1.0499547719955444 60 1 0.515 0.510 0.516 39.7270625 32.4200921 -0.5565160512924194 23.73737335205078
1753302738613116 23.36110091987 6.95001220703125 0.0016252692054481985 -0.10869118720293044 1.052133560180664 60 1 0.515 0.506 0.516 39.7271156 32.4202118 -0.44583943486213684 23.735485076904297
1753302738614152 23.36110091987 6.95001220703125 0.0015965207540747537 -0.10869118720293044 1.052133560180664 60 1 0.515 0.506 0.516 39.7271156 32.4202118 -0.44583943486213684 23.735485076904297
1753302738869907 23.82105463814141 6.8399658203125 0.001475016451678866 -0.112436506152153 1.0523055791854858 60 0.969 0.516 0.510 0.516 39.7271692 32.420333 -0.4655117988586426 23.75250244140625
1753302739093483 22.99256579763662 6.7099609375 0.0012920141316532215 -0.11519663482904434 1.051816701889038 60 0.950 0.516 0.510 0.516 39.7271692 32.420333 -0.5156874656677246 23.774593353271484
1753302739350935 23.79189646298953 6.5899658203125 0.000990959698631983 -0.11304223388433457 1.0528168678283691 60 1 0.516 0.506 0.516 39.7272228 32.4204541 -0.4783857464790344 23.803646087646484
1753302739606294 23.769372124800434 6.47998046875 0.0008183778374340723 -0.11123404204845429 1.0514004230499268 60 0.997 0.516 0.506 0.516 39.7272228 32.4204541 -0.43743234872817993 23.807918548583984
1753302739870993 23.25260884779636 6.3699951171875 0.0005488183099766008 -0.11230772733688353 1.0506861209869385 60 1 0.516 0.509 0.516 39.7272759 32.4205738 -0.45397648215293884 23.792369842529297
1753302740097787 23.218101362140136 6.260009765625 0.0004047647755397348 -0.11573612689971924 1.0510718822479248 60 1 0.516 0.509 0.516 39.7272759 32.4205738 -0.5257248878479004 23.77873420715332
1753302740352568 23.680467963507837 6.1300048828125 0.00033359123944871774 -0.113734433054924 1.0503544807434082 60 0.978 0.516 0.509 0.516 39.7272759 32.4205738 -0.5104888081550598 23.766515731811523
1753302740610407 22.88996749897353 6.010009765625 0.00045627274487584663 -0.10998088419437407 1.0502742528915405 60 0.981 0.516 0.506 0.516 39.727329 32.4206933 -0.46631598472595215 23.757461547851562
1753302740612516 22.88996749897353 6.010009765625 0.0005666860997602626 -0.10998088419437407 1.0502742528915405 60 1 0.516 0.506 0.516 39.727329 32.4206933 -0.46631598472595215 23.757461547851562
1753302740868212 23.768637718767458 5.89996337890625 0.0007522880423374729 -0.11160866469144821 1.050223708152771 60 0.986 0.516 0.511 0.516 39.7273829 32.4208146 -0.46000978350639343 23.772171020507812
1753302741093299 23.00228388158915 5.77996826171875 0.0008604341035499654 -0.1175673708319664 1.0502375364303589 60 0.973 0.516 0.511 0.516 39.7273829 32.4208146 -0.5332068204879761 23.795772552490234
1753302741097391 23.00228388158915 5.77996826171875 0.0009577655586412086 -0.1175673708319664 1.0502375364303589 60 0.982 0.516 0.511 0.516 39.7273829 32.4208146 -0.5332068204879761 23.795772552490234
1753302741378485 22.971624228238703 5.63995361328125 0.001141515811076212 -0.11490610539913176 1.0499353408813477 60 1 0.516 0.504 0.516 39.7274367 32.4209356 -0.515220046043396 23.823060989379883
1753302741600956 23.679110622804245 5.52996826171875 0.0013618420969683958 -0.10841820240020753 1.0503815412521362 60 0.989 0.516 0.504 0.516 39.7274367 32.4209356 -0.40447181463241577 23.813262939453125
1753302741602558 23.679110622804245 5.52996826171875 0.0015601357542713613 -0.10841820240020753 1.0503815412521362 60 0.977 0.516 0.504 0.516 39.7274367 32.4209356 -0.40447181463241577 23.813262939453125
1753302741855630 22.926062493308628 5.42999267578125 0.0017788423778778433 -0.11009784489870071 1.0513911247253418 60 0.985 0.516 0.504 0.516 39.7274367 32.4209356 -0.41311824321746826 23.78366470336914
1753302742112933 23.800002460993586 5.32000732421875 0.0020705269775241125 -0.11712415516376495 1.0510854721069336 60 0.986 0.515 0.509 0.516 39.7274897 32.4210552 -0.5464186072349548 23.759618759155273
1753302742371379 23.32837619288056 5.16998291015625 0.002210627749691859 -0.11685907691717147 1.0503357648849487 60 1 0.353 0.529 0.435 39.7275427 32.4211747 -0.5765591859817505 23.752717971801758
1753302742592629 23.006074803713872 5.03997802734375 -0.002631967957201193 -0.10482958555221558 1.04000985622406 59 1 0.353 0.529 0.435 39.7275427 32.4211747 -0.42071858048439026 23.750267028808594
1753302742884234 22.96911827951289 5.010009765625 -0.04174888345186346 -0.08239899352192878 0.9986327886581422 57 1 0.555 0.576 0.535 39.7276 32.4212923 0.14342834055423737 23.730749130249023
1753302743109700 22.238045406397372 5.07000732421875 -0.10956528972909838 -0.04973330721259117 0.9680209755897522 55 1 0.555 0.576 0.535 39.7276 32.4212923 0.24560049176216125 23.785856246948242
1753302743112217 22.238045406397372 5.07000732421875 -0.17060005537860978 -0.04973330721259117 0.9680209755897522 55 1 0.555 0.576 0.535 39.7276 32.4212923 0.24560049176216125 23.785856246948242
1753302743366273 22.09792094005133 5.17999267578125 -0.23123453145200068 0.037103047966957084 0.8870489597320557 50 0.959 0.538 0.517 0.527 39.727674 32.4213958 0.7196833491325378 24.03986167907715
1753302743593644 21.714054911545734 5.52996826171875 -0.27484889106429267 0.10386012494564056 0.7850183248519897 44 1 0.538 0.517 0.527 39.727674 32.4213958 2.057225227355957 24.183635711669922
1753302743884554 22.637818062892066 6.219970703125 -0.3029593641442953 0.1157887503504753 0.7102503180503845 40 1 0.512 0.496 0.514 39.7277598 32.4214809 2.845853090286255 24.0852108001709
1753302744107092 22.740081380233267 6.8699951171875 -0.322701449532768 0.06623367965221405 0.6794439554214478 38 0.995 0.512 0.496 0.514 39.7277598 32.4214809 2.3039278984069824 23.978389739990234
1753302744112270 22.740081380233267 6.8699951171875 -0.3404693263823934 0.06623367965221405 0.6794439554214478 38 1 0.512 0.496 0.514 39.7277598 32.4214809 2.3039278984069824 23.978389739990234
1753302744362660 22.095266185135685 7.3699951171875 -0.35501227003829017 0.026542848721146577 0.6462054848670961 37 1 0.512 0.496 0.514 39.7277598 32.4214809 1.5552818775177002 23.859493255615234
1753302744618943 21.92203668957935 7.75 -0.3684445758685142 0.050753920525312426 0.5978872776031495 34 1 0.521 0.540 0.518 39.7278481 32.4215582 1.749043583869934 23.694961547851562
1753302744876058 21.70611147026858 8.32000732421875 -0.37920235157233506 0.0956959381699562 0.5416977405548096 31 0.982 0.531 0.505 0.523 39.7279411 32.4216237 2.472925901412964 23.48095703125
1753302745102093 22.045791088128155 8.969970703125 -0.38423929119308614 0.10407637655735016 0.5046179890632629 28 1 0.531 0.505 0.523 39.7279411 32.4216237 2.740438938140869 23.36408233642578
1753302745104183 22.045791088128155 8.969970703125 -0.3887725368517622 0.10407637655735016 0.5046179890632629 28 0.971 0.531 0.505 0.523 39.7279411 32.4216237 2.740438938140869 23.36408233642578
1753302745360175 21.727245573942213 9.67999267578125 -0.38681542236012084 0.09197100102901458 0.47066232562065125 26 1 0.519 0.524 0.517 39.7280374 32.4216801 2.649519443511963 23.317157745361328
1753302745616859 21.655661926876082 10.3299560546875 -0.38177691720487356 0.09411646276712418 0.4381822645664215 25 1 0.519 0.524 0.517 39.7280374 32.4216801 2.7061445713043213 23.253765106201172
1753302745862931 21.493684237588926 11.0799560546875 -0.3751340462794454 0.11425765305757522 0.4049062430858612 23 0.992 0.519 0.524 0.517 39.7280374 32.4216801 3.0116734504699707 23.120452880859375
1753302746116001 21.322486436930998 11.8399658203125 -0.3664671499160425 0.1215488538146019 0.3787577450275421 21 0.974 0.527 0.511 0.521 39.7281338 32.4217285 3.1813807487487793 23.01062774658203
1753302746370199 21.25454429254177 12.67999267578125 -0.35500266420491006 0.12400101274251936 0.35420307517051697 20 1 0.520 0.517 0.518 39.7282309 32.4217706 3.2435741424560547 22.9346866607666
1753302746623708 21.004939160543543 13.47998046875 -0.34146097839755535 0.12820786386728286 0.3335508406162262 19 1 0.520 0.517 0.518 39.7282309 32.4217706 3.3157312870025635 22.885969161987305
1753302746877301 21.744858689149428 14.3699951171875 -0.3268162611801868 0.1386372998356819 0.3108232915401459 17 1 0.523 0.514 0.519 39.7283295 32.4218086 3.514511823654175 22.82958984375
1753302747099121 21.69083967043619 15.239990234375 -0.31149093094582364 0.14341990053653716 0.2969713509082794 17 1 0.523 0.514 0.519 39.7283295 32.4218086 3.6220591068267822 22.819978713989258
1753302747102208 21.69083967043619 15.239990234375 -0.29769813373489684 0.14341990053653716 0.2969713509082794 17 0.952 0.523 0.514 0.519 39.7283295 32.4218086 3.6220591068267822 22.819978713989258
1753302747385491 21.325787278091283 16.199951171875 -0.28266108353260316 0.1496445819735527 0.2822868525981903 16 0.972 0.523 0.512 0.519 39.7284295 32.4218433 3.751863956451416 22.81965446472168
1753302747597952 21.574288190769476 17.1199951171875 -0.26659869315615137 0.15700952857732775 0.2685658931732178 15 0.997 0.523 0.512 0.519 39.7284295 32.4218433 3.882052421569824 22.82897186279297
1753302747854530 20.980673439874284 18.13995361328125 -0.24967466067425167 0.15401558279991148 0.25941410660743713 14 0.983 0.518 0.497 0.516 39.7285288 32.4218753 3.904729127883911 22.843353271484375
1753302748110744 21.775716938443427 19.03997802734375 -0.23229063023166438 0.12898088097572324 0.2543324828147888 14 1 0.518 0.497 0.516 39.7285288 32.4218753 3.564626693725586 22.92460060119629
1753302748112321 21.775716938443427 19.03997802734375 -0.21664500283333582 0.12898088097572324 0.2543324828147888 14 0.996 0.518 0.497 0.516 39.7285288 32.4218753 3.564626693725586 22.92460060119629
1753302748365813 21.754180372815387 19.89996337890625 -0.2009176951390468 0.1067169889807701 0.24626031517982483 14 1 0.520 0.502 0.518 39.7286288 32.4219066 3.1573915481567383 23.038414001464844
1753302748617265 21.43528956712201 20.6300048828125 -0.18559506685214905 0.09691618680953978 0.24025410413742065 13 1 0.520 0.502 0.518 39.7286288 32.4219066 2.9834446907043457 23.1115779876709
1753302748619709 21.43528956712201 20.6300048828125 -0.17180470139394105 0.09691618680953978 0.24025410413742065 13 1 0.520 0.502 0.518 39.7286288 32.4219066 2.9834446907043457 23.1115779876709
1753302748858455 21.53477993613263 21.38995361328125 -0.1580490616167477 0.08527041375637054 0.2382175624370575 13 1 0.520 0.502 0.518 39.7286288 32.4219066 2.8241851329803467 23.207204818725586
1753302749113515 21.216558949226233 22.03997802734375 -0.1443821939934693 0.07522387206554412 0.23559081554412842 13 0.994 0.522 0.501 0.519 39.7287304 32.4219375 2.6599321365356445 23.31614112854004
1753302749368094 21.50113356074088 22.699951171875 -0.13061996600451192 0.057203130424022676 0.23303614556789398 13 1 0.522 0.501 0.519 39.7287304 32.4219375 2.4057698249816895 23.462055206298828
1753302749624516 21.50826543586517 23.239990234375 -0.11700561358002233 0.04635600820183754 0.23144853115081787 13 1 0.518 0.510 0.517 39.728834 32.4219689 2.2234702110290527 23.60112762451172
1753302749880436 21.782604458728198 23.80999755859375 -0.10369354323417612 0.045601495355367665 0.2312556505203247 13 0.997 0.516 0.496 0.516 39.728938 32.4220006 2.201631784439087 23.70924949645996
1753302750104559 21.443399293300928 24.3299560546875 -0.09073932173136473 0.040210540965199465 0.23235835134983063 13 0.987 0.516 0.496 0.516 39.728938 32.4220006 2.1428980827331543 23.7755069732666
1753302750359254 22.313205229619957 24.8499755859375 -0.07857545683339479 0.024051803722977636 0.23137164115905762 13 1 0.518 0.509 0.517 39.7290417 32.4220327 1.8992265462875366 23.848655700683594
1753302750613019 22.195257758323546 25.27996826171875 -0.06694854992230453 0.012967596948146818 0.23324407637119293 13 0.959 0.518 0.509 0.517 39.7290417 32.4220327 1.6751747131347656 23.906455993652344
1753302750869280 22.312982747431533 25.69000244140625 -0.05559109924077736 0.012320139445364475 0.2370438426733017 13 0.969 0.516 0.498 0.516 39.7291462 32.4220656 1.6270864009857178 23.945491790771484
1753302751124287 21.7661068358497 26.0799560546875 -0.04478123846208823 0.011716861650347708 0.2397437691688538 13 1 0.516 0.498 0.516 39.7291462 32.4220656 1.6399677991867065 23.97739028930664
1753302751380055 22.24787452559456 26.5 -0.03472337108155285 0.0011562123312614857 0.2427239567041397 13 1 0.518 0.505 0.517 39.7292518 32.4221 1.5018984079360962 24.040185928344727
1753302751605075 22.39557744111494 26.8299560546875 -0.02560716180175717 -0.008593262173235416 0.24516573548316956 14 0.986 0.518 0.505 0.517 39.7292518 32.4221 1.326080083847046 24.08358383178711
1753302751606084 22.39557744111494 26.8299560546875 -0.017402573449941058 -0.008593262173235416 0.24516573548316956 14 0.969 0.518 0.505 0.517 39.7292518 32.4221 1.326080083847046 24.08358383178711
1753302751887951 22.782404647738133 27.16998291015625 -0.009653239941774227 -0.011583678424358368 0.25003108382225037 14 1 0.516 0.501 0.516 39.7293569 32.4221354 1.2742555141448975 24.110647201538086
1753302752110837 22.06204066245304 27.469970703125 -0.0023723337020085016 -0.015164888091385364 0.25501033663749695 14 0.978 0.516 0.501 0.516 39.7293569 32.4221354 1.213021159172058 24.098369598388672
1753302752113520 22.06204066245304 27.469970703125 0.004180481913780652 -0.015164888091385364 0.25501033663749695 14 1 0.516 0.501 0.516 39.7293569 32.4221354 1.213021159172058 24.098369598388672
1753302752366230 22.991510232053024 27.760009765625 0.010328442647840514 -0.021990338712930678 0.2605520188808441 14 0.950 0.517 0.508 0.516 39.7294607 32.4221718 1.0892897844314575 24.077762603759766
1753302752619156 22.199008770260544 28.0 0.01563563417922193 -0.03098083101212978 0.2638324499130249 15 0.958 0.517 0.508 0.516 39.7294607 32.4221718 0.9200789332389832 24.066444396972656
1753302752622166 22.199008770260544 28.0 0.020412106557465205 -0.03098083101212978 0.2638324499130249 15 0.997 0.517 0.508 0.516 39.7294607 32.4221718 0.9200789332389832 24.066444396972656
1753302752873651 22.39767049331381 28.22998046875 0.024433398688235828 -0.033344826102256774 0.26980507373809814 15 1 0.518 0.503 0.517 39.7295642 32.4222093 0.8463273644447327 24.046815872192383
1753302753097695 22.791064015246686 28.42999267578125 0.027922974030136122 -0.03508326970040798 0.27234676480293274 15 0.955 0.518 0.503 0.517 39.7295642 32.4222093 0.8305267095565796 24.030746459960938
1753302753102212 22.791064015246686 28.42999267578125 0.031063591837846388 -0.03508326970040798 0.27234676480293274 15 1 0.518 0.503 0.517 39.7295642 32.4222093 0.8305267095565796 24.030746459960938
1753302753386955 23.07228310671644 28.63995361328125 0.03399538582560106 -0.04135269410908222 0.276694118976593 15 0.966 0.516 0.507 0.516 39.7296687 32.4222484 0.7299103736877441 24.038516998291016
1753302753608814 22.27899208265373 28.80999755859375 0.036813161173433216 -0.044758581370115284 0.2805219888687134 16 0.989 0.516 0.507 0.516 39.7296687 32.4222484 0.6684222221374512 24.058717727661133
1753302753864095 22.5867020878177 28.97998046875 0.03902902020421936 -0.0434832215309143 0.28363075852394104 16 1 0.516 0.507 0.516 39.7296687 32.4222484 0.6982636451721191 24.079816818237305
1753302754120343 22.834196848905776 29.13995361328125 0.040964612186616484 -0.050422658771276475 0.28859293460845953 16 0.971 0.515 0.505 0.516 39.7297732 32.4222887 0.6140817999839783 24.083171844482422
1753302754122352 22.834196848905776 29.13995361328125 0.0427066449707739 -0.050422658771276475 0.28859293460845953 16 0.953 0.515 0.505 0.516 39.7297732 32.4222887 0.6140817999839783 24.083171844482422
1753302754374709 23.01186024952292 29.27996826171875 0.04397954659634761 -0.05455920100212097 0.2939237952232361 16 0.965 0.514 0.506 0.516 39.7298761 32.4223295 0.5081616044044495 24.061260223388672
1753302754598083 22.85928188851492 29.39996337890625 0.04507829316235124 -0.05258893519639969 0.2966994047164917 16 0.993 0.514 0.506 0.516 39.7298761 32.4223295 0.5207880139350891 24.026493072509766
1753302754883777 23.11590130666647 29.53997802734375 0.045494840900092176 -0.05343241766095161 0.3012110888957978 17 0.950 0.517 0.506 0.516 39.7299782 32.4223712 0.5124205350875854 23.979320526123047
1753302755106767 23.316366990249367 29.65997314453125 0.04541869210599857 -0.06296167448163033 0.30503228306770325 17 0.993 0.517 0.506 0.516 39.7299782 32.4223712 0.379428893327713 23.946796417236328
1753302755362737 23.101634173093718 29.72998046875 0.045314606628409 -0.06725992038846015 0.3085024356842041 17 0.971 0.517 0.506 0.516 39.7299782 32.4223712 0.24852688610553741 23.949033737182617
1753302755619526 22.66597740144678 29.79998779296875 0.04504392290257601 -0.06084857434034347 0.3120547831058503 17 1 0.516 0.505 0.516 39.7300813 32.422414 0.3706168532371521 23.956710815429688
1753302755876994 22.43953243746172 29.90997314453125 0.04466048101314772 -0.0619854286313057 0.31540802121162415 18 1 0.515 0.509 0.516 39.7301843 32.4224578 0.4009276032447815 23.96587562561035
1753302756102306 22.92100535367936 30.0 0.04390323954578223 -0.07183780074119568 0.3193033039569855 18 1 0.515 0.509 0.516 39.7301843 32.4224578 0.2549315094947815 23.97399139404297
1753302756357054 22.502244772079667 30.05999755859375 0.03196631638189538 -0.070991762727499 0.3006156086921692 17 0.976 0.515 0.509 0.516 39.7301843 32.4224578 0.24725863337516785 23.953659057617188
1753302756613953 23.012984825357492 30.1300048828125 -0.013793035435851964 -0.0817773014307022 0.2769952714443207 15 1 0.385 0.522 0.450 39.7302861 32.422501 0.2815510928630829 23.90607452392578
1753302756871317 23.465556913923542 30.14996337890625 -0.09607230790392449 -0.08234518617391585 0.24537433683872223 14 1 0.555 0.652 0.535 39.7303909 32.4225291 -0.16817855834960938 23.964771270751953
1753302757123329 23.074033556732527 30.04998779296875 -0.1772221982172372 -0.034892857819795606 0.14592111110687256 8 0.971 0.555 0.652 0.535 39.7303909 32.4225291 -0.5469434261322021 24.314136505126953
1753302757378690 22.731548408294938 30.010009765625 -0.2502570994992186 0.06361593678593636 -0.07221520692110062 355 1 0.515 0.572 0.516 39.7305022 32.4225101 0.501987636089325 25.17209243774414
1753302757602003 23.132584701741408 30.39996337890625 -0.3159885106530019 0.16090778410434722 -0.3103576898574829 342 1 0.515 0.572 0.516 39.7305022 32.4225101 2.6161179542541504 25.74921226501465
1753302757881060 23.760055353326344 31.3399658203125 -0.37514678069140683 0.21372689604759212 -0.4933486878871918 331 0.977 0.521 0.432 0.518 39.7306015 32.4224313 3.9844205379486084 25.70900535583496
1753302758102738 23.59742539917319 32.29998779296875 -0.42838922372597127 0.17813811004161834 -0.5560945868492126 328 0.965 0.521 0.432 0.518 39.7306015 32.4224313 3.5763421058654785 25.57404136657715
1753302758389797 24.17993319901143 33.02996826171875 -0.4763074224570793 0.06727059110999106 -0.5541968941688538 328 1 0.502 0.532 0.509 39.7306926 32.4223423 1.828269362449646 25.41945457458496
1753302758612764 23.86663099656825 33.26995849609375 -0.5194338013150765 -0.024754597991704944 -0.5654883980751038 327 0.957 0.502 0.532 0.509 39.7306926 32.4223423 0.12613017857074738 25.129915237426758
1753302758869434 23.55891370606013 33.17999267578125 -0.558247542287274 -0.05283771529793739 -0.6399735808372498 323 0.986 0.516 0.557 0.516 39.7307768 32.4222485 -0.6520759463310242 24.794944763183594
1753302759124565 23.272064470876053 33.02996826171875 -0.5931799091622517 -0.04608043655753136 -0.7425622344017029 317 1 0.516 0.557 0.516 39.7307768 32.4222485 -0.6712096333503723 24.628826141357422
1753302759380059 23.37992346182396 32.89996337890625 -0.6246190393497317 -0.029439227283000947 -0.86710125207901 310 1 0.519 0.534 0.517 39.7308429 32.422134 -0.41604921221733093 24.559724807739258
1753302759604141 23.042769433778304 32.8499755859375 -0.6529142565184638 -0.01483655348420143 -0.9761416316032411 304 0.968 0.519 0.534 0.517 39.7308429 32.422134 -0.12460640072822571 24.50877571105957
1753302759892295 22.274127379009418 32.8499755859375 -0.6766503548610632 -0.01449965126812458 -1.0746065378189087 298 0.970 0.516 0.516 0.516 39.730889 32.4220038 -0.023125994950532913 24.410076141357422
1753302760115908 23.2447617790087 32.82000732421875 -0.6953070607175015 -0.03473648428916931 -1.1466259956359863 294 0.966 0.516 0.516 0.516 39.730889 32.4220038 -0.2546710669994354 24.277935028076172
1753302760367965 22.954013226870487 32.7099609375 -0.7095768373956903 -0.06120676845312118 -1.2201192378997803 290 0.983 0.516 0.516 0.516 39.730889 32.4220038 -0.6386203169822693 24.090805053710938
1753302760622709 23.1957745208453 32.53997802734375 -0.7201916445866785 -0.07392468303442001 -1.2909085750579834 286 1 0.516 0.529 0.516 39.7309191 32.4218693 -0.855902910232544 23.907121658325195
1753302760623409 23.1957745208453 32.53997802734375 -0.7297449710585678 -0.07392468303442001 -1.2909085750579834 286 0.953 0.516 0.529 0.516 39.7309191 32.4218693 -0.855902910232544 23.907121658325195
1753302760872625 22.92538662818509 32.32000732421875 -0.7356106104807263 -0.08042762205004693 -1.3697744607925415 281 0.960 0.516 0.529 0.516 39.7309191 32.4218693 -0.941376268863678 23.724573135375977
1753302761131157 22.903682461935794 32.0999755859375 -0.7380620356520597 -0.08454478904604912 -1.4401482343673706 277 0.981 0.523 0.528 0.519 39.7309337 32.4217336 -0.9803376793861389 23.58052635192871
1753302761132167 22.903682461935794 32.0999755859375 -0.74026831830626 -0.08454478904604912 -1.4401482343673706 277 1 0.523 0.528 0.519 39.7309337 32.4217336 -0.9803376793861389 23.58052635192871
1753302761380085 23.066402925679203 31.8599853515625 -0.7381152228571648 -0.08732209727168083 -1.5131869316101074 273 1 0.527 0.522 0.521 39.7309334 32.4215972 -0.9531064033508301 23.44473648071289
1753302761604323 22.71635279286806 31.6300048828125 -0.7318083807281561 -0.09492863714694975 -1.5745607614517212 269 0.983 0.527 0.522 0.521 39.7309334 32.4215972 -0.9810499548912048 23.35184097290039
1753302761889607 23.139688298797736 31.3599853515625 -0.7210370151208556 -0.09921979010105134 -1.636124610900879 266 0.956 0.530 0.516 0.523 39.7309207 32.4214615 -0.9920749664306641 23.276016235351562
1753302762128372 22.697874715093157 31.1099853515625 -0.7060501499182031 -0.10251898318529129 -1.6877973079681396 263 0.950 0.530 0.516 0.523 39.7309207 32.4214615 -0.9588587284088135 23.216697692871094
1753302762131953 22.697874715093157 31.1099853515625 -0.6925619712358158 -0.10251898318529129 -1.6877973079681396 263 0.998 0.530 0.516 0.523 39.7309207 32.4214615 -0.9588587284088135 23.216697692871094
1753302762366660 22.752709952679755 30.8599853515625 -0.6745240572886564 -0.10776072740554808 -1.7374136447906494 260 1 0.530 0.516 0.523 39.7309207 32.4214615 -0.9460403919219971 23.150203704833984
1753302762619506 22.736726166725866 30.63995361328125 -0.6524174943980781 -0.10959820896387101 -1.7784913778305054 258 1 0.530 0.516 0.523 39.7308982 32.4213299 -0.9061330556869507 23.086902618408203
1753302762874488 23.016463322968107 30.41998291015625 -0.6258129658177978 -0.11237593442201614 -1.8183295726776123 255 1 0.530 0.516 0.523 39.7308982 32.4213299 -0.8455000519752502 23.033411026000977
1753302763129902 22.595915771594054 30.22998046875 -0.5960285826214093 -0.1148148775100708 -1.851118326187134 253 1 0.530 0.513 0.523 39.7308689 32.4212019 -0.7924214005470276 23.0024471282959
1753302763132573 22.595915771594054 30.22998046875 -0.5692226377446596 -0.1148148775100708 -1.851118326187134 253 0.972 0.530 0.513 0.523 39.7308689 32.4212019 -0.7924214005470276 23.0024471282959
1753302763380097 22.228553213862323 30.02996826171875 -0.5389999467717836 -0.11570326983928679 -1.8794987201690674 252 0.952 0.533 0.514 0.524 39.7308347 32.4210755 -0.7484080195426941 23.003704071044922
1753302763604539 23.07098358423724 29.8599853515625 -0.5063521059084444 -0.11185719966888427 -1.9014310836791992 251 1 0.533 0.514 0.524 39.7308347 32.4210755 -0.6471232175827026 23.017057418823242
1753302763872550 22.867216817508677 29.699951171875 -0.47098868564324153 -0.1094989702105522 -1.9193044900894167 250 0.961 0.530 0.512 0.522 39.730797 32.4209486 -0.544967532157898 23.0759220123291
1753302764129253 22.870032282351566 29.57000732421875 -0.4339291525681905 -0.1051345720887184 -1.932533621788025 249 1 0.530 0.512 0.522 39.730797 32.4209486 -0.4406507909297943 23.138212203979492
1753302764385035 22.65714442475482 29.4599609375 -0.39547757114172805 -0.1009866029024124 -1.9436589479446411 248 0.963 0.525 0.511 0.520 39.730758 32.4208218 -0.3303830027580261 23.210603713989258
1753302764607041 22.40887291835624 29.3800048828125 -0.3568054481688216 -0.09718871265649795 -1.9463088512420654 248 1 0.525 0.511 0.520 39.730758 32.4208218 -0.2583704888820648 23.257640838623047
1753302764894121 22.491566291239753 29.32000732421875 -0.31829749891249015 -0.09198935925960541 -1.949621319770813 248 0.988 0.526 0.512 0.520 39.7307196 32.4206957 -0.16690197587013245 23.29856300354004
1753302765118569 23.092449677691338 29.26995849609375 -0.2806643848784656 -0.08917381167411804 -1.9494266510009766 248 0.954 0.526 0.512 0.520 39.7307196 32.4206957 -0.1260615587234497 23.336217880249023
1753302765122187 23.092449677691338 29.26995849609375 -0.24679458224784354 -0.08917381167411804 -1.9494266510009766 248 0.953 0.526 0.512 0.520 39.7307196 32.4206957 -0.1260615587234497 23.336217880249023
1753302765372489 22.802898821506894 29.239990234375 -0.21367252320657096 -0.08526880219578743 -1.9444606304168703 248 0.960 0.526 0.512 0.520 39.7307196 32.4206957 -0.05873439460992813 23.375925064086914
1753302765628206 22.799952384408353 29.22998046875 -0.18137194693633846 -0.08213429600000381 -1.938665747642517 248 1 0.522 0.511 0.519 39.7306821 32.4205685 -0.011973882094025612 23.41997718811035
1753302765630715 22.799952384408353 29.22998046875 -0.1523014282931292 -0.08213429600000381 -1.938665747642517 248 0.977 0.522 0.511 0.519 39.7306821 32.4205685 -0.011973882094025612 23.41997718811035
1753302765884398 23.142741482924205 29.2099609375 -0.12390567890549337 -0.08155152648687361 -1.9307949542999268 249 0.966 0.520 0.510 0.518 39.7306459 32.4204379 0.005880336277186871 23.493200302124023
1753302766108748 22.585163981532386 29.2099609375 -0.09690984217892261 -0.0763025902211666 -1.9213156700134277 249 0.972 0.520 0.510 0.518 39.7306459 32.4204379 0.0938543751835823 23.558774948120117
1753302766363817 22.651789281199004 29.239990234375 -0.07127885635408912 -0.07484455555677415 -1.910584568977356 250 1 0.520 0.510 0.518 39.7306459 32.4204379 0.1381937563419342 23.62403106689453
1753302766621678 22.325221914307477 29.260009765625 -0.04717959865075189 -0.07349185645580292 -1.898163914680481 251 0.962 0.521 0.510 0.518 39.730612 32.4203061 0.15930116176605225 23.661014556884766
1753302766622193 22.325221914307477 29.260009765625 -0.025490266717748393 -0.07349185645580292 -1.898163914680481 251 0.974 0.521 0.510 0.518 39.730612 32.4203061 0.15930116176605225 23.661014556884766
1753302766887286 23.08932457731934 29.29998779296875 -0.005209160718867076 -0.0711811028420925 -1.8852344751358034 251 1 0.517 0.509 0.516 39.7305812 32.4201744 0.1765894591808319 23.674030303955078
1753302767109990 22.39923805438401 29.3299560546875 0.013640097194717326 -0.07101713567972183 -1.8719422817230225 252 1 0.517 0.509 0.516 39.7305812 32.4201744 0.17166778445243835 23.68449592590332
1753302767112002 22.39923805438401 29.3299560546875 0.030604429316943287 -0.07101713567972183 -1.8719422817230225 252 0.981 0.517 0.509 0.516 39.7305812 32.4201744 0.17166778445243835 23.68449592590332
1753302767392002 22.527767982610868 29.3699951171875 0.04605194086351281 -0.07134370878338815 -1.8579785823822021 253 1 0.518 0.511 0.517 39.7305532 32.4200415 0.16192248463630676 23.69038200378418
1753302767616335 22.664139822871746 29.39996337890625 0.060107585679158144 -0.07218272686004638 -1.8426507711410522 254 0.967 0.518 0.511 0.517 39.7305532 32.4200415 0.1432272344827652 23.69681167602539
1753302767872331 22.590132485995536 29.449951171875 0.07299185415267757 -0.07141107097268104 -1.8276026248931885 255 0.950 0.518 0.511 0.517 39.7305532 32.4200415 0.15655487775802612 23.715356826782227
1753302768130767 22.944336292669878 29.5 0.08441924709224534 -0.068182223290205 -1.8142378330230713 256 1 0.516 0.506 0.516 39.7305279 32.4199061 0.2170824259519577 23.746427536010742
1753302768131815 22.944336292669878 29.5 0.09470390073785631 -0.068182223290205 -1.8142378330230713 256 1 0.516 0.506 0.516 39.7305279 32.4199061 0.2170824259519577 23.746427536010742
1753302768385618 22.561578891111083 29.54998779296875 0.1034883748799215 -0.07057829573750496 -1.80087149143219 256 1 0.518 0.508 0.517 39.7305056 32.4197693 0.20642517507076263 23.78420066833496
1753302768609570 22.468847613003316 29.5999755859375 0.11077967357423756 -0.07158184945583343 -1.788159728050232 257 1 0.518 0.508 0.517 39.7305056 32.4197693 0.1911446899175644 23.791101455688477
1753302768612084 22.468847613003316 29.5999755859375 0.11734184239912199 -0.07158184945583343 -1.788159728050232 257 0.973 0.518 0.508 0.517 39.7305056 32.4197693 0.1911446899175644 23.791101455688477
1753302768866546 22.420425810713667 29.65997314453125 0.12291124714560658 -0.07350120767951011 -1.773258924484253 258 1 0.516 0.509 0.516 39.7304862 32.4196333 0.16083988547325134 23.775495529174805
1753302769122555 22.420425810713667 29.65997314453125 0.12792371141744274 -0.07350120767951011 -1.773258924484253 258 1 0.516 0.509 0.516 39.7304862 32.4196333 0.16083988547325134 23.775495529174805
1753302769381946 23.059342326095503 29.7099609375 0.13164987201541023 -0.07291947081685067 -1.7462726831436157 259 0.990 0.515 0.506 0.516 39.7304695 32.419497 0.15046311914920807 23.75426483154297
1753302769632326 23.152232743296253 29.75 0.13421716125353597 -0.07252835705876351 -1.7354220151901247 260 0.977 0.515 0.506 0.516 39.7304695 32.419497 0.16123291850090027 23.744876861572266
1753302769634616 23.152232743296253 29.75 0.13652772156784912 -0.07252835705876351 -1.7354220151901247 260 0.974 0.515 0.506 0.516 39.7304695 32.419497 0.16123291850090027 23.744876861572266
1753302769634704 23.152232743296253 29.75 0.13860722585073096 -0.07252835705876351 -1.7354220151901247 260 0.987 0.515 0.506 0.516 39.7304695 32.419497 0.16123291850090027 23.744876861572266
1753302769879182 22.962005227551877 29.77996826171875 0.1395772415717034 -0.07707065790891647 -1.721709966659546 261 0.958 0.515 0.506 0.516 39.7304695 32.419497 0.10801785439252853 23.745763778686523
1753302770137261 23.096231192531167 29.80999755859375 0.1398175568866362 -0.07739279270172118 -1.7113571166992188 261 1 0.516 0.509 0.516 39.730455 32.4193589 0.09932803362607956 23.7675724029541
1753302770394100 22.603413455967953 29.8299560546875 0.13935178322979477 -0.07748862579464912 -1.699682950973511 262 0.977 0.513 0.507 0.515 39.7304428 32.4192196 0.10781165212392807 23.78767967224121
1753302770617970 22.410604150244477 29.8599853515625 0.13812887641837002 -0.07688385769724847 -1.6905478239059448 263 0.986 0.513 0.507 0.515 39.7304428 32.4192196 0.13499589264392853 23.802127838134766
1753302770874686 23.135520638143056 29.88995361328125 0.1359373581980151 -0.080339977145195 -1.679925560951233 263 1 0.516 0.509 0.516 39.7304326 32.4190819 0.08679389953613281 23.789825439453125
1753302771130391 23.314921809291672 29.90997314453125 0.13317631133566635 -0.0800438828766346 -1.670387625694275 264 0.992 0.516 0.509 0.516 39.7304326 32.4190819 0.07117952406406403 23.765010833740234
1753302771131959 23.314921809291672 29.90997314453125 0.1306913691595525 -0.0800438828766346 -1.670387625694275 264 1 0.516 0.509 0.516 39.7304326 32.4190819 0.07117952406406403 23.765010833740234
1753302771385910 23.174566574140055 29.92999267578125 0.12782868202048514 -0.07816697806119918 -1.6622495651245117 264 0.958 0.515 0.509 0.516 39.7304241 32.4189446 0.10092766582965851 23.741294860839844
1753302771609824 22.405220941230226 29.949951171875 0.12443048392699338 -0.08195788487792015 -1.6549443006515503 265 0.964 0.515 0.509 0.516 39.7304241 32.4189446 0.04397213086485863 23.729352951049805
1753302771611833 22.405220941230226 29.949951171875 0.1213721056428508 -0.08195788487792015 -1.6549443006515503 265 0.960 0.515 0.509 0.516 39.7304241 32.4189446 0.04397213086485863 23.729352951049805
1753302771865541 22.52815095429432 29.9599609375 0.1177273052615186 -0.08137866705656052 -1.6467279195785522 265 0.974 0.515 0.509 0.516 39.7304241 32.4189446 0.026774657890200615 23.729965209960938
1753302772122435 22.745796756405504 29.97998046875 0.11374536299844926 -0.07851387038826942 -1.6399260759353638 266 1 0.513 0.506 0.515 39.730417 32.4188059 0.08700135350227356 23.74390411376953
1753302772373832 23.250781148642027 30.0 0.10940836722380233 -0.08366513773798942 -1.6344690322875977 266 1 0.513 0.506 0.515 39.730417 32.4188059 0.04164370521903038 23.767410278320312
1753302772640619 22.669974915961227 30.0 0.10456153583281916 -0.08509211987257002 -1.6292531490325928 266 1 0.516 0.511 0.516 39.7304111 32.4186663 0.0012278053909540176 23.78742790222168
1753302772644771 22.669974915961227 30.0 0.1001993875809343 -0.08509211987257002 -1.6292531490325928 266 1 0.516 0.511 0.516 39.7304111 32.4186663 0.0012278053909540176 23.78742790222168
1753302772886327 23.38675136031503 30.0 0.09556521462868137 -0.08138454481959344 -1.6227631568908694 267 0.956 0.515 0.505 0.516 39.7304061 32.4185282 0.049019310623407364 23.78338050842285
1753302773109382 23.321197513888567 30.01995849609375 0.09081866320196226 -0.07768577858805657 -1.6181749105453491 267 0.966 0.515 0.505 0.516 39.7304061 32.4185282 0.1023976132273674 23.765993118286133
1753302773111991 23.321197513888567 30.01995849609375 0.08654676691791505 -0.07768577858805657 -1.6181749105453491 267 0.965 0.515 0.505 0.516 39.7304061 32.4185282 0.1023976132273674 23.765993118286133
1753302773366643 22.84380110916725 30.03997802734375 0.08211110740394377 -0.08286613225936888 -1.6136659383773804 267 0.997 0.514 0.512 0.516 39.730402 32.4183905 0.04292185604572296 23.74462890625
1753302773622186 23.34489688590336 30.03997802734375 0.07751774043879792 -0.08604995012283326 -1.6115533113479614 267 1 0.514 0.512 0.516 39.730402 32.4183905 -0.0457780584692955 23.73874282836914
1753302773877462 22.857351521509045 30.03997802734375 0.07259649281390207 -0.08119706138968469 -1.6079475879669192 267 1 0.514 0.512 0.516 39.730402 32.4183905 0.018245773389935493 23.728984832763672
1753302774135455 22.49696073119486 30.04998779296875 0.06773570640850987 -0.08322861865162849 -1.6049436330795288 268 0.961 0.514 0.508 0.515 39.7303984 32.4182522 0.02206948585808277 23.730426788330078
1753302774388597 23.182108052426216 30.04998779296875 0.06295917597981328 -0.08592927604913711 -1.603101372718811 268 0.997 0.515 0.509 0.516 39.7303951 32.4181124 -0.032569773495197296 23.761232376098633
1753302774613413 23.22793309195584 30.04998779296875 0.05820232351188691 -0.08116737529635429 -1.6021347045898438 268 0.954 0.515 0.509 0.516 39.7303951 32.4181124 0.05016419664025307 23.78947639465332
1753302774868398 22.495406689125268 30.07000732421875 0.05336146858317999 -0.07790141478180884 -1.6010278463363647 268 0.980 0.516 0.508 0.516 39.730392 32.4179731 0.12627437710762024 23.806737899780273
1753302775122319 22.969868502704625 30.0899658203125 0.04851613049119724 -0.08359921500086785 -1.5995234251022339 268 1 0.516 0.508 0.516 39.730392 32.4179731 0.041549909859895706 23.79014778137207
1753302775393690 23.36736800269198 30.0799560546875 0.043935463090740264 -0.08461799770593642 -1.5993388891220093 268 0.956 0.515 0.506 0.516 39.730389 32.4178351 -0.011503779329359531 23.776884078979492
1753302775632577 23.20214875946178 30.0799560546875 0.03951736061389327 -0.08009848818182945 -1.6000027656555176 268 1 0.515 0.506 0.516 39.730389 32.4178351 0.037926558405160904 23.761337280273438
1753302775635124 23.20214875946178 30.0799560546875 0.03554106838473097 -0.08009848818182945 -1.6000027656555176 268 1 0.515 0.506 0.516 39.730389 32.4178351 0.037926558405160904 23.761337280273438
1753302775868559 22.93412788857653 30.0999755859375 0.03169650466637387 -0.07968531847000122 -1.5989575386047363 268 0.999 0.515 0.506 0.516 39.730389 32.4178351 0.0762195885181427 23.745119094848633
1753302776119786 23.123614336399175 30.1199951171875 0.027953403965949187 -0.0843617908656597 -1.5992449522018433 268 1 0.516 0.508 0.516 39.7303859 32.4176966 0.0008241070318035781 23.750551223754883
1753302776121923 23.123614336399175 30.1199951171875 0.02458461333556697 -0.0843617908656597 -1.5992449522018433 268 0.952 0.516 0.508 0.516 39.7303859 32.4176966 0.0008241070318035781 23.750551223754883
1753302776374976 22.75547093454312 30.1099853515625 0.021370910535324143 -0.08659154921770096 -1.599158525466919 268 0.954 0.514 0.508 0.515 39.7303826 32.4175567 -0.05353281646966934 23.780027389526367
1753302776630025 22.633035685188467 30.1099853515625 0.018365078338296884 -0.08108950927853585 -1.5982658863067627 268 0.970 0.514 0.508 0.515 39.7303826 32.4175567 0.041707102209329605 23.806371688842773
1753302776632058 22.633035685188467 30.1099853515625 0.01565982936097235 -0.08108950927853585 -1.5982658863067627 268 0.961 0.514 0.508 0.515 39.7303826 32.4175567 0.041707102209329605 23.806371688842773
1753302776884255 23.10947068812653 30.13995361328125 0.013060968338904237 -0.07964403331279753 -1.5989644527435303 268 0.954 0.516 0.508 0.516 39.7303793 32.4174174 0.10535462945699692 23.8175106048584
1753302777107951 23.387715396539125 30.15997314453125 0.010431152089200127 -0.08455600216984747 -1.599364995956421 268 1 0.516 0.508 0.516 39.7303793 32.4174174 0.02101956680417061 23.811542510986328
1753302777112047 23.387715396539125 30.15997314453125 0.008064317464466432 -0.08455600216984747 -1.599364995956421 268 1 0.516 0.508 0.516 39.7303793 32.4174174 0.02101956680417061 23.811542510986328
1753302777396224 23.131671356709468 30.15997314453125 0.005805426229955738 -0.0874719776213169 -1.6013520956039429 268 1 0.516 0.509 0.516 39.7303758 32.4172793 -0.05150673910975456 23.802522659301758
1753302777620322 23.03454189741251 30.14996337890625 0.003615462644328461 -0.0831220470368862 -1.6025270223617554 268 0.975 0.516 0.509 0.516 39.7303758 32.4172793 -0.02125844731926918 23.790590286254883
1753302777621835 23.03454189741251 30.14996337890625 0.0016444954172639126 -0.0831220470368862 -1.6025270223617554 268 1 0.516 0.509 0.516 39.7303758 32.4172793 -0.02125844731926918 23.790590286254883
1753302777875666 22.785805521794323 30.15997314453125 -0.00021855257637488172 -0.07862848415970802 -1.6039758920669558 268 0.954 0.516 0.509 0.516 39.7303758 32.4172793 0.06894925981760025 23.77020835876465
1753302778132393 23.326127890679132 30.17999267578125 -0.001996685879115945 -0.08327650651335715 -1.6070200204849243 267 1 0.517 0.505 0.516 39.730372 32.417141 0.016182933002710342 23.74895477294922
1753302778133404 23.326127890679132 30.17999267578125 -0.0035970058515829026 -0.08327650651335715 -1.6070200204849243 267 0.983 0.517 0.505 0.516 39.730372 32.417141 0.016182933002710342 23.74895477294922
1753302778388119 22.889923802449673 30.16998291015625 -0.004820999933048681 -0.08879982531070708 -1.6078706979751587 267 0.982 0.516 0.511 0.516 39.7303677 32.4170016 -0.08929523080587387 23.761940002441406
1753302778612491 22.788059786709116 30.15997314453125 -0.005816310584036645 -0.08489006459712982 -1.6088820695877075 267 0.967 0.516 0.511 0.516 39.7303677 32.4170016 -0.03832726553082466 23.78752899169922
1753302778613941 22.788059786709116 30.15997314453125 -0.0067120901699258126 -0.08489006459712982 -1.6088820695877075 267 0.957 0.516 0.511 0.516 39.7303677 32.4170016 -0.03832726553082466 23.78752899169922
1753302778876762 22.48198918695548 30.16998291015625 -0.0073905936886721766 -0.08073502853512764 -1.6104176044464111 267 0.997 0.516 0.507 0.516 39.7303631 32.4168616 0.06675980985164642 23.813861846923828
1753302779131713 23.4981389478096 30.19000244140625 -0.007838759192215257 -0.08365324661135674 -1.6098918914794922 267 1 0.516 0.507 0.516 39.7303631 32.4168616 0.04076588153839111 23.81988525390625
1753302779386669 22.842529296408532 30.19000244140625 -0.00835229459558742 -0.08486576601862905 -1.6123697757720947 267 0.986 0.515 0.509 0.516 39.7303584 32.4167233 0.00689932145178318 23.804790496826172
1753302779609741 23.39119717072557 30.19000244140625 -0.008952165982021244 -0.08544280380010605 -1.6140989065170288 267 1 0.515 0.509 0.516 39.7303584 32.4167233 -0.03353407606482506 23.787616729736328
1753302779611856 23.39119717072557 30.19000244140625 -0.009492050229811684 -0.08544280380010605 -1.6140989065170288 267 0.955 0.515 0.509 0.516 39.7303584 32.4167233 -0.03353407606482506 23.787616729736328
1753302779882253 23.20606898711511 30.199951171875 -0.009826155001792923 -0.08058260828256608 -1.6130460500717163 267 0.967 0.516 0.506 0.516 39.7303535 32.4165855 0.04388407617807388 23.766761779785156
1753302780123170 22.862518086794836 30.2099609375 -0.010060300896948827 -0.08343321904540062 -1.6149822473526 267 1 0.516 0.506 0.516 39.7303535 32.4165855 0.013435655273497105 23.747819900512695
1753302780381003 23.31467757319183 30.199951171875 -0.010271573207872736 -0.08884516805410385 -1.6155744791030884 267 0.996 0.515 0.513 0.516 39.7303483 32.4164461 -0.08283410966396332 23.75748062133789
1753302780637620 22.873440395245083 30.17999267578125 -0.010428305227694775 -0.08743016049265862 -1.615980863571167 267 0.978 0.515 0.513 0.516 39.7303483 32.4164461 -0.07667246460914612 23.784008026123047
1753302780893924 22.70787436043747 30.17999267578125 -0.01071108917591381 -0.08216407075524329 -1.6179907321929932 267 1 0.517 0.504 0.516 39.7303429 32.4163062 0.02064139023423195 23.81623077392578
1753302781118112 22.519494458134155 30.19000244140625 -0.010971400501108836 -0.08017174899578096 -1.6174585819244387 267 1 0.517 0.504 0.516 39.7303429 32.4163062 0.08206363767385483 23.825950622558594
1753302781121649 22.519494458134155 30.19000244140625 -0.011205680693784362 -0.08017174899578096 -1.6174585819244387 267 0.962 0.517 0.504 0.516 39.7303429 32.4163062 0.08206363767385483 23.825950622558594
1753302781372069 23.124757621219803 30.2099609375 -0.011335706174909178 -0.0835966020822525 -1.6191043853759768 267 0.978 0.516 0.509 0.516 39.7303373 32.4161679 0.03702356666326523 23.817960739135742
1753302781622556 23.124757621219803 30.2099609375 -0.011452729107921514 -0.0835966020822525 -1.6191043853759768 267 0.972 0.516 0.509 0.516 39.7303373 32.4161679 0.03702356666326523 23.817960739135742
1753302781898382 22.536128109826148 30.2099609375 -0.011246502695517415 -0.08104253411293029 -1.6204599142074587 267 0.989 0.516 0.504 0.516 39.7303316 32.41603 0.027739787474274635 23.792877197265625
1753302782121591 22.911793657535753 30.219970703125 -0.011042129421713955 -0.08163908272981643 -1.620948314666748 267 0.985 0.516 0.504 0.516 39.7303316 32.41603 0.03261466696858406 23.77783203125
1753302782378481 22.603782645809115 30.2099609375 -0.010646382269918627 -0.08593414723873137 -1.6224747896194458 267 0.962 0.516 0.512 0.516 39.7303257 32.4158904 -0.029919972643256187 23.78675651550293
1753302782633559 22.965652393685858 30.199951171875 -0.010237100464993454 -0.08842554688453673 -1.622308611869812 267 1 0.516 0.512 0.516 39.7303257 32.4158904 -0.07836805284023285 23.81662940979004
1753302782889712 22.528262188163954 30.17999267578125 -0.009905085557306174 -0.08507712557911873 -1.6228749752044678 267 1 0.516 0.506 0.516 39.7303196 32.4157504 -0.02938881330192089 23.850248336791992
1753302783114538 22.48426451801971 30.19000244140625 -0.009369617998469797 -0.08036284148693083 -1.6226611137390137 267 1 0.516 0.506 0.516 39.7303196 32.4157504 0.06665989756584167 23.867395401000977
1753302783370385 23.20281076132049 30.2099609375 -0.00902377809199893 -0.08004747107625007 -1.6229368448257446 267 0.977 0.516 0.506 0.516 39.7303196 32.4157504 0.07981603592634201 23.855327606201172
1753302783628454 23.312527371196442 30.219970703125 -0.008651104479177626 -0.08568924218416213 -1.6233171224594116 267 0.960 0.515 0.508 0.516 39.7303136 32.4156119 -0.015238096937537193 23.834299087524414
1753302783882361 22.959596773694866 30.2099609375 -0.008409036167690604 -0.0858150117099285 -1.6240986585617065 266 1 0.515 0.508 0.516 39.7303136 32.4156119 -0.05888480693101883 23.808006286621094
1753302784138048 22.84376007594513 30.2099609375 -0.008289382839110002 -0.0844112902879715 -1.6237815618515017 266 0.952 0.516 0.508 0.516 39.7303076 32.4154739 -0.02385297790169716 23.791988372802734
1753302784392730 22.98249033825625 30.199951171875 -0.008080731606623386 -0.08435180336236953 -1.624584674835205 266 1 0.516 0.506 0.516 39.7303013 32.415335 -0.03531920909881592 23.78915786743164
1753302784617905 22.92006114633631 30.199951171875 -0.007629134780816007 -0.08081566393375396 -1.6245146989822388 266 1 0.516 0.506 0.516 39.7303013 32.415335 0.027244804427027702 23.80133819580078
1753302784620633 22.92006114633631 30.199951171875 -0.007222697637589368 -0.08081566393375396 -1.6245146989822388 266 1.000 0.516 0.506 0.516 39.7303013 32.415335 0.027244804427027702 23.80133819580078
1753302784874673 22.614178334653317 30.2099609375 -0.0067908768607556165 -0.08366392776370049 -1.6243414878845215 266 1 0.516 0.510 0.516 39.730295 32.4151946 0.02115537039935589 23.825454711914062
1753302785130461 22.86792368459806 30.2099609375 -0.006399393250536562 -0.08628981709480285 -1.6253008842468262 266 1 0.516 0.510 0.516 39.730295 32.4151946 -0.026404108852148056 23.847660064697266
1753302785131973 22.86792368459806 30.2099609375 -0.006047058001339412 -0.08628981709480285 -1.6253008842468262 266 1 0.516 0.510 0.516 39.730295 32.4151946 -0.026404108852148056 23.847660064697266
1753302785385517 23.210990405345786 30.2099609375 -0.005622803225994835 -0.08333564400672913 -1.626558542251587 266 1 0.516 0.510 0.516 39.730295 32.4151946 0.020404018461704254 23.8443660736084
1753302785641676 23.111205310592567 30.2099609375 -0.005181935469327029 -0.08223035335540771 -1.6255658864974976 266 0.958 0.515 0.506 0.516 39.7302888 32.4150556 0.03251798823475838 23.824203491210938
1753302785898424 23.278812530889276 30.219970703125 -0.004767806032595179 -0.08190200701355933 -1.625046730041504 266 0.999 0.516 0.508 0.516 39.7302825 32.4149177 0.0273112989962101 23.795244216918945
1753302786121959 23.538474768381242 30.219970703125 -0.004527600152720935 -0.0840203694999218 -1.6253542900085451 266 0.953 0.516 0.508 0.516 39.7302825 32.4149177 -0.011205232702195644 23.781448364257812
1753302786375144 23.423159470164837 30.219970703125 -0.004495859268766576 -0.08267193138599395 -1.625071406364441 266 1 0.516 0.508 0.516 39.7302825 32.4149177 -0.002922415267676115 23.771501541137695
1753302786628927 22.703712277414493 30.22998046875 -0.004328208620216192 -0.08548724949359894 -1.6257795095443728 266 1 0.516 0.507 0.516 39.7302762 32.4147789 -0.024365007877349854 23.780508041381836
1753302786883364 22.98368402142026 30.219970703125 -0.0038191318166638827 -0.08661646321415901 -1.626320242881775 266 0.985 0.516 0.505 0.516 39.7302697 32.4146388 -0.05113314092159271 23.811067581176758
1753302787137326 23.290181318424818 30.219970703125 -0.0033354266375573353 -0.08217461109161377 -1.6271084547042847 266 1 0.516 0.505 0.516 39.7302697 32.4146388 0.02716090716421604 23.834083557128906
1753302787392228 22.698260120704656 30.239990234375 -0.002959814590603207 -0.08415854647755622 -1.6271705627441406 266 0.958 0.516 0.509 0.516 39.7302634 32.4144999 0.022267086431384087 23.835676193237305
1753302787615454 23.238839559732867 30.239990234375 -0.002568165470608035 -0.08679106459021568 -1.625165581703186 266 1 0.516 0.509 0.516 39.7302634 32.4144999 -0.041456226259469986 23.82192039489746
1753302787617092 23.238839559732867 30.239990234375 -0.0022156812626123812 -0.08679106459021568 -1.625165581703186 266 0.965 0.516 0.509 0.516 39.7302634 32.4144999 -0.041456226259469986 23.82192039489746
1753302787887018 22.85919446947636 30.239990234375 -0.0017889251013174998 -0.08461011722683906 -1.6261346340179443 266 0.956 0.516 0.505 0.516 39.7302571 32.414362 -0.022155823186039925 23.80029296875
1753302788141821 23.35129765778251 30.239990234375 -0.001462338451444389 -0.08157912641763686 -1.6247612237930298 266 1 0.516 0.505 0.516 39.7302571 32.414362 0.024567710235714912 23.774303436279297
1753302788394969 22.871806120626005 30.25 -0.0012280965496723633 -0.08388146758079529 -1.6256473064422607 266 1 0.516 0.511 0.516 39.7302509 32.4142238 -0.001948309363797307 23.75753402709961
1753302788619202 23.104436379129286 30.239990234375 -0.0012054595433771415 -0.08748228326439857 -1.6259887218475342 266 1 0.516 0.511 0.516 39.7302509 32.4142238 -0.07884068787097931 23.759593963623047
1753302788621717 23.104436379129286 30.239990234375 -0.0011850862377114418 -0.08748228326439857 -1.6259887218475342 266 1 0.516 0.511 0.516 39.7302509 32.4142238 -0.07884068787097931 23.759593963623047
1753302788872897 23.195102350698058 30.2099609375 -0.0011578130932802548 -0.08584962114691734 -1.626254677772522 266 0.953 0.516 0.504 0.516 39.7302446 32.4140839 -0.054919175803661346 23.79010581970215
1753302789126485 23.206311400736343 30.219970703125 -0.0009669021839432798 -0.08094718605279923 -1.6265057325363161 266 0.951 0.516 0.504 0.516 39.7302446 32.4140839 0.04193088784813881 23.823087692260742
1753302789381852 23.48387199483481 30.239990234375 -0.0007357818383305861 -0.08243507370352744 -1.6277029514312744 266 1 0.516 0.510 0.516 39.7302381 32.4139441 0.05984964966773987 23.85247802734375
1753302789635367 23.407340702991522 30.219970703125 -0.00028131251208450726 -0.08882997035980225 -1.6271755695343018 266 0.997 0.516 0.510 0.516 39.7302381 32.4139441 -0.09387782216072083 23.84746742248535
1753302789888605 23.407340702991522 30.219970703125 0.00012770988153696364 -0.08882997035980225 -1.6271755695343018 266 1 0.516 0.510 0.516 39.7302381 32.4139441 -0.09387782216072083 23.84746742248535
1753302790143672 23.407340702991522 30.219970703125 0.0004958300357962874 -0.08882997035980225 -1.6271755695343018 266 1 0.516 0.504 0.516 39.7302317 32.4138058 -0.09387782216072083 23.84746742248535
1753302790399478 23.46416146697347 30.239990234375 -0.001485747562416921 -0.08773888647556305 -1.6311792135238647 266 1 0.384 0.503 0.450 39.7302254 32.4136675 0.003288883250206709 23.79562759399414
1753302790623140 23.488160642839063 30.199951171875 -0.030968042433174137 -0.12699248641729355 -1.6625908613204956 264 0.993 0.384 0.503 0.450 39.7302254 32.4136675 -0.42170923948287964 23.784770965576172
1753302790877362 24.244024814885496 29.97998046875 -0.09806797404877397 -0.15797454565763472 -1.6737228631973267 264 1 0.384 0.503 0.450 39.7302254 32.4136675 -1.1908917427062988 23.848655700683594
1753302791134419 23.66318507555937 29.6099853515625 -0.17758942991309215 -0.12043602168560028 -1.7267658710479736 261 0.961 0.559 0.583 0.537 39.730211 32.4135284 -1.6793389320373535 24.114233016967773
1753302791389721 22.655073126426288 29.25 -0.2442740382237391 -0.04827210158109665 -1.8520811796188354 253 1 0.518 0.499 0.517 39.7301735 32.4133925 -0.9078583121299744 24.691564559936523
1753302791643433 22.443376483938906 29.17999267578125 -0.2959577186241588 -0.0057180229574441905 -1.9657586812973022 247 1 0.518 0.499 0.517 39.7301735 32.4133925 0.23587943613529205 25.005165100097656
1753302791897368 22.898049405478513 29.30999755859375 -0.3376839765907682 -0.020660685189068315 -2.0359885692596436 243 1 0.510 0.497 0.514 39.7301172 32.4132671 0.4304216802120209 25.00593376159668
1753302792121441 23.59057944001576 29.32000732421875 -0.3729866035879872 -0.08073812127113342 -2.0617291927337646 241 1 0.510 0.497 0.514 39.7301172 32.4132671 -0.48878100514411926 24.879165649414062
1753302792376637 24.053935705936208 29.05999755859375 -0.40387710524510345 -0.12254155427217482 -2.103213310241699 239 0.959 0.516 0.537 0.516 39.7300549 32.4131487 -1.3303639888763428 24.70684051513672
1753302792629648 24.226103207643323 28.72998046875 -0.43191203409055773 -0.11317545622587204 -2.1668782234191895 235 1 0.516 0.537 0.516 39.7300549 32.4131487 -1.2986637353897095 24.5852108001709
1753302792631666 24.226103207643323 28.72998046875 -0.45714347005146666 -0.11317545622587204 -2.1668782234191895 235 0.990 0.516 0.537 0.516 39.7300549 32.4131487 -1.2986637353897095 24.5852108001709
1753302792877236 24.26551029689448 28.449951171875 -0.4787972728037052 -0.08609567880630493 -2.2430925369262695 231 1 0.516 0.537 0.516 39.7300549 32.4131487 -0.8809409737586975 24.483308792114258
1753302793133617 23.988080685402036 28.27996826171875 -0.49471374985187166 -0.07781745195388794 -2.300323486328125 228 0.964 0.528 0.508 0.522 39.7299813 32.4130417 -0.6507827639579773 24.41261863708496
1753302793134626 23.988080685402036 28.27996826171875 -0.5090385791952214 -0.07781745195388794 -2.300323486328125 228 0.990 0.528 0.508 0.522 39.7299813 32.4130417 -0.6507827639579773 24.41261863708496
1753302793388161 23.64900088468463 28.1099853515625 -0.5164875016178014 -0.08997790217399597 -2.350817918777466 225 1 0.528 0.508 0.522 39.7299813 32.4130417 -0.7138707041740417 24.3187198638916
1753302793644927 23.37357266228743 27.92999267578125 -0.5193082832305421 -0.10238325744867324 -2.3957931995391846 222 0.993 0.517 0.513 0.516 39.7298995 32.4129467 -0.8307487368583679 24.179431915283203
1753302793646252 23.37357266228743 27.92999267578125 -0.5218469866820088 -0.10238325744867324 -2.3957931995391846 222 1 0.517 0.513 0.516 39.7298995 32.4129467 -0.8307487368583679 24.179431915283203
1753302793901634 23.539222940434335 27.7099609375 -0.5211947830356279 -0.10852239578962325 -2.44274640083313 220 0.973 0.523 0.515 0.519 39.7298139 32.4128627 -0.8988603949546814 24.010473251342773
1753302794123634 23.539222940434335 27.7099609375 -0.5206077997538852 -0.10852239578962325 -2.44274640083313 220 0.955 0.523 0.515 0.519 39.7298139 32.4128627 -0.8988603949546814 24.010473251342773
1753302794377580 23.803656587442877 27.26995849609375 -0.5135599229919977 -0.10964166373014449 -2.5237033367156982 215 1 0.522 0.514 0.519 39.7297246 32.4127883 -0.8630342483520508 23.751264572143555
1753302794630612 23.545142839812826 27.0799560546875 -0.5034236151744187 -0.11219839155673979 -2.55991530418396 213 0.968 0.522 0.514 0.519 39.7297246 32.4127883 -0.846250057220459 23.665088653564453
1753302794631621 23.545142839812826 27.0799560546875 -0.4943009381385976 -0.11219839155673979 -2.55991530418396 213 0.965 0.522 0.514 0.519 39.7297246 32.4127883 -0.846250057220459 23.665088653564453
1753302794883586 23.638753405217045 26.8699951171875 -0.48218334897390014 -0.11106438487768172 -2.5957729816436768 211 0.985 0.522 0.514 0.519 39.7297246 32.4127883 -0.7747734189033508 23.592601776123047
1753302795138631 23.336743952210472 26.69000244140625 -0.46774682567147324 -0.11554970741271972 -2.6247544288635254 209 0.954 0.526 0.514 0.521 39.7296315 32.4127212 -0.7777257561683655 23.562929153442383
1753302795394506 23.490573754736275 26.489990234375 -0.4508040293958298 -0.11392977088689804 -2.6516945362091064 208 1 0.523 0.508 0.519 39.7295356 32.4126603 -0.7500758171081543 23.54469108581543
1753302795615775 23.490573754736275 26.489990234375 -0.43555551274775073 -0.11392977088689804 -2.6516945362091064 208 1 0.523 0.508 0.519 39.7295356 32.4126603 -0.7500758171081543 23.54469108581543
1753302795903314 22.99427407807235 26.17999267578125 -0.4140449047460431 -0.11144929230213164 -2.698066473007202 205 1 0.523 0.516 0.519 39.7294394 32.4126051 -0.5888882279396057 23.504419326782227
1753302796127612 22.695240904754 26.03997802734375 -0.3914609012342341 -0.11527866274118423 -2.7168092727661137 204 0.977 0.523 0.516 0.519 39.7294394 32.4126051 -0.6370390057563782 23.475704193115234
1753302796386025 23.19579672397137 25.88995361328125 -0.36807071632178257 -0.10743859261274337 -2.734307765960694 203 1 0.523 0.516 0.519 39.7294394 32.4126051 -0.5386370420455933 23.449142456054688
1753302796650399 22.99318876009255 25.78997802734375 -0.3441259992065873 -0.10177953243255614 -2.747591972351074 202 1 0.524 0.506 0.520 39.7293425 32.4125536 -0.3915569484233856 23.428754806518555
1753302796651517 22.99318876009255 25.78997802734375 -0.32257575380291165 -0.10177953243255614 -2.747591972351074 202 1 0.524 0.506 0.520 39.7293425 32.4125536 -0.3915569484233856 23.428754806518555
1753302796894063 23.19449747317068 25.699951171875 -0.3000572465731408 -0.10437033772468568 -2.7587952613830566 201 0.951 0.522 0.512 0.519 39.729244 32.412504 -0.4059416651725769 23.42070960998535
1753302797121812 22.90002684488092 25.5999755859375 -0.277355636019144 -0.10614399313926696 -2.766608476638794 201 1 0.522 0.512 0.519 39.729244 32.412504 -0.424763560295105 23.44598960876465
1753302797121922 22.90002684488092 25.5999755859375 -0.2569241865205468 -0.10614399313926696 -2.766608476638794 201 0.978 0.522 0.512 0.519 39.729244 32.412504 -0.424763560295105 23.44598960876465
1753302797376531 23.205334178013445 25.5 -0.23621117863604738 -0.10012582093477247 -2.773082971572876 201 1 0.522 0.512 0.519 39.729244 32.412504 -0.3154463768005371 23.476524353027344
1753302797633350 23.169835967315905 25.42999267578125 -0.21543191971077905 -0.10087404400110245 -2.776970386505127 200 0.967 0.522 0.510 0.519 39.7291444 32.4124553 -0.2948426306247711 23.51292610168457
1753302797890296 23.16565799526508 25.3499755859375 -0.1946354544966166 -0.10107525438070297 -2.781172275543213 200 0.989 0.522 0.510 0.519 39.7291444 32.4124553 -0.30506613850593567 23.53131675720215
1753302798147271 23.189111197574235 25.28997802734375 -0.17426279590804084 -0.09393962919712066 -2.782532215118408 200 0.971 0.520 0.508 0.518 39.7290456 32.4124073 -0.2128252238035202 23.5306339263916
1753302798402264 22.951688926341813 25.239990234375 -0.154376047570515 -0.09254251569509506 -2.7830779552459717 200 0.990 0.519 0.509 0.517 39.7289472 32.4123592 -0.16546981036663055 23.532703399658203
1753302798626807 22.889352566243694 25.19000244140625 -0.1352080674937442 -0.09214468449354173 -2.7799785137176514 200 1 0.519 0.509 0.517 39.7289472 32.4123592 -0.17765824496746063 23.539735794067383
1753302798882372 22.842614364762802 25.14996337890625 -0.11674309308568315 -0.0896601065993309 -2.779341459274292 200 1 0.519 0.509 0.517 39.7289472 32.4123592 -0.12848177552223206 23.54961395263672
1753302799138594 23.349638352660257 25.1199951171875 -0.09940338427042672 -0.08963614702224731 -2.7753841876983643 200 0.965 0.520 0.510 0.518 39.7288483 32.4123099 -0.13085831701755524 23.579519271850586
1753302799396420 23.29167873541565 25.0899658203125 -0.08278622666790225 -0.08654499650001525 -2.7719922065734863 201 1 0.518 0.509 0.517 39.7287486 32.4122588 -0.06610811501741409 23.61981773376465
1753302799618290 22.616635522022378 25.0799560546875 -0.06714641025478368 -0.08787547796964645 -2.7690532207489014 201 0.997 0.518 0.509 0.517 39.7287486 32.4122588 -0.06259274482727051 23.65946388244629
1753302799619064 22.616635522022378 25.0799560546875 -0.05307057548297696 -0.08787547796964645 -2.7690532207489014 201 0.958 0.518 0.509 0.517 39.7287486 32.4122588 -0.06259274482727051 23.65946388244629
1753302799894945 22.89148340946735 25.05999755859375 -0.039946213055252304 -0.0869610607624054 -2.7638533115386963 201 1 0.518 0.509 0.516 39.7286497 32.4122065 -0.03975171223282814 23.697162628173828
1753302800119383 22.974071728817606 25.03997802734375 -0.02768147485428983 -0.08506838455796241 -2.757476091384888 202 1 0.518 0.509 0.516 39.7286497 32.4122065 -0.019398389384150505 23.705249786376953
1753302800121395 22.974071728817606 25.03997802734375 -0.016643210473423604 -0.08506838455796241 -2.757476091384888 202 0.997 0.518 0.509 0.516 39.7286497 32.4122065 -0.019398389384150505 23.705249786376953
1753302800377826 22.490346948237768 25.03997802734375 -0.006387700190632407 -0.08309289291501044 -2.7509710788726807 202 0.972 0.518 0.505 0.517 39.7285521 32.4121531 0.004331944976001978 23.700586318969727
1753302800632084 23.235733462318972 25.03997802734375 0.003039531066576663 -0.08052752315998078 -2.744173765182495 202 0.957 0.518 0.505 0.517 39.7285521 32.4121531 0.045216258615255356 23.690975189208984
1753302800891422 22.59905972225626 25.04998779296875 0.011480636585855505 -0.08434624895453453 -2.737703561782837 203 1 0.518 0.511 0.516 39.7284546 32.4120978 -0.011885220184922218 23.683115005493164
1753302801146696 23.01895812281773 25.02996826171875 0.01915604146340849 -0.08684402182698249 -2.7323153018951416 203 0.956 0.518 0.511 0.516 39.7284546 32.4120978 -0.06550228595733643 23.69640350341797
1753302801150159 23.01895812281773 25.02996826171875 0.026063905853206174 -0.08684402182698249 -2.7323153018951416 203 1 0.518 0.511 0.516 39.7284546 32.4120978 -0.06550228595733643 23.69640350341797
1753302801402606 22.8675978189914 25.01995849609375 0.032475884286917084 -0.08603791296482086 -2.725109338760376 203 0.964 0.516 0.505 0.516 39.7283566 32.4120403 -0.0409492552280426 23.734373092651367
1753302801629027 22.677180218374378 25.01995849609375 0.0381379974141927 -0.07851977422833442 -2.718658924102783 204 0.981 0.516 0.505 0.516 39.7283566 32.4120403 0.07697328180074692 23.76013946533203
1753302801631563 22.677180218374378 25.01995849609375 0.04323389922874077 -0.07851977422833442 -2.718658924102783 204 1 0.516 0.505 0.516 39.7283566 32.4120403 0.07697328180074692 23.76013946533203
1753302801888365 23.08101853890118 25.05999755859375 0.04774071614709708 -0.07726128101348877 -2.711960792541504 204 1 0.516 0.508 0.516 39.7282596 32.4119811 0.15082445740699768 23.78148651123047
1753302802143055 23.101264961887576 25.07000732421875 0.05153818211645377 -0.08563401103019715 -2.706279993057251 204 1 0.516 0.508 0.516 39.7282596 32.4119811 0.013937410898506641 23.772920608520508
1753302802397197 23.02459219602611 25.05999755859375 0.05466998396835172 -0.08538801595568657 -2.698584794998169 205 1.000 0.516 0.507 0.516 39.7281642 32.4119211 -0.040667131543159485 23.757144927978516
1753302802619975 23.407694082138907 25.05999755859375 0.05717789183725218 -0.08164443895220756 -2.692512750625611 205 1 0.516 0.507 0.516 39.7281642 32.4119211 0.021851573139429092 23.740209579467773
1753302802620828 23.407694082138907 25.05999755859375 0.05943500891926259 -0.08164443895220756 -2.692512750625611 205 1 0.516 0.507 0.516 39.7281642 32.4119211 0.021851573139429092 23.740209579467773
1753302802621860 23.407694082138907 25.05999755859375 0.06146641429307196 -0.08164443895220756 -2.692512750625611 205 1 0.516 0.507 0.516 39.7281642 32.4119211 0.021851573139429092 23.740209579467773
1753302802891852 22.562702916426833 25.07000732421875 0.06307635327615262 -0.08043050095438957 -2.6846988201141357 206 1 0.516 0.506 0.516 39.7280692 32.4118595 0.056821227073669434 23.72207260131836
1753302803146535 22.44945277897112 25.0799560546875 0.06410541269574689 -0.08283513709902762 -2.6791927814483643 206 1 0.516 0.506 0.516 39.7280692 32.4118595 0.018154680728912354 23.713726043701172
1753302803398687 23.204070698621496 25.0799560546875 0.0646712784474563 -0.08628506064414979 -2.6743221282958984 206 0.954 0.516 0.509 0.516 39.7279738 32.4117959 -0.0406302809715271 23.734100341796875
1753302803621943 23.203615845601 25.07000732421875 0.06477078239668652 -0.08376562297344206 -2.6708290576934814 206 0.990 0.516 0.509 0.516 39.7279738 32.4117959 -0.00852456409484148 23.76223373413086
1753302803908681 23.340552534407447 25.0799560546875 0.06449338070049206 -0.08071758300065994 -2.6638917922973633 207 1 0.515 0.506 0.516 39.7278788 32.4117312 0.071506567299366 23.78331184387207
1753302804131718 23.075449023750867 25.0899658203125 0.06399730798448014 -0.08247543573379516 -2.6596643924713135 207 1 0.515 0.506 0.516 39.7278788 32.4117312 0.051253993064165115 23.776779174804688
1753302804385632 23.351558341945648 25.0999755859375 0.06306284962753851 -0.0845184251666069 -2.655219793319702 207 0.969 0.515 0.506 0.516 39.7278788 32.4117312 0.0021594720892608166 23.763225555419922
1753302804641307 23.299302996560606 25.0999755859375 0.06169186836773513 -0.08266609534621239 -2.6512525081634526 208 0.994 0.515 0.505 0.516 39.7277851 32.4116661 0.021892327815294266 23.746013641357422
1753302804894261 23.394078249312884 25.0999755859375 0.06027335835660421 -0.08490182533860206 -2.6470024585723877 208 1 0.515 0.505 0.516 39.7277851 32.4116661 -0.0037977686151862144 23.740482330322266
1753302805148556 22.75941334584269 25.0899658203125 0.0585127744510614 -0.08720907419919967 -2.644556522369385 208 1 0.516 0.503 0.516 39.7276918 32.4116001 -0.06058147922158241 23.740076065063477
1753302805402663 23.42112420663437 25.07000732421875 0.045797277102009336 -0.09612044095993041 -2.6605749130249023 207 0.993 0.464 0.514 0.490 39.7275973 32.4115333 -0.11660677939653397 23.760028839111328
1753302805623042 23.358698735458564 25.0 -0.0006595981635428581 -0.139122311770916 -2.678938388824463 206 1 0.464 0.514 0.490 39.7275973 32.4115333 -0.5495041608810425 23.782880783081055
1753302805623946 23.358698735458564 25.0 -0.04247078590253983 -0.139122311770916 -2.678938388824463 206 1 0.464 0.514 0.490 39.7275973 32.4115333 -0.5495041608810425 23.782880783081055
1753302805889096 23.946972569776406 24.72998046875 -0.10796832405918831 -0.14327175170183182 -2.6801373958587646 206 0.995 0.544 0.521 0.530 39.727498 32.4114769 -1.4250701665878296 23.897735595703125
1753302806144508 23.581175136705106 24.38995361328125 -0.16541164544278975 -0.09292624443769455 -2.7331364154815674 203 1 0.544 0.521 0.530 39.727498 32.4114769 -1.2251379489898682 24.159334182739258
1753302806398795 23.118392814917666 24.15997314453125 -0.2062599488531464 -0.08422300890088082 -2.8012070655822754 199 0.968 0.506 0.475 0.512 39.7273935 32.4114375 -0.6564385890960693 24.36208152770996
1753302806651367 23.75226312645332 23.969970703125 -0.2376373852880222 -0.13449094742536546 -2.835378646850586 197 0.965 0.506 0.475 0.512 39.7273935 32.4114375 -1.1342734098434448 24.383699417114258
1753302806904585 24.770229169625892 23.52996826171875 -0.2656174044839819 -0.1987094461917877 -2.8600165843963623 196 0.972 0.512 0.530 0.514 39.7272877 32.4114056 -2.2132184505462646 24.299612045288086
1753302807125766 24.933198262705233 22.91998291015625 -0.29183376500299096 -0.21228074729442598 -2.8939478397369385 194 0.989 0.512 0.530 0.514 39.7272877 32.4114056 -2.6472208499908447 24.24881935119629
1753302807408842 24.729560499733218 22.25 -0.3150538385148989 -0.19160750210285188 -2.945966958999634 191 1 0.528 0.514 0.522 39.7271793 32.4113848 -2.399704933166504 24.27907371520996
1753302807631507 24.26057267489839 21.719970703125 -0.3332317185613048 -0.1706757605075836 -2.9930624961853027 188 0.967 0.528 0.514 0.522 39.7271793 32.4113848 -2.0062999725341797 24.33350944519043
1753302807909289 24.884376953723656 21.239990234375 -0.3446638595055817 -0.16130026429891586 -3.0362823009490967 186 1 0.520 0.511 0.518 39.7270694 32.4113768 -1.73360276222229 24.352834701538086
1753302808126773 24.073910624494925 20.8299560546875 -0.3507070163778614 -0.165207177400589 -3.0702309608459477 184 1 0.520 0.511 0.518 39.7270694 32.4113768 -1.696653962135315 24.308025360107422
1753302808131337 24.073910624494925 20.8299560546875 -0.3561458575629131 -0.165207177400589 -3.0702309608459477 184 1 0.520 0.511 0.518 39.7270694 32.4113768 -1.696653962135315 24.308025360107422
1753302808406744 24.714111835683113 20.38995361328125 -0.35740152787294416 -0.16638042479753493 -3.105169773101807 182 1 0.523 0.511 0.519 39.7269613 32.4113774 -1.6737334728240967 24.201337814331055
1753302808626622 24.35123367314058 20.0 -0.3558110307853797 -0.16216930747032166 -3.1363070011138916 180 1 0.523 0.511 0.519 39.7269613 32.4113774 -1.5778502225875854 24.091312408447266
1753302808628611 24.35123367314058 20.0 -0.35437958340657166 -0.16216930747032166 -3.1363070011138916 180 1 0.523 0.511 0.519 39.7269613 32.4113774 -1.5778502225875854 24.091312408447266
1753302808922533 24.659905614052178 19.6099853515625 -0.35007017166148785 -0.155647973716259 3.1168274879455566 178 1 0.522 0.511 0.519 39.7268546 32.4113856 -1.4404975175857544 23.976070404052734
1753302809124071 24.60419690230133 19.26995849609375 -0.3427748886710212 -0.15579205453395842 3.092414617538452 177 0.971 0.522 0.511 0.519 39.7268546 32.4113856 -1.4029443264007568 23.87635612487793
1753302809125095 24.60419690230133 19.26995849609375 -0.3362091339796011 -0.15579205453395842 3.092414617538452 177 0.999 0.522 0.511 0.519 39.7268546 32.4113856 -1.4029443264007568 23.87635612487793
1753302809127106 24.60419690230133 19.26995849609375 -0.3302999547573231 -0.15579205453395842 3.092414617538452 177 1 0.522 0.511 0.519 39.7268546 32.4113856 -1.4029443264007568 23.87635612487793
1753302809422518 23.63974626912791 18.90997314453125 -0.32166827572455725 -0.15333791375160216 3.0689039230346684 175 0.958 0.523 0.510 0.519 39.7267482 32.4113996 -1.3485881090164185 23.77765464782715
1753302809423277 23.63974626912791 18.90997314453125 -0.313899764595068 -0.15333791375160216 3.0689039230346684 175 1 0.523 0.510 0.519 39.7267482 32.4113996 -1.3485881090164185 23.77765464782715
1753302809624800 24.156896177546123 18.5999755859375 -0.3039042063155501 -0.1475365251302719 3.049128532409668 174 0.977 0.523 0.510 0.519 39.7267482 32.4113996 -1.2283713817596436 23.721294403076172
1753302809625690 24.156896177546123 18.5999755859375 -0.294908203863984 -0.1475365251302719 3.049128532409668 174 0.953 0.523 0.510 0.519 39.7267482 32.4113996 -1.2283713817596436 23.721294403076172
1753302809626690 24.156896177546123 18.5999755859375 -0.2868118016575744 -0.1475365251302719 3.049128532409668 174 0.953 0.523 0.510 0.519 39.7267482 32.4113996 -1.2283713817596436 23.721294403076172
1753302809923242 24.241601424959267 18.30999755859375 -0.2765244047631297 -0.14464057683944703 3.032095193862915 173 0.976 0.521 0.512 0.518 39.7266418 32.4114181 -1.119811773300171 23.677906036376953
1753302810125626 23.297536875875807 18.04998779296875 -0.2644779653062946 -0.14549762457609178 3.0195376873016357 173 0.953 0.521 0.512 0.518 39.7266418 32.4114181 -1.1119444370269775 23.649202346801758
1753302810126629 23.297536875875807 18.04998779296875 -0.25363616979514303 -0.14549762457609178 3.0195376873016357 173 1 0.521 0.512 0.518 39.7266418 32.4114181 -1.1119444370269775 23.649202346801758
1753302810128631 23.297536875875807 18.04998779296875 -0.24387855383510657 -0.14549762457609178 3.0195376873016357 173 0.969 0.521 0.512 0.518 39.7266418 32.4114181 -1.1119444370269775 23.649202346801758
1753302810395486 23.6832293807735 17.77996826171875 -0.23252307819803297 -0.14038648456335068 3.0040156841278076 172 0.995 0.523 0.508 0.519 39.7265371 32.4114394 -1.0269261598587036 23.60959815979004
1753302810625279 23.355168050179806 17.53997802734375 -0.22012539011966953 -0.13470724076032636 2.9929046630859375 171 1 0.523 0.508 0.519 39.7265371 32.4114394 -0.9268776774406433 23.56543731689453
1753302810626315 23.355168050179806 17.53997802734375 -0.20896747084914244 -0.13470724076032636 2.9929046630859375 171 0.963 0.523 0.508 0.519 39.7265371 32.4114394 -0.9268776774406433 23.56543731689453
1753302810627300 23.355168050179806 17.53997802734375 -0.198925343505668 -0.13470724076032636 2.9929046630859375 171 1 0.523 0.508 0.519 39.7265371 32.4114394 -0.9268776774406433 23.56543731689453
1753302810907168 23.345368762501998 17.32000732421875 -0.18749772669565143 -0.131113064289093 2.981696605682373 170 0.968 0.521 0.510 0.518 39.7264336 32.4114627 -0.8439816236495972 23.524139404296875
1753302811127040 23.222370734895357 17.1199951171875 -0.17518455605231043 -0.1307700052857399 2.976059675216675 170 0.978 0.521 0.510 0.518 39.7264336 32.4114627 -0.8321892619132996 23.495695114135742
1753302811130138 23.222370734895357 17.1199951171875 -0.1641027024733035 -0.1307700052857399 2.976059675216675 170 1 0.521 0.510 0.518 39.7264336 32.4114627 -0.8321892619132996 23.495695114135742
1753302811132614 23.222370734895357 17.1199951171875 -0.15412903425219732 -0.1307700052857399 2.976059675216675 170 1 0.521 0.510 0.518 39.7264336 32.4114627 -0.8321892619132996 23.495695114135742
1753302811407342 23.81399696094435 16.90997314453125 -0.14307800096681486 -0.12788181751966474 2.96863341331482 170 0.991 0.519 0.513 0.517 39.7263298 32.4114873 -0.7999972701072693 23.476228713989258
1753302811624055 23.375685234589618 16.72998046875 -0.1315483666575918 -0.1256493002176285 2.965214967727661 169 1 0.519 0.513 0.517 39.7263298 32.4114873 -0.7358205318450928 23.487213134765625
1753302811626976 23.375685234589618 16.72998046875 -0.12117169577929103 -0.1256493002176285 2.965214967727661 169 1 0.519 0.513 0.517 39.7263298 32.4114873 -0.7358205318450928 23.487213134765625
1753302811904523 22.91776830868179 16.53997802734375 -0.11036757191541247 -0.12078655958175659 2.9640443325042725 169 0.971 0.521 0.509 0.518 39.7262249 32.4115125 -0.6575391292572021 23.516590118408203
1753302812123525 23.05418700915757 16.39996337890625 -0.09939680714138369 -0.11364678293466567 2.9609534740448 169 0.991 0.521 0.509 0.518 39.7262249 32.4115125 -0.5339887142181396 23.542110443115234
1753302812124652 23.05418700915757 16.39996337890625 -0.08952311884475778 -0.11364678293466567 2.9609534740448 169 0.993 0.521 0.509 0.518 39.7262249 32.4115125 -0.5339887142181396 23.542110443115234
1753302812126576 23.05418700915757 16.39996337890625 -0.08063679937779446 -0.11364678293466567 2.9609534740448 169 0.955 0.521 0.509 0.518 39.7262249 32.4115125 -0.5339887142181396 23.542110443115234
1753302812405727 23.124109435661204 16.27996826171875 -0.07153985774227566 -0.11126369684934617 2.960233449935913 169 1 0.519 0.512 0.517 39.7261209 32.4115375 -0.45146268606185913 23.549896240234375
1753302812628252 22.67416046628443 16.16998291015625 -0.06214492917694378 -0.11411507427692413 2.961469888687134 169 0.994 0.519 0.512 0.517 39.7261209 32.4115375 -0.5068287253379822 23.542457580566406
1753302812630273 22.67416046628443 16.16998291015625 -0.05368949346814508 -0.11411507427692413 2.961469888687134 169 0.959 0.519 0.512 0.517 39.7261209 32.4115375 -0.5068287253379822 23.542457580566406
1753302812907256 23.274745503034794 16.03997802734375 -0.04487746728724797 -0.11047531515359878 2.962677001953125 169 1 0.518 0.507 0.517 39.7260175 32.4115618 -0.479478120803833 23.53262710571289
1753302813126830 22.55260140768252 15.94000244140625 -0.0363328563266983 -0.10321158915758133 2.9634509086608887 169 1 0.518 0.507 0.517 39.7260175 32.4115618 -0.38544759154319763 23.524879455566406
1753302813128844 22.55260140768252 15.94000244140625 -0.028642706462203595 -0.10321158915758133 2.9634509086608887 169 0.993 0.518 0.507 0.517 39.7260175 32.4115618 -0.38544759154319763 23.524879455566406
1753302813409814 23.488590367426283 15.8499755859375 -0.021152749557905613 -0.1038542941212654 2.966018438339234 169 1 0.519 0.510 0.517 39.7259136 32.4115853 -0.3571004867553711 23.522859573364258
1753302813629231 22.632279745821325 15.760009765625 -0.013878709733140369 -0.1028573900461197 2.969373941421509 170 1 0.519 0.510 0.517 39.7259136 32.4115853 -0.35909420251846313 23.529922485351562
1753302813631806 22.632279745821325 15.760009765625 -0.007332073890851646 -0.1028573900461197 2.969373941421509 170 0.952 0.519 0.510 0.517 39.7259136 32.4115853 -0.35909420251846313 23.529922485351562
1753302813909824 23.48787753935554 15.66998291015625 -0.0008608808311999221 -0.09863834530115127 2.9746222496032715 170 1 0.519 0.507 0.517 39.7258082 32.4116081 -0.2758235037326813 23.573740005493164
1753302814127487 22.807345982389567 15.6099853515625 0.005085246843709317 -0.09714950323104858 2.9767467975616455 170 1 0.519 0.507 0.517 39.7258082 32.4116081 -0.23287354409694672 23.614639282226562
1753302814128486 22.807345982389567 15.6099853515625 0.010436761751127632 -0.09714950323104858 2.9767467975616455 170 1 0.519 0.507 0.517 39.7258082 32.4116081 -0.23287354409694672 23.614639282226562
1753302814132681 22.807345982389567 15.6099853515625 0.015253125167804115 -0.09714950323104858 2.9767467975616455 170 1 0.519 0.507 0.517 39.7258082 32.4116081 -0.23287354409694672 23.614639282226562
1753302814412257 22.857179960487183 15.54998779296875 0.019840631443486054 -0.09973491579294205 2.9811654090881348 170 0.972 0.518 0.510 0.517 39.7257025 32.4116296 -0.2542141079902649 23.660608291625977
1753302814631459 23.393974122271906 15.489990234375 0.024212140791021682 -0.09698392450809477 2.9854390621185303 171 0.988 0.518 0.510 0.517 39.7257025 32.4116296 -0.22047506272792816 23.671810150146484
1753302814633284 23.393974122271906 15.489990234375 0.028146499203803747 -0.09698392450809477 2.9854390621185303 171 1 0.518 0.510 0.517 39.7257025 32.4116296 -0.22047506272792816 23.671810150146484
1753302814911341 22.52691938778137 15.449951171875 0.03197299060865874 -0.09259845614433287 2.990701913833618 171 0.981 0.516 0.507 0.516 39.7255979 32.4116495 -0.15662720799446106 23.66689109802246
1753302815129711 22.90308057757771 15.40997314453125 0.03570616946498724 -0.09260782301425934 2.9956569671630864 171 0.971 0.516 0.507 0.516 39.7255979 32.4116495 -0.14986081421375275 23.649152755737305
1753302815132306 22.90308057757771 15.40997314453125 0.03906603043568288 -0.09260782301425934 2.9956569671630864 171 0.963 0.516 0.507 0.516 39.7255979 32.4116495 -0.14986081421375275 23.649152755737305
1753302815380506 23.501949929744807 15.3699951171875 0.04203772665821452 -0.09567626565694808 3.0009138584136967 171 0.987 0.516 0.510 0.516 39.725493 32.4116681 -0.2058023065328598 23.640554428100586
1753302815628924 23.347841248747972 15.3299560546875 0.04450850595619922 -0.09228157848119736 3.006824016571045 172 1 0.516 0.510 0.516 39.725493 32.4116681 -0.17299166321754456 23.639284133911133
1753302815630791 23.347841248747972 15.3299560546875 0.046732207324385454 -0.09228157848119736 3.006824016571045 172 1 0.516 0.510 0.516 39.725493 32.4116681 -0.17299166321754456 23.639284133911133
1753302815911604 23.072517242788873 15.30999755859375 0.04860247688258869 -0.08972022980451583 3.0122265815734863 172 1 0.515 0.510 0.516 39.7253867 32.4116855 -0.10316246747970581 23.660594940185547
1753302816133433 23.121970441456796 15.28997802734375 0.050207123310254655 -0.09088122099637984 3.016795158386231 172 0.962 0.515 0.510 0.516 39.7253867 32.4116855 -0.10006299614906311 23.694093704223633
1753302816134446 23.121970441456796 15.28997802734375 0.05165130509515403 -0.09088122099637984 3.016795158386231 172 1 0.515 0.510 0.516 39.7253867 32.4116855 -0.10006299614906311 23.694093704223633
1753302816136443 23.121970441456796 15.28997802734375 0.05295106870156347 -0.09088122099637984 3.016795158386231 172 0.956 0.515 0.510 0.516 39.7253867 32.4116855 -0.10006299614906311 23.694093704223633
1753302816383448 22.580607670295436 15.260009765625 0.05397579314310985 -0.0899013504385948 3.022430419921875 173 0.957 0.515 0.510 0.516 39.7252803 32.4117014 -0.08558151870965958 23.71989631652832
1753302816633289 22.516201062190486 15.25 0.05457571886777554 -0.08435731604695319 3.0267484188079834 173 1 0.515 0.503 0.516 39.7252803 32.4117014 0.00495240418240428 23.714933395385742
1753302816634301 22.516201062190486 15.25 0.055115652019974655 -0.08435731604695319 3.0267484188079834 173 1 0.515 0.503 0.516 39.7252803 32.4117014 0.00495240418240428 23.714933395385742
1753302816635305 22.516201062190486 15.25 0.05560159185695386 -0.08435731604695319 3.0267484188079834 173 1 0.515 0.503 0.516 39.7252803 32.4117014 0.00495240418240428 23.714933395385742
1753302816882813 23.390932129063454 15.260009765625 0.055589261643598106 -0.0876672476530075 3.0308563709259038 173 1 0.515 0.503 0.516 39.7252803 32.4117014 -0.0340605303645134 23.70073699951172
1753302817135305 22.998631798887512 15.22998046875 0.055270432748654154 -0.09338294714689255 3.036041259765625 173 0.962 0.516 0.512 0.516 39.7251751 32.4117159 -0.13156884908676147 23.689687728881836
1753302817137334 22.998631798887512 15.22998046875 0.05498348674320459 -0.09338294714689255 3.036041259765625 173 0.992 0.516 0.512 0.516 39.7251751 32.4117159 -0.13156884908676147 23.689687728881836
1753302817386097 22.700507049962287 15.19000244140625 0.05448278040716004 -0.09159076660871505 3.0409138202667236 174 0.984 0.515 0.506 0.516 39.7250698 32.4117294 -0.14515158534049988 23.68004035949707
1753302817633323 22.973974387089637 15.15997314453125 0.05390250758256571 -0.08361139297485352 3.044191598892212 174 0.965 0.515 0.506 0.516 39.7250698 32.4117294 -0.021847810596227646 23.671438217163086
1753302817634318 22.973974387089637 15.15997314453125 0.053380262040430816 -0.08361139297485352 3.044191598892212 174 1 0.515 0.506 0.516 39.7250698 32.4117294 -0.021847810596227646 23.671438217163086
1753302817635329 22.973974387089637 15.15997314453125 0.0529102410525094 -0.08361139297485352 3.044191598892212 174 0.983 0.515 0.506 0.516 39.7250698 32.4117294 -0.021847810596227646 23.671438217163086
1753302817636335 22.973974387089637 15.15997314453125 0.052487222163380136 -0.08361139297485352 3.044191598892212 174 1 0.515 0.506 0.516 39.7250698 32.4117294 -0.021847810596227646 23.671438217163086
1753302817914538 23.39455455849815 15.16998291015625 0.05188040872678246 -0.08313895016908646 3.048643112182617 174 0.980 0.516 0.510 0.516 39.7249635 32.411742 0.01619476079940796 23.669300079345703
1753302818132491 23.22708380988289 15.16998291015625 0.051036570432171996 -0.09238694012165069 3.052506446838379 174 0.964 0.516 0.510 0.516 39.7249635 32.411742 -0.09751956909894943 23.698957443237305
1753302818134506 23.22708380988289 15.16998291015625 0.05027711596702258 -0.09238694012165069 3.052506446838379 174 1 0.516 0.510 0.516 39.7249635 32.411742 -0.09751956909894943 23.698957443237305
1753302818411326 23.093707493167646 15.13995361328125 0.04922931304527569 -0.09127888530492781 3.0560719966888428 175 1 0.516 0.504 0.516 39.7248565 32.4117537 -0.12198256701231003 23.747173309326172
1753302818629300 23.24640272961813 15.1199951171875 0.047923933291017254 -0.08221975564956666 3.058159589767456 175 1 0.516 0.504 0.516 39.7248565 32.4117537 0.02340056002140045 23.75873565673828
1753302818631315 23.24640272961813 15.1199951171875 0.04674909151218465 -0.08221975564956666 3.058159589767456 175 1 0.516 0.504 0.516 39.7248565 32.4117537 0.02340056002140045 23.75873565673828
1753302818911368 22.575024397017426 15.13995361328125 0.045401913776595575 -0.08349796831607818 3.06145977973938 175 0.956 0.515 0.514 0.516 39.7247506 32.4117645 0.060052502900362015 23.7546443939209
1753302819128783 22.66359033884506 15.1300048828125 0.04389951093161033 -0.09379890710115432 3.063584089279175 175 1 0.515 0.514 0.516 39.7247506 32.4117645 -0.11842146515846252 23.75337028503418
1753302819131543 22.66359033884506 15.1300048828125 0.04254734837112361 -0.09379890710115432 3.063584089279175 175 1 0.515 0.514 0.516 39.7247506 32.4117645 -0.11842146515846252 23.75337028503418
1753302819408640 22.615700063600368 15.0899658203125 0.041212500726558576 -0.0881963923573494 3.0676705837249756 175 1 0.514 0.503 0.515 39.7246446 32.4117748 -0.08975919336080551 23.753707885742188
1753302819628182 22.846581833863212 15.0899658203125 0.03984454956982536 -0.08163753896951675 3.0694565773010254 175 1 0.514 0.503 0.515 39.7246446 32.4117748 0.03630680590867996 23.741880416870117
1753302819630170 22.846581833863212 15.0899658203125 0.03861339352876546 -0.08163753896951675 3.0694565773010254 175 0.995 0.514 0.503 0.515 39.7246446 32.4117748 0.03630680590867996 23.741880416870117
1753302819923554 23.45607372245709 15.0999755859375 0.03713379002973975 -0.0842439591884613 3.072106838226319 176 1 0.516 0.510 0.516 39.7245377 32.4117845 0.01744839921593666 23.738441467285156
1753302820132792 23.30418672334335 15.0999755859375 0.03522619856028743 -0.08831239342689513 3.0730791091918945 176 0.996 0.516 0.510 0.516 39.7245377 32.4117845 -0.056066159158945084 23.760934829711914
1753302820391383 22.584095130198815 15.0799560546875 0.03329827080037284 -0.08657337874174119 3.0746443271636963 176 1 0.516 0.510 0.516 39.7245377 32.4117845 -0.022822560742497444 23.78815269470215
1753302820650249 23.46256075501946 15.0999755859375 0.031356532147819596 -0.0824836865067482 3.0757272243499756 176 1 0.517 0.505 0.516 39.72443 32.411794 0.06422214955091476 23.807865142822266
1753302820653149 23.46256075501946 15.0999755859375 0.02960896736052167 -0.0824836865067482 3.0757272243499756 176 0.978 0.517 0.505 0.516 39.72443 32.411794 0.06422214955091476 23.807865142822266
1753302820901286 23.475329941338853 15.1199951171875 0.027998946288971892 -0.0851156622171402 3.076226949691773 176 1 0.516 0.509 0.516 39.7243236 32.4118032 0.04185865819454193 23.79732322692871
1753302821126302 23.48020819360787 15.1300048828125 0.02646616836316775 -0.08713907822966575 3.0776031017303467 176 1 0.516 0.509 0.516 39.7243236 32.4118032 -0.008128447458148003 23.77906608581543
1753302821415444 22.6290406476825 15.1199951171875 0.0249342178956633 -0.08649869412183762 3.078637599945069 176 0.982 0.516 0.506 0.516 39.7242177 32.4118121 -0.025851689279079437 23.75965118408203
1753302821638082 23.141726879932918 15.1199951171875 0.02329646809303449 -0.08465825021266937 3.078598737716675 176 1 0.516 0.506 0.516 39.7242177 32.4118121 0.0006081318715587258 23.740236282348633
1753302821896314 22.703002140493485 15.1199951171875 0.02177089539233166 -0.08467393293976784 3.078995704650879 176 1 0.516 0.509 0.516 39.7241109 32.411821 -0.0005879939417354763 23.73773765563965
1753302822152974 23.260398969133952 15.1199951171875 0.02034301761147366 -0.08828321844339371 3.080646514892578 176 1 0.516 0.509 0.516 39.7241109 32.411821 -0.042843304574489594 23.76163673400879
1753302822407078 22.6594494459411 15.0999755859375 0.019065293438944097 -0.08758583515882491 3.0808355808258057 176 1 0.516 0.508 0.516 39.7240033 32.4118299 -0.03950117155909538 23.800397872924805
1753302822630110 22.64155584896919 15.0999755859375 0.017693041085269635 -0.08636097609996796 3.080767869949341 176 0.981 0.516 0.508 0.516 39.7240033 32.4118299 0.004080708604305983 23.82505989074707
1753302822631121 22.64155584896919 15.0999755859375 0.016458013966962625 -0.08636097609996796 3.080767869949341 176 1 0.516 0.508 0.516 39.7240033 32.4118299 0.004080708604305983 23.82505989074707
1753302822886758 23.389767604337514 15.0899658203125 0.015246938627840515 -0.08445149585604667 3.081322431564331 176 1 0.516 0.508 0.516 39.7240033 32.4118299 0.022284923121333122 23.823101043701172
1753302823145011 22.610347706797636 15.0999755859375 0.014015306856861505 -0.08317207843065262 3.0822832584381104 176 0.998 0.515 0.508 0.516 39.7238969 32.4118386 0.0405719168484211 23.81124496459961
1753302823401700 23.507646674374417 15.0999755859375 0.01308952554461133 -0.08545791283249855 3.0823731422424316 176 1 0.318 0.496 0.417 39.7237909 32.4118472 0.002250571735203266 23.787490844726562
1753302823626870 23.4160975339451 15.0999755859375 0.011831601323987362 -0.08800704181194306 3.0813729763031006 176 1 0.318 0.496 0.417 39.7237909 32.4118472 -0.05786982923746109 23.7716064453125
1753302823906834 22.935599823660514 15.07000732421875 -0.013220030192459835 -0.1082367166876793 3.046834468841553 174 0.977 0.390 0.537 0.453 39.7236846 32.4118579 -0.18000921607017517 23.749116897583008
1753302824136361 23.930079479615905 14.949951171875 -0.07387151550405494 -0.15207367837429045 3.037201166152954 174 0.982 0.390 0.537 0.453 39.7236846 32.4118579 -0.8527823686599731 23.761032104492188
1753302824387503 24.085186115150325 14.5799560546875 -0.15724148505735458 -0.15046908557415006 2.9892849922180176 171 0.958 0.390 0.537 0.453 39.7236846 32.4118579 -1.7707608938217163 23.97588348388672
1753302824645761 23.13177040269952 14.1199951171875 -0.23227445765532426 -0.08095678761601446 2.84576416015625 163 1 0.538 0.640 0.527 39.7235784 32.4118878 -1.7518677711486816 24.633527755737305
1753302824901300 22.79371628081499 13.8499755859375 -0.299804132993497 0.010792602971196174 2.6195325851440434 150 0.970 0.506 0.504 0.512 39.7234823 32.4119685 -0.1802857518196106 25.678865432739258
1753302825155704 23.067957244169673 14.02996826171875 -0.36058084079785246 0.07207436636090278 2.435105323791504 139 1 0.506 0.504 0.512 39.7234823 32.4119685 1.3736175298690796 26.07708740234375
1753302825414219 23.773372560138434 14.4599609375 -0.41527987782177234 0.06132781282067298 2.33343243598938 133 1 0.512 0.451 0.514 39.7234078 32.4120848 1.4604089260101318 26.044937133789062
1753302825638337 23.973745059467564 14.69000244140625 -0.46450901114330023 -0.015076915919780732 2.3152692317962646 132 0.951 0.512 0.451 0.514 39.7234078 32.4120848 0.19418002665042877 25.951885223388672
1753302825895284 25 14.489990234375 -0.5088152311326753 -0.11561958342790604 2.3105835914611816 132 0.952 0.512 0.451 0.514 39.7233383 32.4122046 -1.6468924283981323 25.708770751953125
1753302826151816 25 13.95001220703125 -0.5486908291231128 -0.16574659645557402 2.2581615447998047 129 1 0.507 0.540 0.512 39.7233383 32.4122046 -2.673754930496216 25.417457580566406
1753302826152851 25 13.95001220703125 -0.5845788673145067 -0.16574659645557402 2.2581615447998047 129 1 0.507 0.540 0.512 39.7233383 32.4122046 -2.673754930496216 25.417457580566406
1753302826406757 25 13.19000244140625 -0.6168781016867612 -0.17826953828334807 2.1594228744506836 123 0.971 0.510 0.556 0.513 39.7232819 32.4123333 -3.0148227214813232 25.1959285736084
1753302826631188 25 12.469970703125 -0.6459474126217902 -0.1669188320636749 2.046086311340332 117 0.987 0.510 0.556 0.513 39.7232819 32.4123333 -2.878155469894409 25.09197235107422
1753302826917061 25 11.76995849609375 -0.6721097924633165 -0.15073719918727874 1.9169971942901611 109 1 0.513 0.542 0.515 39.7232507 32.4124731 -2.570948362350464 25.00740623474121
1753302827140127 25 11.19000244140625 -0.69565593432069 -0.13798465430736542 1.8017921447753906 103 0.981 0.513 0.542 0.515 39.7232507 32.4124731 -2.299870491027832 24.874774932861328
1753302827141139 25 11.19000244140625 -0.7168474619923262 -0.13798465430736542 1.8017921447753906 103 0.998 0.513 0.542 0.515 39.7232507 32.4124731 -2.299870491027832 24.874774932861328
1753302827395426 25 10.63995361328125 -0.7359198368967989 -0.13115927278995515 1.6893445253372192 96 1 0.513 0.542 0.515 39.7232507 32.4124731 -2.137735605239868 24.675552368164062
1753302827652675 24.146553167343804 10.14996337890625 -0.7530849743108241 -0.13103855699300765 1.5955992937088013 91 1 0.514 0.525 0.515 39.723245 32.4126154 -2.086970567703247 24.462879180908203
1753302827911512 24.81953446150291 9.6099853515625 -0.7664768727022667 -0.14353203177452087 1.5058333873748782 86 0.994 0.515 0.527 0.516 39.7232592 32.4127545 -2.1879632472991943 24.20232391357422
1753302828117547 24.758539867806647 9.07000732421875 -0.7760961799083586 -0.15779883861541746 1.4301376342773438 81 0.992 0.515 0.527 0.516 39.7232592 32.4127545 -2.3751816749572754 23.954050064086914
1753302828121060 24.758539867806647 9.07000732421875 -0.784753556393841 -0.15779883861541746 1.4301376342773438 81 1 0.515 0.527 0.516 39.7232592 32.4127545 -2.3751816749572754 23.954050064086914
1753302828389027 24.84158585275076 8.44000244140625 -0.7900003570406966 -0.16950859427452086 1.3490828275680542 77 0.957 0.519 0.535 0.517 39.7232895 32.4128877 -2.539133071899414 23.72444725036621
1753302828646235 24.597262511058034 7.80999755859375 -0.792168043084979 -0.173486165702343 1.2714520692825317 72 0.970 0.519 0.535 0.517 39.7232895 32.4128877 -2.5782864093780518 23.57652473449707
1753302828901662 23.63995482369453 7.13995361328125 -0.7904496449482799 -0.1720130741596222 1.1880747079849243 68 1 0.519 0.535 0.517 39.7232895 32.4128877 -2.5128328800201416 23.459495544433594
1753302829157734 23.738597117770286 6.57000732421875 -0.784647881232413 -0.16526727974414823 1.1119613647460938 63 1 0.527 0.528 0.521 39.7233349 32.4130114 -2.3305232524871826 23.34881591796875
1753302829160316 23.738597117770286 6.57000732421875 -0.7794262938881328 -0.16526727974414823 1.1119613647460938 63 1 0.527 0.528 0.521 39.7233349 32.4130114 -2.3305232524871826 23.34881591796875
1753302829414311 24.082598342590984 6.0 -0.7692957556114565 -0.16082812398672103 1.0377992391586304 59 1 0.531 0.516 0.523 39.7233927 32.4131232 -2.148158550262451 23.227062225341797
1753302829638579 23.767743864029605 5.510009765625 -0.7541320952057216 -0.16142258644104004 0.9797506332397461 56 1 0.531 0.516 0.523 39.7233927 32.4131232 -2.047402858734131 23.108964920043945
1753302829641091 23.767743864029605 5.510009765625 -0.7404848008405602 -0.16142258644104004 0.9797506332397461 56 0.998 0.531 0.516 0.523 39.7233927 32.4131232 -2.047402858734131 23.108964920043945
1753302829892994 23.310437542841928 4.97998046875 -0.7212103547797891 -0.1693144455552101 0.9257809519767762 53 0.985 0.531 0.516 0.523 39.7233927 32.4131232 -2.0296576023101807 22.98900032043457
1753302830149317 23.21185269216822 4.5 -0.6974558927547596 -0.17309942245483398 0.8793208599090577 50 1 0.532 0.523 0.524 39.7234588 32.4132255 -1.9927787780761719 22.905717849731445
1753302830151352 23.21185269216822 4.5 -0.6760768769322332 -0.17309942245483398 0.8793208599090577 50 0.975 0.532 0.523 0.524 39.7234588 32.4132255 -1.9927787780761719 22.905717849731445
1753302830405337 22.92674422021269 4.0 -0.6498021285061684 -0.16516117751598358 0.8342763185501099 47 0.992 0.532 0.523 0.524 39.7234588 32.4132255 -1.7811483144760132 22.859554290771484
1753302830661633 22.369331837422624 3.739990234375 -0.5995465174607617 -0.062992674857378 0.8065044879913331 46 1 0.388 0.426 0.452 39.7235309 32.4133213 1.321990728378296 22.05063247680664
1753302830664929 22.369331837422624 3.739990234375 -0.5543164675198956 -0.062992674857378 0.8065044879913331 46 1 0.388 0.426 0.452 39.7235309 32.4133213 1.321990728378296 22.05063247680664
1753302830919520 20.032871799837036 4.57000732421875 -0.4995207982298402 -0.001803728425875306 0.81010901927948 46 1 0.209 0.217 0.363 39.7235934 32.4134102 2.9934308528900146 20.37014389038086
1753302831145340 19.152322355358184 5.20001220703125 -0.4491342266234757 0.0028364766854792832 0.8097442984580994 46 0.977 0.209 0.217 0.363 39.7235934 32.4134102 2.11136531829834 19.338008880615234
1753302831397908 17.909640957563532 5.75 -0.40371683886644255 0.003690326074138284 0.8088415265083313 46 0.961 0.209 0.217 0.363 39.7235934 32.4134102 2.0700936317443848 18.421947479248047
1753302831652285 17.87391845294309 6.22998046875 -0.3628608375318081 0.003989160386845469 0.8078484535217285 46 1 0.125 0.113 0.320 39.72365 32.4134885 1.9769774675369263 17.699249267578125
1753302831909168 16.726421468259993 6.7099609375 -0.3261183466246484 0.00409702118486166 0.8067358136177063 46 0.974 0.113 0.113 0.314 39.7237028 32.4135606 1.8450812101364136 17.045578002929688
1753302832133842 16.104876619112495 7.1300048828125 -0.29307753928951247 0.004019275773316622 0.8057125210762024 46 1 0.113 0.113 0.314 39.7237028 32.4135606 1.7583932876586914 16.557296752929688
1753302832419351 15.486343320030976 7.55999755859375 -0.2633728979147389 0.0035922184120863675 0.8046453595161438 46 1 0.113 0.113 0.314 39.7237537 32.4136297 1.6753482818603516 16.161996841430664
1753302832649472 15.337080438806286 7.92999267578125 -0.23666988601370137 0.002884624665603042 0.8037022352218628 46 0.984 0.113 0.113 0.314 39.7237537 32.4136297 1.6114684343338013 15.88197135925293
1753302832651034 15.337080438806286 7.92999267578125 -0.21263717530276757 0.002884624665603042 0.8037022352218628 46 0.966 0.113 0.113 0.314 39.7237537 32.4136297 1.6114684343338013 15.88197135925293
1753302832893625 19.17141378857542 8.0899658203125 -0.21782598720288024 -0.2873022198677063 0.7788494229316711 44 1 0.113 0.113 0.314 39.7237537 32.4136297 -1.1749495267868042 16.60320472717285
1753302833149886 16.428771214297257 7.92999267578125 -0.2008674736436821 -0.05729877576231956 0.7903827428817749 45 0.956 0.189 0.193 0.352 39.7238052 32.4136998 0.6730335354804993 16.191436767578125
1753302833150967 16.428771214297257 7.92999267578125 -0.1856048114404038 -0.05729877576231956 0.7903827428817749 45 0.971 0.189 0.193 0.352 39.7238052 32.4136998 0.6730335354804993 16.191436767578125
1753302833405146 15.548874090482808 8.02996826171875 -0.16711535210607179 -0.0025425714207813143 0.7956036925315857 45 0.953 0.189 0.193 0.352 39.7238052 32.4136998 -0.19867102801799774 15.8075590133667
1753302833661666 14.72203892709229 7.94000244140625 -0.1501395356048813 0.0016461537219583987 0.795370638370514 45 1 0.118 0.113 0.317 39.7238549 32.4137665 -0.30260974168777466 15.68086051940918
1753302833917440 14.708203382207703 7.8499755859375 -0.1348688335701901 0.001668753707781434 0.7944459319114685 45 1 0.640 0.438 0.578 39.7239052 32.4138334 -0.24827343225479126 15.675010681152344
1753302834141804 14.708203382207703 7.8499755859375 -0.12112520173896806 0.001668753707781434 0.7944459319114685 45 0.964 0.640 0.438 0.578 39.7239052 32.4138334 -0.24827343225479126 15.675010681152344
1753302834397446 16.54024459862485 7.6300048828125 -0.11673529031016938 -0.1100811243057251 0.7778176665306091 44 0.986 0.640 0.438 0.578 39.7239052 32.4138334 0.7169994711875916 17.107553482055664
1753302834654033 18.482521749358654 7.42999267578125 -0.1211013905597196 -0.2383441358804703 0.7765637040138245 44 1 0.316 0.203 0.416 39.7239598 32.4139064 -0.9475101828575134 17.72243881225586
1753302834911549 21.062025921650193 7.39996337890625 -0.12996328583888406 -0.3244899243116378 0.7717745900154114 44 1 0.432 0.351 0.474 39.7240195 32.4139852 -1.3690733909606934 18.65076446533203
1753302835133448 19.49781937166658 7.25 -0.12812853719173845 -0.19258831143379213 0.7635166645050049 43 1 0.432 0.351 0.474 39.7240195 32.4139852 0.4846877455711365 19.200519561767578
1753302835390092 20.635718578546193 6.969970703125 -0.12797841905396262 -0.2045995593070984 0.7655379772186279 43 0.984 0.501 0.412 0.509 39.7240833 32.4140675 -0.48544734716415405 19.760265350341797
1753302835631081 20.90627354947704 7.1199951171875 -0.12531311195052636 -0.19726315140724182 0.763948678970337 43 1 0.501 0.412 0.509 39.7240833 32.4140675 -0.27796870470046997 20.35498809814453
1753302835892261 22.623337167413165 6.5999755859375 -0.12668170524499095 -0.28200856149196624 0.7769986987113953 44 1 0.521 0.404 0.518 39.7241505 32.4141532 -2.6468663215637207 20.842947006225586
1753302836148778 20.71942925102783 6.66998291015625 -0.11256853270481176 -0.10973777323961258 0.7808687090873718 44 1 0.521 0.404 0.518 39.7241505 32.4141532 1.1565113067626953 21.148000717163086
1753302836150867 20.71942925102783 6.66998291015625 -0.09986667741865052 -0.10973777323961258 0.7808687090873718 44 0.968 0.521 0.404 0.518 39.7241505 32.4141532 1.1565113067626953 21.148000717163086
1753302836402109 22.647277758113283 6.6300048828125 -0.08365111791667461 -0.2238120526075363 0.7765700221061707 44 1 0.521 0.404 0.518 39.7241505 32.4141532 -1.7045860290527344 21.626232147216797
1753302836660844 23.886866132766098 5.90997314453125 -0.06450045028546857 -0.2973392277956009 0.7789528965950012 44 1 0.537 0.637 0.526 39.7242201 32.4142433 -3.3911924362182617 21.99520492553711
1753302836917696 20.54147561326032 5.8299560546875 -0.04865460174577897 -0.027277738600969315 0.7972601652145386 45 0.973 0.510 0.368 0.513 39.7242918 32.4143366 2.2835118770599365 22.130468368530273
1753302837141997 21.04423997548021 6.3699951171875 -0.022716810500301114 -0.04190910756587982 0.7939245104789734 45 0.983 0.510 0.368 0.513 39.7242918 32.4143366 1.234990119934082 22.37921905517578
1753302837397604 23.906726340999672 6.26995849609375 0.005108290735771784 -0.23284446895122526 0.762800931930542 43 1 0.538 0.632 0.527 39.7243631 32.4144316 -1.896251916885376 22.61795997619629
1753302837652913 24.80112344398799 5.5799560546875 0.03061069591989267 -0.2698589593172073 0.7761777043342591 44 0.973 0.538 0.632 0.527 39.7243631 32.4144316 -3.1462841033935547 22.809738159179688
1753302837910014 22.766213036827946 4.969970703125 0.05641977379456296 -0.11967509388923644 0.8329890370368958 47 1 0.496 0.435 0.507 39.7244318 32.414533 -1.1086394786834717 23.245134353637695
1753302838133934 22.249203678265527 4.94000244140625 0.08073296001316728 -0.05717305839061737 0.8652531504631042 49 1 0.496 0.435 0.507 39.7244318 32.414533 0.3675454556941986 23.396625518798828
1753302838422999 23.70695663160628 4.92999267578125 0.09883000717247982 -0.14307882338762282 0.8680625557899475 49 1 0.533 0.573 0.524 39.724497 32.4146414 -0.6920440793037415 23.575639724731445
1753302838649428 23.56953776132457 4.5999755859375 0.11282772659378164 -0.18326898515224455 0.8876960873603821 50 0.983 0.533 0.573 0.524 39.724497 32.4146414 -1.6442886590957642 23.75169563293457
1753302838651000 23.56953776132457 4.5999755859375 0.1254256740729533 -0.18326898515224455 0.8876960873603821 50 1 0.533 0.573 0.524 39.724497 32.4146414 -1.6442886590957642 23.75169563293457
1753302838894369 22.993306084544617 4.25 0.1388446368742456 -0.10793103128671647 0.9244475960731507 52 1 0.533 0.573 0.524 39.724497 32.4146414 -0.6342597007751465 23.98579978942871
1753302839152276 23.400158542766412 4.219970703125 0.15195359688715368 -0.07213993966579436 0.9485821723937989 54 1 0.503 0.467 0.510 39.7245605 32.4147557 0.21991682052612305 24.083356857299805
1753302839411135 23.120297703677263 4.22998046875 0.16091529192074747 -0.11627945750951767 0.9589579701423645 54 1 0.523 0.539 0.519 39.72462 32.4148744 -0.32904210686683655 24.183612823486328
1753302839634864 24.463448437477467 4.04998779296875 0.1662772058982665 -0.1433730348944664 0.9743658900260925 55 0.991 0.523 0.539 0.519 39.72462 32.4148744 -0.9182940721511841 24.254024505615234
1753302839925557 23.853829850138517 3.8599853515625 0.1709370293801142 -0.10569283962249755 1.0001485347747803 57 1 0.508 0.482 0.512 39.7246762 32.4149943 -0.43755683302879333 24.293991088867188
1753302840151139 22.86853518535323 3.8299560546875 0.175171309285025 -0.08155935481190682 1.0200713872909546 58 1 0.508 0.482 0.512 39.7246762 32.4149943 0.076042540371418 24.26305389404297
1753302840407707 23.518040110795965 3.8299560546875 0.1769119324439706 -0.10682855695486068 1.0324465036392212 59 1 0.517 0.522 0.516 39.7247291 32.4151166 -0.2389286458492279 24.236249923706055
1753302840663354 23.942463513650623 3.719970703125 0.17617383946364595 -0.12245775312185286 1.0446439981460571 59 1 0.517 0.522 0.516 39.7247291 32.4151166 -0.5901379585266113 24.225271224975586
1753302840919808 23.713892908991596 3.57000732421875 0.17422060682820212 -0.10529875308275222 1.0625920295715332 60 1 0.510 0.495 0.513 39.7247802 32.4152419 -0.3748171627521515 24.241153717041016
1753302841144990 23.76854428942321 3.510009765625 0.17170807732147214 -0.09154963791370391 1.0761659145355225 61 1 0.510 0.495 0.513 39.7247802 32.4152419 -0.07655979692935944 24.246501922607422
1753302841401280 23.323321222676636 3.47998046875 0.16799180668296432 -0.10469808429479599 1.0855093002319336 62 0.954 0.513 0.516 0.515 39.724829 32.4153684 -0.23490040004253387 24.25840187072754
1753302841652246 23.822049379783927 3.39996337890625 0.16304296444388047 -0.10830409973859788 1.0946733951568604 62 0.983 0.513 0.516 0.515 39.724829 32.4153684 -0.37176722288131714 24.249265670776367
1753302841652393 23.822049379783927 3.39996337890625 0.158589006428705 -0.10830409973859788 1.0946733951568604 62 1 0.513 0.516 0.515 39.724829 32.4153684 -0.37176722288131714 24.249265670776367
1753302841921279 23.853140514650757 3.32000732421875 0.1529824213368771 -0.09491750746965408 1.1061639785766602 63 0.970 0.514 0.499 0.515 39.7248756 32.4154943 -0.1787654012441635 24.201583862304688
1753302842147054 22.914113491684066 3.27996826171875 0.1466704526111255 -0.0926207885146141 1.114312767982483 63 0.976 0.514 0.499 0.515 39.7248756 32.4154943 -0.11195193976163864 24.158174514770508
1753302842404532 23.047450651517245 3.22998046875 0.13966145681423872 -0.10299981236457824 1.121501088142395 64 0.976 0.515 0.515 0.516 39.7249208 32.4156206 -0.28357264399528503 24.118471145629883
1753302842660491 23.75431473790802 3.13995361328125 0.1321376858688855 -0.10421171635389327 1.1277629137039185 64 0.953 0.515 0.515 0.516 39.7249208 32.4156206 -0.35870298743247986 24.098339080810547
1753302842661183 23.75431473790802 3.13995361328125 0.12536629201806757 -0.10421171635389327 1.1277629137039185 64 0.983 0.515 0.515 0.516 39.7249208 32.4156206 -0.35870298743247986 24.098339080810547
1753302842917601 23.126589708478946 3.04998779296875 0.11805747296068525 -0.09113988429307937 1.1333909034729004 64 1 0.512 0.497 0.514 39.7249658 32.4157493 -0.17905233800411224 24.10387420654297
1753302843141515 22.95495464854921 3.01995849609375 0.11053906876433006 -0.08591207563877105 1.1374883651733398 65 1 0.512 0.497 0.514 39.7249658 32.4157493 -0.03449976444244385 24.09803009033203
1753302843397640 23.08865723659674 2.989990234375 0.1027283310763965 -0.09491867572069168 1.1415998935699463 65 0.960 0.512 0.497 0.514 39.7249658 32.4157493 -0.15536139905452728 24.102502822875977
1753302843656797 23.196773301961247 2.92999267578125 0.0947445562368271 -0.09554071724414825 1.1436688899993896 65 0.973 0.515 0.513 0.516 39.72501 32.4158778 -0.2211751490831375 24.083127975463867
1753302843912561 23.28307411521893 2.88995361328125 0.08657991147136425 -0.08572954162955285 1.147091031074524 65 1 0.514 0.499 0.515 39.7250534 32.416005 -0.08586164563894272 24.04216194152832
1753302844137004 22.80320054098704 2.8800048828125 0.07862217683207157 -0.08325922265648843 1.1473615169525146 65 1 0.514 0.499 0.515 39.7250534 32.416005 -0.03439187631011009 23.99110984802246
1753302844424922 23.654297700553492 2.8599853515625 0.07078886299235015 -0.08960548043251038 1.147079348564148 65 0.987 0.515 0.513 0.516 39.7250967 32.4161318 -0.14282925426959991 23.94505500793457
1753302844650982 23.19322258142272 2.80999755859375 0.06302345300229541 -0.09344244450330734 1.147037982940674 65 1 0.515 0.513 0.516 39.7250967 32.4161318 -0.23315800726413727 23.915985107421875
1753302844909565 23.100076815295736 2.75 0.05550246587332026 -0.08653240650892258 1.1455204486846924 65 0.982 0.513 0.504 0.515 39.7251405 32.4162595 -0.15691235661506653 23.891510009765625
1753302845163237 22.92856674497067 2.72998046875 0.048498332266681814 -0.08313179463148117 1.1456210613250732 65 0.957 0.513 0.504 0.515 39.7251405 32.4162595 -0.06092510372400284 23.8929500579834
1753302845419291 23.32737917974634 2.70001220703125 0.04195632522374995 -0.08791976720094681 1.1455761194229126 65 0.997 0.515 0.512 0.516 39.725185 32.4163879 -0.11337373405694962 23.90876007080078
1753302845646587 23.109824171838387 2.66998291015625 0.03546616552088208 -0.08766694515943527 1.1440337896347046 65 1 0.515 0.512 0.516 39.725185 32.4163879 -0.13821136951446533 23.926124572753906
1753302845905552 23.21044685775176 2.63995361328125 0.029265976446690087 -0.07922473028302192 1.1435457468032837 65 1 0.514 0.501 0.515 39.7252292 32.4165145 -0.011111750267446041 23.906002044677734
1753302846161450 23.533187366611983 2.64996337890625 0.023522934725423387 -0.07731413915753364 1.141710877418518 65 1 0.514 0.501 0.515 39.7252292 32.4165145 0.04000282287597656 23.868074417114258
1753302846417745 22.920265794119356 2.63995361328125 0.018035896265989303 -0.08738435879349708 1.1375254392623901 65 1 0.516 0.512 0.516 39.7252737 32.4166403 -0.1163235530257225 23.84074592590332
1753302846641871 23.245699009402724 2.5999755859375 0.012839705253677749 -0.08645963594317435 1.1365070343017578 65 0.951 0.516 0.512 0.516 39.7252737 32.4166403 -0.16423818469047546 23.826887130737305
1753302846900205 22.683446193784714 2.5799560546875 0.00833120204958664 -0.07839350402355194 1.1337240934371948 64 1 0.516 0.503 0.516 39.7253191 32.4167669 -0.02971941977739334 23.81067657470703
1753302847156330 23.227317925391155 2.5799560546875 0.004094450991928696 -0.07729320973157881 1.1317899227142334 64 1 0.516 0.503 0.516 39.7253191 32.4167669 0.014358297921717167 23.814346313476562
1753302847413205 23.34465353987973 2.57000732421875 0.0002531954541028612 -0.08326774463057517 1.129469394683838 64 1 0.515 0.512 0.516 39.7253653 32.4168938 -0.04312410578131676 23.824037551879883
1753302847631624 23.509410580624785 2.54998779296875 -0.0031270639096896884 -0.085650335252285 1.1274182796478274 64 0.957 0.515 0.512 0.516 39.7253653 32.4168938 -0.10055909305810928 23.834571838378906
1753302847633090 23.509410580624785 2.54998779296875 -0.006169297337102983 -0.085650335252285 1.1274182796478274 64 0.995 0.515 0.512 0.516 39.7253653 32.4168938 -0.10055909305810928 23.834571838378906
1753302847926205 23.097091972882467 2.52996826171875 -0.008926156273098076 -0.08033051639795304 1.1248282194137573 64 0.997 0.516 0.501 0.516 39.7254114 32.4170189 -0.04201319441199303 23.8150691986084
1753302848151059 23.005378379713182 2.54998779296875 -0.011528835246513443 -0.07533320784568787 1.1212762594223022 64 0.971 0.516 0.501 0.516 39.7254114 32.4170189 0.054142989218235016 23.78078269958496
1753302848407483 23.31897392644548 2.55999755859375 -0.013581403091147682 -0.08226365894079207 1.1171584129333496 64 0.964 0.517 0.510 0.516 39.7254579 32.417143 -0.041376743465662 23.750062942504883
1753302848663574 22.855865671613056 2.53997802734375 -0.015357101033266015 -0.08354988247156142 1.1149489879608154 63 0.986 0.517 0.510 0.516 39.7254579 32.417143 -0.09776197373867035 23.729686737060547
1753302848919649 23.542753349591734 2.51995849609375 -0.016845514166476394 -0.08166030943393707 1.1111146211624146 63 1 0.517 0.508 0.516 39.7255051 32.4172672 -0.07625266909599304 23.709590911865234
1753302849146175 23.420851534714654 2.5 -0.017972884324004113 -0.08127829134464264 1.1092082262039185 63 1 0.517 0.508 0.516 39.7255051 32.4172672 -0.06455139070749283 23.701879501342773
1753302849402654 23.06476445634286 2.489990234375 -0.018757093545922515 -0.08124646693468093 1.1073552370071411 63 1 0.517 0.508 0.516 39.7255051 32.4172672 -0.04489853233098984 23.720537185668945
1753302849661119 22.964539664195815 2.47998046875 -0.019323037614341565 -0.08062907233834266 1.1058475971221924 63 0.981 0.518 0.508 0.516 39.7255532 32.4173924 -0.025029130280017853 23.744779586791992
1753302849917421 22.762951872846273 2.47998046875 -0.01957686253629564 -0.07903481125831603 1.1026710271835327 63 1 0.517 0.503 0.516 39.7256015 32.4175167 0.010149717330932617 23.762176513671875
1753302850141820 22.75023541991148 2.47998046875 -0.019794772266528954 -0.07635619416832923 1.1011977195739746 63 1 0.517 0.503 0.516 39.7256015 32.4175167 0.05659472942352295 23.74872589111328
1753302850397837 23.071231020008234 2.47998046875 -0.019589106544120865 -0.0837175317108631 1.0979704856872559 62 1 0.517 0.509 0.516 39.7256497 32.4176396 -0.05680594593286514 23.735029220581055
1753302850649775 22.83755318502084 2.4599609375 -0.01923896716171243 -0.08156018927693366 1.095873236656189 62 1 0.517 0.509 0.516 39.7256497 32.4176396 -0.06605003029108047 23.7227840423584
1753302850649932 22.83755318502084 2.4599609375 -0.018923841717544836 -0.08156018927693366 1.095873236656189 62 0.976 0.517 0.509 0.516 39.7256497 32.4176396 -0.06605003029108047 23.7227840423584
1753302850651121 22.83755318502084 2.4599609375 -0.018640228817794004 -0.08156018927693366 1.095873236656189 62 0.974 0.517 0.509 0.516 39.7256497 32.4176396 -0.06605003029108047 23.7227840423584
1753302850901697 22.955006466922946 2.4599609375 -0.01797701647648211 -0.07588547244668006 1.094380497932434 62 0.990 0.517 0.509 0.516 39.7256497 32.4176396 0.029040895402431488 23.707365036010742
1753302851157940 23.0004300077139 2.469970703125 -0.017212450984290202 -0.07946432083845138 1.0935615301132202 62 0.959 0.516 0.505 0.516 39.7256984 32.4177627 0.00949117448180914 23.701534271240234
1753302851161039 23.0004300077139 2.469970703125 -0.01652434204131749 -0.07946432083845138 1.0935615301132202 62 0.993 0.516 0.505 0.516 39.7256984 32.4177627 0.00949117448180914 23.701534271240234
1753302851414235 23.443195744971266 2.4599609375 -0.015811142462733865 -0.08710328489542007 1.093576431274414 62 0.998 0.516 0.509 0.516 39.7257477 32.4178869 -0.11669329553842545 23.720539093017578
1753302851639169 23.25168887264618 2.44000244140625 -0.01505482415921403 -0.08029212057590485 1.0926918983459473 62 0.959 0.516 0.509 0.516 39.7257477 32.4178869 -0.02539561688899994 23.74671745300293
1753302851640689 23.25168887264618 2.44000244140625 -0.014374137686046182 -0.08029212057590485 1.0926918983459473 62 1 0.516 0.509 0.516 39.7257477 32.4178869 -0.02539561688899994 23.74671745300293
1753302851927881 22.972707662241454 2.44000244140625 -0.013771662335561709 -0.07817948982119559 1.091919183731079 62 1 0.517 0.505 0.516 39.725797 32.4180104 0.04851996526122093 23.761932373046875
1753302852151243 23.07211173255103 2.44000244140625 -0.013177128650367555 -0.07865595892071724 1.0896588563919067 62 1 0.517 0.505 0.516 39.725797 32.4180104 0.03143918886780739 23.751663208007812
1753302852407014 22.561164145019678 2.45001220703125 -0.012499344429853825 -0.0803212434053421 1.0903751850128174 62 0.974 0.517 0.505 0.516 39.725797 32.4180104 0.0013678587274625897 23.73365020751953
1753302852663615 23.31990125659302 2.44000244140625 -0.011659400256559193 -0.08094409331679345 1.0892773866653442 62 0.965 0.516 0.507 0.516 39.725846 32.4181327 -0.024811850860714912 23.712003707885742
1753302852921262 23.11505666673406 2.42999267578125 -0.010704198180140501 -0.0801704242825508 1.0877004861831665 62 1 0.517 0.505 0.516 39.7258951 32.418255 -0.014809787273406982 23.687517166137695
1753302853144310 22.787955944946162 2.41998291015625 -0.00989953863952438 -0.07962819933891295 1.08634352684021 62 1 0.517 0.505 0.516 39.7258951 32.418255 -0.0118909552693367 23.670820236206055
1753302853402012 22.48241639157591 2.40997314453125 -0.009063159693503053 -0.08289291337132454 1.0867805480957031 62 0.980 0.514 0.509 0.515 39.7259447 32.4183782 -0.05467246472835541 23.682510375976562
1753302853648355 23.401769127435635 2.38995361328125 -0.00790293361847729 -0.08371161222457886 1.0894430875778198 62 0.973 0.514 0.509 0.515 39.7259447 32.4183782 -0.06341023743152618 23.704540252685547
1753302853907240 22.940977553106645 2.3800048828125 -0.0069022058021363355 -0.0798451654613018 1.088793158531189 62 0.995 0.516 0.507 0.516 39.7259942 32.4185016 -0.004222383722662926 23.73454475402832
1753302854163250 22.555998958112884 2.3800048828125 -0.0063390785528796975 -0.07964986935257912 1.08867609500885 62 0.962 0.516 0.507 0.516 39.7259942 32.4185016 0.020893093198537827 23.73163604736328
1753302854419556 23.384706753247553 2.3800048828125 -0.005897240285820787 -0.08145120292901992 1.0888205766677856 62 1 0.516 0.508 0.516 39.7260433 32.418624 -0.019772352650761604 23.722732543945312
1753302854641029 22.7558719149583 2.3800048828125 -0.005383252334508247 -0.08080975487828254 1.0880742073059082 62 1 0.516 0.508 0.516 39.7260433 32.418624 -0.023664657026529312 23.713376998901367
1753302854914912 22.972200174707993 2.3699951171875 -0.004832226928683399 -0.0775684528052807 1.0890196561813354 62 1 0.517 0.506 0.516 39.7260923 32.4187463 0.02070692554116249 23.699909210205078
1753302855155351 23.261110126746228 2.3800048828125 -0.004270332554120372 -0.08005516380071641 1.0880614519119263 62 1 0.517 0.506 0.516 39.7260923 32.4187463 0.0017164957243949175 23.683149337768555
1753302855411685 22.675476107935257 2.3599853515625 -0.003901418123089716 -0.08532424196600913 1.0878959894180298 62 1 0.517 0.506 0.516 39.7260923 32.4187463 -0.09270618110895157 23.692455291748047
1753302855669773 23.23341857215328 2.3399658203125 -0.0036549219912902524 -0.08146322444081305 1.0872154235839844 62 0.990 0.516 0.509 0.516 39.7261419 32.4188699 -0.04396018013358116 23.71784210205078
1753302855670791 23.23341857215328 2.3399658203125 -0.003433075472670735 -0.08146322444081305 1.0872154235839844 62 1 0.516 0.509 0.516 39.7261419 32.4188699 -0.04396018013358116 23.71784210205078
1753302855670854 23.23341857215328 2.3399658203125 -0.0032334136059131696 -0.08146322444081305 1.0872154235839844 62 0.957 0.516 0.509 0.516 39.7261419 32.4188699 -0.04396018013358116 23.71784210205078
1753302855927569 22.761300869324497 2.3499755859375 -0.002759837061784846 -0.07476789429783821 1.0876919031143188 62 0.996 0.516 0.506 0.516 39.7261918 32.4189939 0.09071358293294907 23.74789810180664
1753302856152572 23.350260733894224 2.3699951171875 -0.002366094356493368 -0.08088301047682761 1.0866894721984863 62 0.975 0.516 0.506 0.516 39.7261918 32.4189939 0.037233900278806686 23.759620666503906
1753302856410781 23.076569199964435 2.3699951171875 -0.0020223421725328694 -0.08453034237027168 1.0860512256622314 62 0.956 0.516 0.507 0.516 39.7262411 32.4191163 -0.061063315719366074 23.75628089904785
1753302856661079 22.812270087430644 2.3599853515625 -0.0016127680761542256 -0.0785039246082306 1.0863158702850342 62 0.997 0.516 0.507 0.516 39.7262411 32.4191163 0.0226458590477705 23.73920440673828
1753302856903769 23.236377314689577 2.3699951171875 -0.0010364251511180106 -0.07915990278124808 1.086351990699768 62 0.990 0.516 0.507 0.516 39.7262411 32.4191163 0.02668755128979683 23.71104621887207
1753302857161461 23.41792192851949 2.3699951171875 -0.0007114717075422737 -0.08351598232984542 1.0860430002212524 62 0.964 0.517 0.508 0.516 39.7262902 32.4192383 -0.04964355006814003 23.694747924804688
1753302857418573 23.123147612557165 2.3499755859375 -0.0004363598405222893 -0.08363411128520964 1.0873262882232666 62 1 0.516 0.509 0.516 39.7263399 32.4193616 -0.07020082324743271 23.705476760864258
1753302857643237 23.2214351186701 2.3299560546875 -6.532643919296259e-05 -0.08164853304624557 1.0871838331222534 62 0.976 0.516 0.509 0.516 39.7263399 32.4193616 -0.034088533371686935 23.72450065612793
1753302857930600 23.391061553399485 2.3299560546875 0.0004744885890027238 -0.07824426516890524 1.0878193378448486 62 0.958 0.516 0.506 0.516 39.7263897 32.4194854 0.032501619309186935 23.746292114257812
1753302858153008 22.8192593192485 2.3399658203125 0.001057640294284256 -0.07934952974319458 1.0881062746047974 62 1 0.516 0.506 0.516 39.7263897 32.4194854 0.037616532295942307 23.750722885131836
1753302858407651 23.36463478292583 2.3499755859375 0.0014862455025767966 -0.07924554497003555 1.088523030281067 62 0.952 0.516 0.507 0.516 39.7264388 32.4196077 0.025319905951619148 23.731359481811523
1753302858660900 22.632334236582892 2.3499755859375 0.0018387856065889313 -0.08079560548067091 1.087956428527832 62 1 0.516 0.507 0.516 39.7264388 32.4196077 0.0011736295418813825 23.70633316040039
1753302858915603 23.139753400954014 2.3399658203125 0.0020394548634508356 -0.08443240746855736 1.08760666847229 62 1 0.517 0.511 0.516 39.7264877 32.4197296 -0.07357306033372879 23.691213607788086
1753302859166504 22.846002973992228 2.3299560546875 0.00219540792661033 -0.08283966407179832 1.0874370336532593 62 0.992 0.517 0.511 0.516 39.7264877 32.4197296 -0.07397624105215073 23.685623168945312
1753302859421604 23.155442507505185 2.32000732421875 0.0022946617616232206 -0.07952809482812881 1.0885229110717773 62 1 0.516 0.506 0.516 39.726537 32.4198524 -0.01483341958373785 23.68021011352539
1753302859670904 22.41145808174192 2.32000732421875 0.0024582613956644506 -0.07955189794301987 1.0885365009307861 62 1 0.516 0.506 0.516 39.726537 32.4198524 -0.006643845234066248 23.703907012939453
1753302859671475 22.41145808174192 2.32000732421875 0.002605501066301558 -0.07955189794301987 1.0885365009307861 62 1 0.516 0.506 0.516 39.726537 32.4198524 -0.006643845234066248 23.703907012939453
1753302859671651 22.41145808174192 2.32000732421875 0.0027380167698749544 -0.07955189794301987 1.0885365009307861 62 1 0.516 0.506 0.516 39.726537 32.4198524 -0.006643845234066248 23.703907012939453
1753302859924142 23.43667487828684 2.32000732421875 0.003108341906746207 -0.08146387115120887 1.08829665184021 62 0.953 0.515 0.511 0.516 39.7265867 32.4199766 -0.014720752835273743 23.745450973510742
1753302860161568 22.634288159871893 2.29998779296875 0.003542126750302295 -0.08372639790177346 1.0894277095794678 62 1 0.515 0.511 0.516 39.7265867 32.4199766 -0.043391335755586624 23.776817321777344
1753302860414390 23.35155075352762 2.29998779296875 0.003715526567714197 -0.07974536344408988 1.0884943008422852 62 0.961 0.515 0.511 0.516 39.7265867 32.4199766 0.008582639507949352 23.79263687133789
1753302860670552 22.712080314384167 2.32000732421875 0.0037871508361251196 -0.07641477882862091 1.0897361040115356 62 1 0.516 0.503 0.516 39.7266361 32.4200998 0.06864803284406662 23.787017822265625
1753302860925937 23.206018561837713 2.3299560546875 0.0037975054205299356 -0.0805838495492935 1.0906440019607544 62 0.964 0.516 0.510 0.516 39.726685 32.4202223 0.013212929479777813 23.76556396484375
1753302861146133 22.79350557637853 2.32000732421875 0.003876687779278243 -0.08393780440092086 1.0900335311889648 62 1 0.516 0.510 0.516 39.726685 32.4202223 -0.06681317090988159 23.74553871154785
1753302861150643 22.79350557637853 2.32000732421875 0.0039479519021517195 -0.08393780440092086 1.0900335311889648 62 1 0.516 0.510 0.516 39.726685 32.4202223 -0.06681317090988159 23.74553871154785
1753302861432416 22.824106282049513 2.29998779296875 0.003769449162141039 -0.07815554589033126 1.089746356010437 62 1 0.516 0.505 0.516 39.7267342 32.4203453 -0.008052839897572994 23.723926544189453
1753302861656201 22.53206356616473 2.30999755859375 0.0036409050896291924 -0.07830308452248573 1.0892661809921265 62 1 0.516 0.505 0.516 39.7267342 32.4203453 0.0298046562820673 23.719303131103516
1753302861910557 22.87267183092483 2.30999755859375 0.0036196834079496557 -0.08413696512579917 1.089964747428894 62 0.989 0.516 0.505 0.516 39.7267342 32.4203453 -0.042437393218278885 23.73933982849121
1753302862166514 23.094760287612125 2.29998779296875 0.003763202082625553 -0.08213306516408919 1.0913043022155762 62 1 0.514 0.511 0.515 39.7267838 32.4204694 -0.03480357676744461 23.761245727539062
1753302862167547 23.094760287612125 2.29998779296875 0.00389236888983386 -0.08213306516408919 1.0913043022155762 62 1 0.514 0.511 0.515 39.7267838 32.4204694 -0.03480357676744461 23.761245727539062
1753302862168578 23.094760287612125 2.29998779296875 0.004008619016321336 -0.08213306516408919 1.0913043022155762 62 1 0.514 0.511 0.515 39.7267838 32.4204694 -0.03480357676744461 23.761245727539062
1753302862420709 22.45047694720413 2.29998779296875 0.003928389078821393 -0.07852775380015373 1.0904994010925293 62 1 0.517 0.506 0.516 39.7268329 32.4205925 0.042734406888484955 23.75644874572754
1753302862660683 22.781635469852354 2.30999755859375 0.003725481815066026 -0.08006714358925819 1.091426134109497 62 0.966 0.517 0.506 0.516 39.7268329 32.4205925 0.02378498762845993 23.738840103149414
1753302862663693 22.781635469852354 2.30999755859375 0.003542865277686196 -0.08006714358925819 1.091426134109497 62 1 0.517 0.506 0.516 39.7268329 32.4205925 0.02378498762845993 23.738840103149414
1753302862918067 22.988169060068742 2.29998779296875 0.0032476337572132597 -0.08216738775372505 1.0912588834762573 62 0.960 0.516 0.508 0.516 39.7268816 32.4207147 -0.028187917545437813 23.72064971923828
1753302863158026 22.561625960123035 2.28997802734375 0.0030648994955594887 -0.08071293607354164 1.0911574363708496 62 1 0.516 0.508 0.516 39.7268816 32.4207147 -0.023478735238313675 23.703115463256836
1753302863160534 22.561625960123035 2.28997802734375 0.002900438660071095 -0.08071293607354164 1.0911574363708496 62 0.960 0.516 0.508 0.516 39.7268816 32.4207147 -0.023478735238313675 23.703115463256836
1753302863427547 22.515072858000664 2.28997802734375 0.0030288802157513507 -0.0775870196521282 1.089773416519165 62 0.961 0.516 0.507 0.516 39.7269305 32.4208372 0.021845344454050064 23.688093185424805
1753302863649618 22.68047312230734 2.28997802734375 0.0030655786681776233 -0.08052336648106574 1.0897722244262695 62 1 0.516 0.507 0.516 39.7269305 32.4208372 -0.006982981227338314 23.676469802856445
1753302863650633 22.68047312230734 2.28997802734375 0.0030986072753612683 -0.08052336648106574 1.0897722244262695 62 1 0.516 0.507 0.516 39.7269305 32.4208372 -0.006982981227338314 23.676469802856445
1753302863906590 22.90102090921713 2.28997802734375 0.0031954262917260365 -0.07996662184596061 1.089989423751831 62 0.992 0.516 0.508 0.516 39.72698 32.4209611 -0.002256818814203143 23.694826126098633
1753302864163554 22.68319096014861 2.28997802734375 0.0032724595344084534 -0.08285387605428696 1.0902262926101685 62 1 0.516 0.508 0.516 39.72698 32.4209611 -0.023539602756500244 23.721435546875
1753302864418531 22.55557617358251 2.26995849609375 0.00322730811545414 -0.08289640247821808 1.0904728174209595 62 1 0.516 0.508 0.516 39.72698 32.4209611 -0.037196893244981766 23.74346160888672
1753302864674734 23.202548105485867 2.26995849609375 0.002973546164341232 -0.07865200042724609 1.0914816856384277 62 0.974 0.516 0.507 0.516 39.7270292 32.4210843 0.02322564832866192 23.741235733032227
1753302864680833 23.202548105485867 2.26995849609375 0.0027451604083396143 -0.07865200042724609 1.0914816856384277 62 1 0.516 0.507 0.516 39.7270292 32.4210843 0.02322564832866192 23.741235733032227
1753302864931648 22.78951180012521 2.27996826171875 0.0025982014738217428 -0.07587598040699957 1.090768575668335 62 0.987 0.516 0.504 0.516 39.7270781 32.4212067 0.0688486397266388 23.720903396606445
1753302865154372 23.265792640345257 2.28997802734375 0.0025058242777909728 -0.07924630120396614 1.089597225189209 62 1 0.516 0.504 0.516 39.7270781 32.4212067 0.040888771414756775 23.70415496826172
1753302865407516 23.37262241024609 2.27996826171875 0.0025001892797582655 -0.08823123127222061 1.0899196863174438 62 1 0.516 0.504 0.516 39.7270781 32.4212067 -0.12322978675365448 23.695411682128906
1753302865660884 23.2296295211782 2.25 0.0016534973102003314 -0.07221442088484764 1.0910191535949707 62 1 0.515 0.550 0.516 39.727127 32.4213292 0.006707676686346531 23.47071075439453
1753302865662317 23.2296295211782 2.25 0.0008914745375981909 -0.07221442088484764 1.0910191535949707 62 1 0.515 0.550 0.516 39.727127 32.4213292 0.006707676686346531 23.47071075439453
1753302865906790 21.720153158604692 2.3699951171875 -0.00039707166473826945 -0.010112300142645836 1.090564489364624 62 1 0.515 0.550 0.516 39.727127 32.4213292 0.91236811876297 22.483125686645508
1753302866161821 21.04189842305526 2.64996337890625 -0.0016116570757695543 0.010036251693964006 1.0892964601516724 62 0.727 0.517 0.499 0.516 39.727174 32.4214463 1.2664860486984253 21.11196517944336
1753302866417217 19.60437404175847 2.95001220703125 -0.0025094086745561816 -0.012817437574267388 1.0881518125534058 62 0.673 0.517 0.499 0.516 39.727174 32.4214463 0.9019761085510254 19.72057342529297
1753302866672981 19.60437404175847 2.95001220703125 -0.003317385113464146 -0.012817437574267388 1.0881518125534058 62 0.680 0.516 0.535 0.516 39.7272154 32.4215489 0.9019761085510254 19.72057342529297
1753302867149343 17.490385466126796 3.14996337890625 -0.003761082308718278 -0.0590327836573124 1.084757685661316 62 0.668 0.516 0.560 0.516 39.7272519 32.421639 -0.09224257618188858 16.64141082763672
1753302867150447 17.490385466126796 3.14996337890625 -0.004160409784446997 -0.0590327836573124 1.084757685661316 62 0.635 0.516 0.560 0.516 39.7272519 32.421639 -0.09224257618188858 16.64141082763672
1753302867435135 15.996193223634705 3.1099853515625 -0.004480007050079861 -0.061788609623908995 1.0836713314056396 62 0.601 0.517 0.580 0.516 39.727285 32.4217201 -0.19716188311576843 15.793336868286133
1753302867656137 15.627398577065431 3.04998779296875 -0.0047271224645311465 -0.06706663742661477 1.0827186107635498 62 0.520 0.517 0.580 0.516 39.727285 32.4217201 -0.30746564269065857 15.095669746398926
1753302867910970 15.46392689324571 2.9599609375 -0.004850426537546648 -0.07404655143618583 1.0818394422531128 61 0.600 0.517 0.580 0.516 39.727285 32.4217201 -0.4320004880428314 14.436817169189453
1753302868167439 15.086246603333873 2.8399658203125 -0.004889613253849567 -0.07868343368172645 1.0811268091201782 61 0.534 0.517 0.608 0.516 39.7273158 32.4217953 -0.5257453322410583 13.901538848876953
1753302868170535 15.086246603333873 2.8399658203125 -0.004924881298522194 -0.07868343368172645 1.0811268091201782 61 0.526 0.517 0.608 0.516 39.7273158 32.4217953 -0.5257453322410583 13.901538848876953
1753302868422339 14.205561253014192 2.70001220703125 -0.004867132264760172 -0.08109835460782051 1.0803742408752441 61 0.550 0.516 0.630 0.516 39.7273444 32.4218648 -0.5968942642211914 13.382808685302734
1753302868651114 13.843289461445103 2.53997802734375 -0.004740994985263379 -0.08217538297176362 1.0796231031417847 61 0.471 0.516 0.630 0.516 39.7273444 32.4218648 -0.6472333669662476 12.94174861907959
1753302868908443 12.762789772993244 2.3599853515625 -0.004574499272505192 -0.0837368756532669 1.0788047313690186 61 0.466 0.516 0.656 0.516 39.727371 32.4219291 -0.7018275856971741 12.502635955810547
1753302869161849 13.0081072423953 2.17999267578125 -0.004345030126601232 -0.08570761606097221 1.0781161785125732 61 0.464 0.516 0.656 0.516 39.727371 32.4219291 -0.7540244460105896 12.135640144348145
1753302869165912 13.0081072423953 2.17999267578125 -0.004138507895287668 -0.08570761606097221 1.0781161785125732 61 0.444 0.516 0.656 0.516 39.727371 32.4219291 -0.7540244460105896 12.135640144348145
1753302869431067 12.67254683883372 1.969970703125 -0.003890433420438435 -0.0868296481668949 1.0774624347686768 61 0.472 0.517 0.683 0.516 39.7273961 32.4219897 -0.8034561276435852 11.778380393981934
1753302869653160 12.403867308826452 1.76995849609375 -0.0036238929902305005 -0.08567957803606988 1.0769449472427368 61 0.421 0.517 0.683 0.516 39.7273961 32.4219897 -0.8308989405632019 11.481138229370117
1753302869908877 11.478434020604318 1.55999755859375 -0.003330780976572838 -0.08276073932647705 1.0764667987823486 61 0.453 0.516 0.705 0.516 39.7274202 32.4220479 -0.8408985137939453 11.190153121948242
1753302870163215 11.172975354635053 1.3599853515625 -0.0030310265610617015 -0.08027049750089645 1.0761761665344238 61 0.421 0.516 0.705 0.516 39.7274202 32.4220479 -0.8423635959625244 10.952129364013672
1753302870418116 11.252892165617082 1.14996337890625 -0.002725582299705564 -0.07792124897241592 1.075909972190857 61 0.373 0.516 0.705 0.516 39.7274202 32.4220479 -0.8462767004966736 10.715788841247559
1753302870673825 11.014445310331897 0.94000244140625 -0.00239748124284965 -0.07555836215615272 1.075671672821045 61 0.361 0.516 0.730 0.516 39.7274435 32.4221038 -0.8509261012077332 10.51362133026123
1753302870930251 10.502329183482956 0.72998046875 -0.002050451067679425 -0.07185504287481308 1.0753960609436035 61 0.383 0.516 0.827 0.516 39.7274656 32.422157 -0.8533018231391907 10.2999906539917
1753302871151435 10.800383529220651 0.51995849609375 -0.0016994053148567377 -0.06296807378530501 1.075160026550293 61 0.427 0.516 0.827 0.516 39.7274656 32.422157 -0.8390300869941711 10.110267639160156
1753302871408551 9.137278290361243 0.32000732421875 -0.0013409709266765145 -0.023028989508748054 1.0750274658203125 61 0.357 0.516 0.812 0.516 39.7274868 32.4222078 -0.6888224482536316 9.897335052490234
1753302871661439 9.552494013426735 0.19000244140625 -0.000999647925483575 0.03881031125783921 1.0750253200531006 61 0.329 0.516 0.812 0.516 39.7274868 32.4222078 -0.37296348810195923 9.64597225189209
1753302871661605 9.552494013426735 0.19000244140625 -0.0006924572244099294 0.03881031125783921 1.0750253200531006 61 0.311 0.516 0.812 0.516 39.7274868 32.4222078 -0.37296348810195923 9.64597225189209
1753302871909891 8.545897692911476 0.13995361328125 -0.00040491770940078917 0.08981136381626129 1.0750501155853271 61 0.344 0.516 0.812 0.516 39.7274868 32.4222078 -0.04559849947690964 9.29020881652832
1753302872164435 8.606865767315929 0.14996337890625 -0.00013461338530826826 0.09293758273124696 1.0750877857208252 61 0.274 0.516 0.811 0.516 39.7275069 32.4222559 0.021659573540091515 8.948857307434082
1753302872420714 7.853687370203695 0.13995361328125 0.00012292671512053978 0.07368017956614493 1.0751268863677979 61 0.302 0.517 0.918 0.516 39.7275257 32.4223009 -0.12898209691047668 8.627843856811523
1753302872673992 8.033852580380874 0.0999755859375 0.0003621654815791837 0.077145566791296 1.0752161741256714 61 0.297 0.517 0.918 0.516 39.7275257 32.4223009 -0.24576441943645477 8.37562370300293
1753302872930943 8.233710187740837 0.02996826171875 0.000596323355382871 0.09779390841722488 1.0753098726272583 61 0.290 0.516 0.918 0.516 39.7275431 32.4223426 -0.253500372171402 8.108171463012695
1753302873153993 7.455019453304525 -0.030029296875 0.0008198864241804403 0.10991916507482528 1.0753614902496338 61 0.303 0.516 0.918 0.516 39.7275431 32.4223426 -0.2466925084590912 7.8606438636779785
1753302873408792 6.815342339627686 -0.10003662109375 0.0010254287022306672 0.10443803369998932 1.0754246711730957 61 0.206 0.516 0.918 0.516 39.7275431 32.4223426 -0.3084825277328491 7.611842632293701
1753302873665179 6.60627342015325 -0.19000244140625 0.001209891742657496 0.08076913207769393 1.0755060911178589 61 0.235 0.516 0.918 0.517 39.7275593 32.4223816 -0.4466707706451416 7.424654483795166
1753302873917779 7.163026952299365 -0.34002685546875 0.001374757201357967 0.037196192517876626 1.0757170915603638 61 0.234 0.516 0.918 0.517 39.727575 32.4224192 -0.6717367172241211 7.29024076461792
1753302874169737 6.548910801673101 -0.5400390625 0.0015258729918384134 -0.01588054746389389 1.0759731531143188 61 0.203 0.516 0.918 0.517 39.727575 32.4224192 -0.9300379753112793 7.245437145233154
1753302874170750 6.548910801673101 -0.5400390625 0.001661877203270815 -0.01588054746389389 1.0759731531143188 61 0.196 0.516 0.918 0.517 39.727575 32.4224192 -0.9300379753112793 7.245437145233154
1753302874421641 7.716983737117229 -0.82000732421875 0.0017922648727461896 -0.08047582283616066 1.076267123222351 61 0.308 0.516 0.918 0.517 39.7275908 32.4224571 -1.2378461360931396 7.289077281951904
1753302874669912 7.906035256208258 -1.1600341796875 0.0019383294071985962 -0.13914531171321867 1.0765043497085571 61 0.298 0.516 0.918 0.517 39.7275908 32.4224571 -1.525944471359253 7.408446788787842
1753302874672577 7.906035256208258 -1.1600341796875 0.0020697874882057623 -0.13914531171321867 1.0765043497085571 61 0.306 0.516 0.918 0.517 39.7275908 32.4224571 -1.525944471359253 7.408446788787842
1753302874918185 8.119688081077271 -1.54998779296875 0.0021472047815011726 -0.08638931140303611 1.076865792274475 61 0.271 0.516 0.918 0.517 39.7275908 32.4224571 -0.5557520389556885 7.317750453948975
1753302875172081 6.323164463050988 -1.489990234375 0.0021681688220533835 -0.006823955755680799 1.0772690773010254 61 0.270 0.519 0.918 0.518 39.7276062 32.4224944 0.44869938492774963 6.6423258781433105
1753302875427100 5.7759689059167565 -1.46002197265625 0.002190732994264344 0.001354439987335354 1.0778264999389648 61 0.227 0.516 0.918 0.518 39.727619 32.4225251 -0.05608315020799637 5.997640609741211
1753302875649369 5.431401454877925 -1.48004150390625 0.0022113783536875068 0.0024988109013065695 1.077937126159668 61 0.171 0.516 0.918 0.518 39.727619 32.4225251 0.006713827606290579 5.466187000274658
1753302875652421 5.431401454877925 -1.48004150390625 0.002229959177168353 0.0024988109013065695 1.077937126159668 61 0.211 0.516 0.918 0.518 39.727619 32.4225251 0.006713827606290579 5.466187000274658
1753302875907771 4.573208872452962 -1.47003173828125 0.002244131607845852 0.002972086053341627 1.0778568983078003 61 0.136 0.516 0.918 0.519 39.7276295 32.4225505 0.023287637159228325 4.951964378356934
1753302876162807 5.121186552228291 -1.46002197265625 0.0022544388839174177 0.0018576743081212042 1.0777829885482788 61 0.229 0.516 0.918 0.519 39.7276295 32.4225505 0.01077740453183651 4.527684688568115
1753302876416321 3.704507822176305 -1.45001220703125 0.002263713430038291 0.0016928924014791846 1.0777719020843506 61 0.125 0.515 0.918 0.520 39.7276384 32.4225719 0.012308118864893913 4.119313716888428
1753302876669678 3.83323676198267 -1.44000244140625 0.0022728990611101964 0.001631140848621726 1.0777870416641235 61 0.167 0.515 0.918 0.520 39.7276384 32.4225719 0.011581932194530964 3.7802867889404297
1753302876670687 3.83323676198267 -1.44000244140625 0.002281166129074911 0.001631140848621726 1.0777870416641235 61 0.117 0.515 0.918 0.520 39.7276384 32.4225719 0.011581932194530964 3.7802867889404297
1753302876925675 2.843019641413303 -1.42999267578125 0.002289742307972092 0.0016113786958158016 1.0777961015701294 61 0.064 0.514 0.918 0.522 39.7276458 32.4225897 0.002031757263466716 3.4482014179229736
1753302877149057 3.0127107526985855 -1.42999267578125 0.0022973412871609734 0.0016445131506770847 1.0777837038040161 61 0.082 0.514 0.918 0.522 39.7276458 32.4225897 -0.002779445145279169 3.1682448387145996
1753302877150579 3.0127107526985855 -1.42999267578125 0.002304180368430967 0.0016445131506770847 1.0777837038040161 61 0.146 0.514 0.918 0.522 39.7276458 32.4225897 -0.002779445145279169 3.1682448387145996
1753302877150664 3.0127107526985855 -1.42999267578125 0.002310335541573961 0.0016445131506770847 1.0777837038040161 61 0.116 0.514 0.918 0.522 39.7276458 32.4225897 -0.002779445145279169 3.1682448387145996
1753302877436497 2.337692793727726 -1.4200439453125 0.0023149725595633386 0.0016882017953321338 1.077761173248291 61 0.088 0.513 0.918 0.525 39.727652 32.4226046 -0.0003792274510487914 2.8924970626831055
1753302877646670 2.7898308663863376 -1.4200439453125 0.002318429711976963 0.0016890942817553878 1.0777533054351807 61 0.135 0.513 0.918 0.525 39.727652 32.4226046 -0.0002553177182562649 2.661247730255127
1753302877934502 2.252100582776891 -1.4200439453125 0.0023208555327528576 0.0016516722738742827 1.0777528285980225 61 0.130 0.512 0.918 0.529 39.7276573 32.4226173 -0.0011374970199540257 2.4343035221099854
1753302878157478 1.9039221443684664 -1.4200439453125 0.0023228308769694442 0.0015774588333442808 1.0777652263641357 61 0.070 0.512 0.918 0.529 39.7276573 32.4226173 -0.0012677123304456472 2.2441978454589844
1753302878158491 1.9039221443684664 -1.4200439453125 0.002324608686764372 0.0015774588333442808 1.0777652263641357 61 0.034 0.512 0.918 0.529 39.7276573 32.4226173 -0.0012677123304456472 2.2441978454589844
1753302878411389 1.1069899836801533 -1.4200439453125 0.002327662905930876 0.0014391415286809206 1.0777944326400757 61 0.004 0.512 0.918 0.529 39.7276573 32.4226173 -0.0006214645109139383 2.05859112739563
1753302878665901 1.3222505520503567 -1.4100341796875 0.0023312586013639566 0.0013074562652036549 1.0778257846832275 61 0.034 0.511 0.918 0.534 39.7276618 32.4226281 1.1093620742030907e-05 1.902944803237915
1753302878920464 1.7360540645400526 -1.4100341796875 0.0023360450766606268 0.0012064670911058784 1.0778484344482422 61 0.077 0.511 0.918 0.541 39.7276656 32.4226373 0.0007354479166679084 1.7484333515167236
1753302879172150 1.3413737065865186 -1.4100341796875 0.002340380099046809 0.0011677862145006656 1.0778577327728271 61 0.040 0.511 0.918 0.541 39.7276656 32.4226373 0.0007147528813220561 1.6163817644119263
1753302879427351 1.2020078262547194 -1.4000244140625 0.002344299849833771 0.0011147670447826385 1.0778597593307495 61 0 0.510 0.892 0.550 39.7276688 32.4226451 0.001620238646864891 1.4851422309875488
1753302879650339 1.0240918146456615 -1.4000244140625 0.0023477798486939584 0.001054326514713466 1.0778701305389404 61 0.045 0.510 0.892 0.550 39.7276688 32.4226451 0.0025007366202771664 1.3743079900741577
1753302879937417 1.7069143498040251 -1.4000244140625 0.002350899251530306 0.0009877067059278486 1.0778706073760986 61 0.102 0.510 0.784 0.563 39.7276716 32.4226517 0.0021093867253512144 1.2644742727279663
1753302880161993 0.5094636704454508 -1.3900146484375 0.0023532085729209215 0.0009018648648634552 1.0778719186782837 61 0.025 0.510 0.784 0.563 39.7276716 32.4226517 0.002469303784891963 1.1718147993087769
1753302880418330 0.13399180043014725 -1.3900146484375 0.0023551346210823327 0.0008078574086539446 1.0778716802597046 61 0.011 0.510 0.655 0.579 39.7276739 32.4226575 0.003098944900557399 1.079838752746582
1753302880660610 0.4648878012259826 -1.3900146484375 0.0023566123698147423 0.0007323300931602716 1.0778677463531494 61 0 0.510 0.655 0.579 39.7276739 32.4226575 0.0023569867480546236 1.0022672414779663
1753302880661621 0.4648878012259826 -1.3900146484375 0.0023579423436739105 0.0007323300931602716 1.0778677463531494 61 0 0.510 0.655 0.579 39.7276739 32.4226575 0.0023569867480546236 1.0022672414779663
1753302880662737 0.4648878012259826 -1.3900146484375 0.002359139320147162 0.0007323300931602716 1.0778677463531494 61 0 0.510 0.655 0.579 39.7276739 32.4226575 0.0023569867480546236 1.0022672414779663
1753302880925307 1.1379697330176413 -1.3900146484375 0.0023600885421190786 0.0006479891890194267 1.077863097190857 61 0 0.509 0.582 0.523 39.727676 32.4226624 0.002943815430626273 0.9254804849624634
1753302881181944 0.8074203180844509 -1.3900146484375 0.0023611502008650423 0.000592929613776505 1.0778563022613525 61 0.021 0.509 0.582 0.523 39.727676 32.4226624 0.002475988818332553 0.859571635723114
1753302881439457 1.1156169385083539 -1.3900146484375 0.0023615544439044944 0.0005707934324163944 1.07783842086792 61 0.073 0.509 0.582 0.523 39.7276777 32.4226666 0.0027481571305543184 0.7931066155433655
1753302881663165 0.3314186938178152 -1.3900146484375 0.002361238327311339 0.0005528179230168462 1.077816128730774 61 0 0.509 0.582 0.523 39.7276777 32.4226666 0.002945950487628579 0.7363380789756775
1753302881663674 0.3314186938178152 -1.3900146484375 0.0023609538223774984 0.0005528179230168462 1.077816128730774 61 0 0.509 0.582 0.523 39.7276777 32.4226666 0.002945950487628579 0.7363380789756775
1753302881919202 0.911496282208993 -1.3900146484375 0.002359095101484515 0.0005483650253154338 1.0777852535247803 61 0.034 0.509 0.582 0.523 39.7276777 32.4226666 0.0026864176616072655 0.6794285774230957
1753302882175972 0.582953824051976 -1.3800048828125 0.002356354002404682 0.0005339243798516691 1.0777567625045776 61 0.031 0.509 0.582 0.523 39.7276792 32.4226701 0.0024952369276434183 0.6312344670295715
1753302882433377 0 -1.3800048828125 0.0023531609075875333 0.0005116315325722098 1.0777369737625122 61 0.002 0.509 0.582 0.524 39.7276805 32.4226732 0.0032995822839438915 0.5831255316734314
1753302882657697 0 -1.3699951171875 0.0023489757735009123 0.0004915806581266225 1.0777090787887573 61 0.028 0.509 0.582 0.524 39.7276805 32.4226732 0.003975376021116972 0.5424479246139526
1753302882914749 0.660734521949661 -1.3699951171875 0.0023443863991774736 0.00046834932290948925 1.0776888132095337 61 0.045 0.508 0.583 0.523 39.7276816 32.4226759 0.00460056122392416 0.5021218061447144
1753302883171088 0 -1.36004638671875 0.002340649678904797 0.00047181337140500546 1.077664852142334 61 0 0.508 0.583 0.523 39.7276816 32.4226759 0.005123687908053398 0.46703946590423584
1753302883426205 0.5965311533652741 -1.36004638671875 0.0023364060418820257 0.00048776008770801127 1.0776339769363403 61 0.064 0.509 0.582 0.526 39.7276825 32.4226781 0.004786553792655468 0.4316311478614807
1753302883676414 0.704514358436841 -1.3699951171875 0.00233181120968752 0.0005100007401779294 1.0776017904281616 61 0.037 0.509 0.582 0.526 39.7276825 32.4226781 0.004053311422467232 0.40122494101524353
1753302883678682 0.704514358436841 -1.3699951171875 0.002327675860712465 0.0005100007401779294 1.0776017904281616 61 0 0.509 0.582 0.526 39.7276825 32.4226781 0.004053311422467232 0.40122494101524353
1753302883933624 0.44654068775224853 -1.36004638671875 0.0023245511641036298 0.0005285387393087149 1.0775704383850098 61 0.065 0.508 0.582 0.525 39.7276833 32.4226801 0.004592166282236576 0.37065646052360535
1753302884157676 0.6596720598084362 -1.36004638671875 0.0023218894388837364 0.0005506233370397239 1.07754647731781 61 0.064 0.508 0.582 0.525 39.7276833 32.4226801 0.0043911985121667385 0.34453532099723816
1753302884160296 0.6596720598084362 -1.36004638671875 0.002319493886185832 0.0005506233370397239 1.07754647731781 61 0.025 0.508 0.582 0.525 39.7276833 32.4226801 0.0043911985121667385 0.34453532099723816
1753302884413823 0.732786203606048 -1.36004638671875 0.0023173249200908667 0.0005745517846662551 1.0775142908096313 61 0.004 0.508 0.582 0.525 39.7276833 32.4226801 0.004330921918153763 0.3182021975517273
1753302884671597 0.7308591287882754 -1.36004638671875 0.0023145389909382157 0.0005914591136388479 1.0774914026260376 61 0 0.508 0.582 0.526 39.727684 32.4226817 0.0031508763786405325 0.2958405315876007
1753302884926983 0.2782218027642773 -1.3699951171875 0.0023126693545507332 0.0006184031662996858 1.0774765014648438 61 0.036 0.508 0.582 0.526 39.727684 32.4226817 0.0025666956789791584 0.27321138978004456
1753302885183380 0.9457046837823478 -1.3699951171875 0.0023103984118977433 0.0006529948383104056 1.0774461030960083 61 0.080 0.508 0.582 0.531 39.7276846 32.4226832 0.0018544475315138698 0.25372427701950073
1753302885441695 0.5752758031496318 -1.3699951171875 0.002308604879735045 0.0006856940104626118 1.0774190425872803 61 0.020 0.509 0.582 0.536 39.7276851 32.4226844 0.0011466983705759048 0.2340693324804306
1753302885666599 0.7187680922269958 -1.3699951171875 0.0023070156369505517 0.0007043096702545881 1.0773992538452148 61 0.015 0.509 0.582 0.536 39.7276851 32.4226844 0.001426525879651308 0.21716950833797455
1753302885924188 0.11027901470603618 -1.3699951171875 0.0023068775517998508 0.0007469166070222854 1.077376127243042 61 0.007 0.508 0.581 0.531 39.7276856 32.4226854 0.001682658912613988 0.20003417134284973
1753302886180516 0.16640778190058625 -1.3699951171875 0.0023056589245729186 0.0007797343074344098 1.0773499011993408 61 0.052 0.508 0.581 0.531 39.7276856 32.4226854 0.0008756835595704615 0.18548016250133514
1753302886433910 0.10424307583157277 -1.3800048828125 0.0023041573607116227 0.000808537204284221 1.0773308277130127 61 0.018 0.508 0.582 0.537 39.7276859 32.4226863 0.00021543911134358495 0.17100247740745544
1753302886644299 0.8393123348441542 -1.3800048828125 0.002301898356104429 0.000833663810044527 1.077311635017395 61 0.068 0.508 0.582 0.537 39.7276859 32.4226863 -0.0006157733732834458 0.15843850374221802
1753302886933090 0.4752958863107162 -1.3800048828125 0.00229945379364449 0.0008711893111467362 1.0772947072982788 61 0 0.508 0.581 0.534 39.7276863 32.4226871 3.6506833566818386e-05 0.14585714042186737
1753302887156631 0.6109070202459264 -1.3800048828125 0.0022973823030780992 0.0009127626195549965 1.0772768259048462 61 0 0.508 0.581 0.534 39.7276863 32.4226871 8.905798313207924e-05 0.13491201400756836
1753302887445618 0.36444886460147785 -1.3699951171875 0.002295674051231853 0.0009534425451420247 1.0772541761398315 61 0 0.508 0.581 0.543 39.7276865 32.4226877 0.00013463245704770088 0.12370166927576065
1753302887671073 0.49228849680701736 -1.3699951171875 0.0022942411422461674 0.000991042691748589 1.0772346258163452 61 0 0.508 0.581 0.543 39.7276865 32.4226877 0.0006915746489539742 0.1140911653637886
1753302887929106 0.908401025895821 -1.3800048828125 0.002293707734806574 0.001021225145086646 1.077218770980835 61 0.058 0.512 0.581 0.667 39.7276867 32.4226883 -0.000254513812251389 0.10469615459442139
1753302888154251 0.6213876701264869 -1.3800048828125 0.002293896055039677 0.0010401158360764384 1.077209711074829 61 0 0.512 0.581 0.667 39.7276867 32.4226883 -2.3799933842383325e-05 0.09677863866090775
1753302888443701 0.3519576731309022 -1.3800048828125 0.0022940790939929303 0.0010637876694090664 1.0772022008895874 61 0 0.512 0.581 0.667 39.7276869 32.4226888 -0.001228937180712819 0.08878953009843826
1753302888668282 0.895783047418043 -1.3900146484375 0.0022944710484760003 0.0010857672663405536 1.0772006511688232 61 0.039 0.512 0.581 0.667 39.7276869 32.4226888 -0.0014969935873523355 0.08211621642112732
1753302888670496 0.895783047418043 -1.3900146484375 0.002294823807510763 0.0010857672663405536 1.0772006511688232 61 0.046 0.512 0.581 0.667 39.7276869 32.4226888 -0.0014969935873523355 0.08211621642112732
1753302888925221 0.8776218036514399 -1.3900146484375 0.0022943952314105898 0.0010981684434227645 1.0771899223327637 61 0.023 0.512 0.581 0.667 39.7276869 32.4226888 -0.00332200457341969 0.07549572736024857
1753302889183457 0.45086270209660506 -1.3900146484375 0.002292530363124365 0.0010978658683598042 1.0771814584732056 61 0 0.512 0.581 0.666 39.7276871 32.4226892 -0.002312290482223034 0.06982705742120743
1753302889441825 0.23541795139102428 -1.3900146484375 0.0022908925174818227 0.0011123107513412833 1.0771750211715698 61 0 0.512 0.581 0.787 39.7276873 32.4226896 -0.0020515075884759426 0.06423778086900711
1753302889660691 0.48646426431554624 -1.3900146484375 0.002289941882973533 0.0011314029688946903 1.077170491218567 61 0.033 0.512 0.581 0.787 39.7276873 32.4226896 -0.002123368438333273 0.059389710426330566
1753302889923507 0.2503144940545249 -1.3800048828125 0.002289022772433419 0.0011617156444117427 1.077161431312561 61 0.058 0.512 0.581 0.668 39.7276874 32.4226899 -0.0005422109388746321 0.054245725274086
1753302890180553 0.5570220570491775 -1.3800048828125 0.0022880737326714923 0.001177962857764214 1.0771492719650269 61 0.008 0.512 0.581 0.668 39.7276874 32.4226899 0.0008152329828590155 0.049938078969717026
1753302890182114 0.5570220570491775 -1.3800048828125 0.0022872195968857583 0.001177962857764214 1.0771492719650269 61 0 0.512 0.581 0.668 39.7276874 32.4226899 0.0008152329828590155 0.049938078969717026
1753302890438012 0.7335438190320044 -1.3699951171875 0.002286320605933473 0.0011988932616077363 1.077142596244812 61 0.064 0.513 0.581 0.671 39.7276875 32.4226902 0.0009913175599649549 0.0455348864197731
1753302890661919 0.914120329605837 -1.36004638671875 0.0022844746726540977 0.0012152576586231588 1.0771372318267822 61 0.006 0.513 0.581 0.671 39.7276875 32.4226902 0.001768999733030796 0.04171472042798996
1753302890918902 0.8570398543821907 -1.36004638671875 0.0022824087661762462 0.0012303084251470862 1.0771377086639404 61 0.004 0.513 0.580 0.674 39.7276876 32.4226904 0.0014060911489650607 0.037859562784433365
1753302891175012 0.4220275621273549 -1.3699951171875 0.0022793127238162837 0.0012426986009813844 1.0771325826644897 61 0.060 0.513 0.580 0.674 39.7276876 32.4226904 0.0016352174570783973 0.034580375999212265
1753302891432772 0.2696018034973676 -1.3699951171875 0.0022769995139755445 0.001249112735968083 1.0771291255950928 61 0 0.513 0.580 0.676 39.7276877 32.4226906 0.0011631178203970194 0.031532756984233856
1753302891656944 1.1329540845813737 -1.3699951171875 0.0022748525256709134 0.0012595695443451402 1.0771270990371704 61 0.054 0.513 0.580 0.676 39.7276877 32.4226906 0.0008459511445835233 0.029145849868655205
1753302891915144 0.2755634915171541 -1.3699951171875 0.0022728339957263357 0.0012614419567398727 1.0771281719207764 61 0.035 0.514 0.580 0.686 39.7276878 32.4226907 -0.0016306079924106598 0.02694610506296158
1753302892171248 0.18717841646896327 -1.3699951171875 0.0022704915173336524 0.001271213754080236 1.0771270990371704 61 0.040 0.514 0.580 0.686 39.7276878 32.4226907 0.0002926212328020483 0.025006137788295746
